tournament,toCd,date,division,event,format,round,playerA,playerAId,teamA,playerB,playerBId,teamB,gamesA,gamesB,winner
제14회 대한체육회장배 전국 스쿼시 선수권 대회 / 대한체육회 공인대회,201802,2018-04-26,GU11 P,개인전,토너먼트,준결승경기１,나주영,201602006877,,이종혁,201803007682,,3,0,A
제14회 대한체육회장배 전국 스쿼시 선수권 대회 / 대한체육회 공인대회,201802,2018-04-26,GU11 P,개인전,토너먼트,준결승경기２,유정욱,201603018160,,오서진,201605004663,,0,3,B
제14회 대한체육회장배 전국 스쿼시 선수권 대회 / 대한체육회 공인대회,201802,2018-04-26,GU11 P,개인전,토너먼트,결승,나주영,201602006877,,오서진,201605004663,,0,3,B
제14회 대한체육회장배 전국 스쿼시 선수권 대회 / 대한체육회 공인대회,201802,2018-04-26,남자 12세이하부,개인전,토너먼트,예선경기４,이지석,201703004879,,한종수,201503002226,,1,3,B
제14회 대한체육회장배 전국 스쿼시 선수권 대회 / 대한체육회 공인대회,201802,2018-04-26,남자 12세이하부,개인전,토너먼트,예선경기６,박준하,201302011134,,김지환,201303020397,,0,3,B
제14회 대한체육회장배 전국 스쿼시 선수권 대회 / 대한체육회 공인대회,201802,2018-04-26,남자 12세이하부,개인전,토너먼트,예선경기１２,박승민,201702006829,,이시훈,201603006399,,3,0,A
제14회 대한체육회장배 전국 스쿼시 선수권 대회 / 대한체육회 공인대회,201802,2018-04-26,남자 12세이하부,개인전,토너먼트,예선경기１４,최현우,201703014575,,권숙빈,201802004973,,3,0,A
제14회 대한체육회장배 전국 스쿼시 선수권 대회 / 대한체육회 공인대회,201802,2018-04-26,남자 12세이하부,개인전,토너먼트,예선경기１５,김승현,201403012359,,우정,201602011179,,3,1,A
제14회 대한체육회장배 전국 스쿼시 선수권 대회 / 대한체육회 공인대회,201802,2018-04-26,남자 12세이하부,개인전,토너먼트,준준준결승경기１,탁효진,201104003468,,이민우,201407000924,,2,3,B
제14회 대한체육회장배 전국 스쿼시 선수권 대회 / 대한체육회 공인대회,201802,2018-04-26,남자 12세이하부,개인전,토너먼트,준준준결승경기２,강우석,201302005902,,한종수,201503002226,,3,0,A
제14회 대한체육회장배 전국 스쿼시 선수권 대회 / 대한체육회 공인대회,201802,2018-04-26,남자 12세이하부,개인전,토너먼트,준준준결승경기３,심규영,201504001319,,김지환,201303020397,,2,3,B
제14회 대한체육회장배 전국 스쿼시 선수권 대회 / 대한체육회 공인대회,201802,2018-04-26,남자 12세이하부,개인전,토너먼트,준준준결승경기４,유정민,201505003438,,유민석,201708001690,,3,0,A
제14회 대한체육회장배 전국 스쿼시 선수권 대회 / 대한체육회 공인대회,201802,2018-04-26,남자 12세이하부,개인전,토너먼트,준준준결승경기５,김정연,201702006885,,박태하,201602011173,,1,3,B
제14회 대한체육회장배 전국 스쿼시 선수권 대회 / 대한체육회 공인대회,201802,2018-04-26,남자 12세이하부,개인전,토너먼트,준준준결승경기６,NAM ZACHARIAS HONG SHIK,201804002451,,박승민,201702006829,,2,3,B
제14회 대한체육회장배 전국 스쿼시 선수권 대회 / 대한체육회 공인대회,201802,2018-04-26,남자 12세이하부,개인전,토너먼트,준준준결승경기７,김석진,201203009405,,최현우,201703014575,,3,0,A
제14회 대한체육회장배 전국 스쿼시 선수권 대회 / 대한체육회 공인대회,201802,2018-04-26,남자 12세이하부,개인전,토너먼트,준준준결승경기８,김승현,201403012359,,박시형,201702007823,,3,0,A
제14회 대한체육회장배 전국 스쿼시 선수권 대회 / 대한체육회 공인대회,201802,2018-04-26,남자 12세이하부,단체전,리그전,1R / A조,와룡고등학교,,,인천 대건고등학교,,,2,1,A
제14회 대한체육회장배 전국 스쿼시 선수권 대회 / 대한체육회 공인대회,201802,2018-04-26,여자 15세이하부,개인전,토너먼트,예선경기２,유한서,201704001245,,이상훈,200809000849,,0,0,B
제14회 대한체육회장배 전국 스쿼시 선수권 대회 / 대한체육회 공인대회,201802,2018-04-26,여자 15세이하부,개인전,토너먼트,예선경기４,강현범,201302006321,,김진성,201402005833,,3,0,A
제14회 대한체육회장배 전국 스쿼시 선수권 대회 / 대한체육회 공인대회,201802,2018-04-26,여자 15세이하부,개인전,토너먼트,예선경기７,길재호,201104010290,,이승렬,201402005516,,3,0,A
제14회 대한체육회장배 전국 스쿼시 선수권 대회 / 대한체육회 공인대회,201802,2018-04-26,여자 15세이하부,개인전,토너먼트,예선경기９,조영훈,200905003169,,김태현,201302005947,,3,0,A
제14회 대한체육회장배 전국 스쿼시 선수권 대회 / 대한체육회 공인대회,201802,2018-04-26,여자 15세이하부,개인전,토너먼트,예선경기１０,신헌수,201308001590,,김성집,200707000159,,0,3,B
제14회 대한체육회장배 전국 스쿼시 선수권 대회 / 대한체육회 공인대회,201802,2018-04-26,여자 15세이하부,개인전,토너먼트,예선경기１３,원준호,201104000840,,임재현,201402001427,,2,3,B
제14회 대한체육회장배 전국 스쿼시 선수권 대회 / 대한체육회 공인대회,201802,2018-04-26,여자 15세이하부,개인전,토너먼트,예선경기１５,문석호,201402009240,,구성진,201302009824,,2,3,B
제14회 대한체육회장배 전국 스쿼시 선수권 대회 / 대한체육회 공인대회,201802,2018-04-26,여자 15세이하부,개인전,토너먼트,준준준결승경기１,박성찬,201006002472,,이상훈,200809000849,,3,0,A
제14회 대한체육회장배 전국 스쿼시 선수권 대회 / 대한체육회 공인대회,201802,2018-04-26,여자 15세이하부,개인전,토너먼트,준준준결승경기２,한승호,201402009248,,강현범,201302006321,,0,3,B
제14회 대한체육회장배 전국 스쿼시 선수권 대회 / 대한체육회 공인대회,201802,2018-04-26,여자 15세이하부,개인전,토너먼트,준준준결승경기３,이태규,201003009114,,김정원,201302011502,,0,3,B
제14회 대한체육회장배 전국 스쿼시 선수권 대회 / 대한체육회 공인대회,201802,2018-04-26,여자 15세이하부,개인전,토너먼트,준준준결승경기４,길재호,201104010290,,유덕재,201104000837,,0,3,B
제14회 대한체육회장배 전국 스쿼시 선수권 대회 / 대한체육회 공인대회,201802,2018-04-26,여자 15세이하부,개인전,토너먼트,준준준결승경기５,조영훈,200905003169,,김성집,200707000159,,3,1,A
제14회 대한체육회장배 전국 스쿼시 선수권 대회 / 대한체육회 공인대회,201802,2018-04-26,여자 15세이하부,개인전,토너먼트,준준준결승경기６,탁형진,201012000985,,이시형,201402004962,,3,1,A
제14회 대한체육회장배 전국 스쿼시 선수권 대회 / 대한체육회 공인대회,201802,2018-04-26,여자 15세이하부,개인전,토너먼트,준준준결승경기７,임재현,201402001427,,신종완,200905002727,,3,0,A
제14회 대한체육회장배 전국 스쿼시 선수권 대회 / 대한체육회 공인대회,201802,2018-04-26,여자 15세이하부,개인전,토너먼트,준준준결승경기８,구성진,201302009824,,유성연,201203030365,,1,3,B
제14회 대한체육회장배 전국 스쿼시 선수권 대회 / 대한체육회 공인대회,201802,2018-04-26,여자 15세이하부,단체전,토너먼트,예선경기２,삼육대학교,,,중앙대학교 제2캠퍼스(안성)A,,,0,2,B
제14회 대한체육회장배 전국 스쿼시 선수권 대회 / 대한체육회 공인대회,201802,2018-04-26,여자 15세이하부,단체전,토너먼트,예선경기３,중앙대학교 제2캠퍼스(안성)B,,,동원과학기술대학교B,,,2,0,A
제14회 대한체육회장배 전국 스쿼시 선수권 대회 / 대한체육회 공인대회,201802,2018-04-26,남자 15세이하부,개인전,토너먼트,예선경기３,김명규,981627000004,,정대훈,200504009468,,0,3,B
제14회 대한체육회장배 전국 스쿼시 선수권 대회 / 대한체육회 공인대회,201802,2018-04-26,남자 15세이하부,개인전,토너먼트,예선경기４,한성수,200312017223,,황중원,200312034030,,0,3,B
제14회 대한체육회장배 전국 스쿼시 선수권 대회 / 대한체육회 공인대회,201802,2018-04-26,남자 15세이하부,개인전,토너먼트,예선경기１１,유승용,200907002704,,유재진,200504008874,,3,0,A
제14회 대한체육회장배 전국 스쿼시 선수권 대회 / 대한체육회 공인대회,201802,2018-04-26,남자 15세이하부,개인전,토너먼트,예선경기１２,박성진,981627000148,,유용민,200312009768,,0,3,B
제14회 대한체육회장배 전국 스쿼시 선수권 대회 / 대한체육회 공인대회,201802,2018-04-26,남자 15세이하부,개인전,토너먼트,예선경기１９,박한솔,200705000520,,김현동,200312010625,,1,3,B
제14회 대한체육회장배 전국 스쿼시 선수권 대회 / 대한체육회 공인대회,201802,2018-04-26,남자 15세이하부,개인전,토너먼트,예선경기２０,이동민,201302010757,,유승한,200312005692,,1,3,B
제14회 대한체육회장배 전국 스쿼시 선수권 대회 / 대한체육회 공인대회,201802,2018-04-26,남자 15세이하부,개인전,토너먼트,예선경기 27,황중찬,200706002344,,이인우,201005000191,,1,3,B
제14회 대한체육회장배 전국 스쿼시 선수권 대회 / 대한체육회 공인대회,201802,2018-04-26,남자 15세이하부,개인전,토너먼트,예선경기 28,김동우,201503028559,,허재선,200605004796,,3,0,A
제14회 대한체육회장배 전국 스쿼시 선수권 대회 / 대한체육회 공인대회,201802,2018-04-26,남자 15세이하부,개인전,토너먼트,준준준준결승 1,이세현,200504008934,,DUFFYCARLJOSEPH,201801002231,,3,0,A
제14회 대한체육회장배 전국 스쿼시 선수권 대회 / 대한체육회 공인대회,201802,2018-04-26,남자 15세이하부,개인전,토너먼트,준준준준결승 2,정대훈,200504009468,,황중원,200312034030,,0,3,B
제14회 대한체육회장배 전국 스쿼시 선수권 대회 / 대한체육회 공인대회,201802,2018-04-26,남자 15세이하부,개인전,토너먼트,준준준준결승 3,한승철,201501001406,,이승준,201501002083,,0,3,B
제14회 대한체육회장배 전국 스쿼시 선수권 대회 / 대한체육회 공인대회,201802,2018-04-26,남자 15세이하부,개인전,토너먼트,준준준준결승 4,김동오,981527000107,,김성영,200402011049,,0,3,B
제14회 대한체육회장배 전국 스쿼시 선수권 대회 / 대한체육회 공인대회,201802,2018-04-26,남자 15세이하부,개인전,토너먼트,준준준준결승 5,정욱진,200903027602,,오민재,200805001140,,0,3,B
제14회 대한체육회장배 전국 스쿼시 선수권 대회 / 대한체육회 공인대회,201802,2018-04-26,남자 15세이하부,개인전,토너먼트,준준준준결승 6,유승용,200907002704,,유용민,200312009768,,3,0,A
제14회 대한체육회장배 전국 스쿼시 선수권 대회 / 대한체육회 공인대회,201802,2018-04-26,남자 15세이하부,개인전,토너먼트,준준준준결승 7,최규희,200409010818,,이건동,200312007919,,0,3,B
제14회 대한체육회장배 전국 스쿼시 선수권 대회 / 대한체육회 공인대회,201802,2018-04-26,남자 15세이하부,개인전,토너먼트,준준준준결승 8,우창욱,200505000725,,진승우,200312004753,,3,1,A
제14회 대한체육회장배 전국 스쿼시 선수권 대회 / 대한체육회 공인대회,201802,2018-04-26,남자 15세이하부,개인전,토너먼트,준준준준결승 9,박종명,200803023360,,신동현,201203021313,,3,0,A
제14회 대한체육회장배 전국 스쿼시 선수권 대회 / 대한체육회 공인대회,201802,2018-04-26,남자 15세이하부,개인전,토너먼트,준준준준결승 10,김현동,200312010625,,유승한,200312005692,,2,3,B
제14회 대한체육회장배 전국 스쿼시 선수권 대회 / 대한체육회 공인대회,201802,2018-04-26,남자 15세이하부,개인전,토너먼트,준준준준결승 11,백승엽,200312034382,,이년호,200312006064,,0,3,B
제14회 대한체육회장배 전국 스쿼시 선수권 대회 / 대한체육회 공인대회,201802,2018-04-26,남자 15세이하부,개인전,토너먼트,준준준준결승 12,임지훈,200408000585,,이동준,201302010744,,0,3,B
제14회 대한체육회장배 전국 스쿼시 선수권 대회 / 대한체육회 공인대회,201802,2018-04-26,남자 15세이하부,개인전,토너먼트,준준준준결승 13,최상철,200312007530,,고영조,200506001863,,0,3,B
제14회 대한체육회장배 전국 스쿼시 선수권 대회 / 대한체육회 공인대회,201802,2018-04-26,남자 15세이하부,개인전,토너먼트,준준준준결승 14,이인우,201005000191,,김동우,201503028559,,0,3,B
제14회 대한체육회장배 전국 스쿼시 선수권 대회 / 대한체육회 공인대회,201802,2018-04-26,남자 15세이하부,개인전,토너먼트,준준준준결승 15,김광원,200312033621,,김광문,981527000140,,3,0,A
제14회 대한체육회장배 전국 스쿼시 선수권 대회 / 대한체육회 공인대회,201802,2018-04-26,남자 15세이하부,개인전,토너먼트,준준준준결승 16,최명진,200409006909,,이승택,200505000724,,0,3,B
제14회 대한체육회장배 전국 스쿼시 선수권 대회 / 대한체육회 공인대회,201802,2018-04-26,여자 18세이하부,개인전,토너먼트,예선경기２,류보람,201503023001,,장예원,201601000670,,3,0,A
제14회 대한체육회장배 전국 스쿼시 선수권 대회 / 대한체육회 공인대회,201802,2018-04-26,여자 18세이하부,개인전,토너먼트,예선경기３,서효린,201605000828,,금혜원,201802005000,,3,0,A
제14회 대한체육회장배 전국 스쿼시 선수권 대회 / 대한체육회 공인대회,201802,2018-04-26,여자 18세이하부,개인전,토너먼트,예선경기４,곽다연,201302006626,,신유진,201602007698,,3,1,A
제14회 대한체육회장배 전국 스쿼시 선수권 대회 / 대한체육회 공인대회,201802,2018-04-26,여자 18세이하부,개인전,토너먼트,예선경기５,박주아,201503000329,,문빈,201604002747,,3,0,A
제14회 대한체육회장배 전국 스쿼시 선수권 대회 / 대한체육회 공인대회,201802,2018-04-26,여자 18세이하부,개인전,토너먼트,예선경기６,송채원,200903026922,,서하민,201703008633,,3,0,A
제14회 대한체육회장배 전국 스쿼시 선수권 대회 / 대한체육회 공인대회,201802,2018-04-26,여자 18세이하부,개인전,토너먼트,예선경기７,이수빈,201601000982,,조강빈,201606003147,,2,3,B
제14회 대한체육회장배 전국 스쿼시 선수권 대회 / 대한체육회 공인대회,201802,2018-04-26,여자 18세이하부,개인전,토너먼트,예선경기８,이승연,201405001347,,신지혜,201503027806,,3,0,A
제14회 대한체육회장배 전국 스쿼시 선수권 대회 / 대한체육회 공인대회,201802,2018-04-26,여자 18세이하부,단체전,토너먼트,예선경기２,와룡고등학교,,,언양고등학교,,,0,2,B
제14회 대한체육회장배 전국 스쿼시 선수권 대회 / 대한체육회 공인대회,201802,2018-04-26,남자 18세이하부,개인전,토너먼트,예선경기７,송동주,201205000983,,이가희,201602000993,,3,0,A
제14회 대한체육회장배 전국 스쿼시 선수권 대회 / 대한체육회 공인대회,201802,2018-04-26,남자 18세이하부,개인전,토너먼트,준준결승경기１,허민경,201103015212,,김민희,201402004905,,3,1,A
제14회 대한체육회장배 전국 스쿼시 선수권 대회 / 대한체육회 공인대회,201802,2018-04-26,남자 18세이하부,개인전,토너먼트,준준결승경기２,오승희,201209002253,,문혜연,201203009845,,3,1,A
제14회 대한체육회장배 전국 스쿼시 선수권 대회 / 대한체육회 공인대회,201802,2018-04-26,남자 18세이하부,개인전,토너먼트,준준결승경기３,김민영,201306001318,,김하은,201302005893,,3,1,A
제14회 대한체육회장배 전국 스쿼시 선수권 대회 / 대한체육회 공인대회,201802,2018-04-26,남자 18세이하부,개인전,토너먼트,준준결승경기４,송동주,201205000983,,장유진,201012000986,,3,0,A
제14회 대한체육회장배 전국 스쿼시 선수권 대회 / 대한체육회 공인대회,201802,2018-04-26,여자 대학부,개인전,토너먼트,예선경기２,안예진,200906002374,,김재민,981627000058,,0,0,B
제14회 대한체육회장배 전국 스쿼시 선수권 대회 / 대한체육회 공인대회,201802,2018-04-26,여자 대학부,개인전,토너먼트,예선경기４,유지영,201405002923,,배찬미,200506004011,,0,3,B
제14회 대한체육회장배 전국 스쿼시 선수권 대회 / 대한체육회 공인대회,201802,2018-04-26,여자 대학부,개인전,토너먼트,예선경기７,박진주,200505000920,,최유라,200703026440,,0,3,B
제14회 대한체육회장배 전국 스쿼시 선수권 대회 / 대한체육회 공인대회,201802,2018-04-26,여자 대학부,개인전,토너먼트,예선경기９,박미림,200312007885,,박다영,201005000963,,3,0,A
제14회 대한체육회장배 전국 스쿼시 선수권 대회 / 대한체육회 공인대회,201802,2018-04-26,여자 대학부,개인전,토너먼트,예선경기１０,이해경,200402015564,,엄화영,201002007702,,0,3,B
제14회 대한체육회장배 전국 스쿼시 선수권 대회 / 대한체육회 공인대회,201802,2018-04-26,여자 대학부,개인전,토너먼트,예선경기１３,이지현,200504008455,,김아현,200312015283,,3,2,A
제14회 대한체육회장배 전국 스쿼시 선수권 대회 / 대한체육회 공인대회,201802,2018-04-26,여자 대학부,개인전,토너먼트,예선경기１５,김다정,200506003985,,김미진,201503004586,,3,1,A
제14회 대한체육회장배 전국 스쿼시 선수권 대회 / 대한체육회 공인대회,201802,2018-04-26,여자 대학부,개인전,토너먼트,준준준결승경기１,양연수,200409006651,,김재민,981627000058,,3,0,A
제14회 대한체육회장배 전국 스쿼시 선수권 대회 / 대한체육회 공인대회,201802,2018-04-26,여자 대학부,개인전,토너먼트,준준준결승경기２,김가람,200505000922,,배찬미,200506004011,,0,3,B
제14회 대한체육회장배 전국 스쿼시 선수권 대회 / 대한체육회 공인대회,201802,2018-04-26,여자 대학부,개인전,토너먼트,준준준결승경기３,박상은,201404002146,,김규리,201302011406,,1,3,B
제14회 대한체육회장배 전국 스쿼시 선수권 대회 / 대한체육회 공인대회,201802,2018-04-26,여자 대학부,개인전,토너먼트,준준준결승경기４,최유라,200703026440,,강영진,200312004530,,3,0,A
제14회 대한체육회장배 전국 스쿼시 선수권 대회 / 대한체육회 공인대회,201802,2018-04-26,여자 대학부,개인전,토너먼트,준준준결승경기５,박미림,200312007885,,엄화영,201002007702,,0,3,B
제14회 대한체육회장배 전국 스쿼시 선수권 대회 / 대한체육회 공인대회,201802,2018-04-26,여자 대학부,개인전,토너먼트,준준준결승경기６,이영욱,200905002411,,안은찬,200312014298,,0,3,B
제14회 대한체육회장배 전국 스쿼시 선수권 대회 / 대한체육회 공인대회,201802,2018-04-26,여자 대학부,개인전,토너먼트,준준준결승경기７,이지현,200504008455,,이보라,201501001374,,3,0,A
제14회 대한체육회장배 전국 스쿼시 선수권 대회 / 대한체육회 공인대회,201802,2018-04-26,여자 대학부,개인전,토너먼트,준준준결승경기８,김다정,200506003985,,박은옥,200312004918,,1,3,B
제14회 대한체육회장배 전국 스쿼시 선수권 대회 / 대한체육회 공인대회,201802,2018-04-27,남자 12세이하부,개인전,토너먼트,준준결승경기１,이민우,201407000924,,강우석,201302005902,,2,3,B
제14회 대한체육회장배 전국 스쿼시 선수권 대회 / 대한체육회 공인대회,201802,2018-04-27,남자 12세이하부,개인전,토너먼트,준준결승경기２,김지환,201303020397,,유정민,201505003438,,3,1,A
제14회 대한체육회장배 전국 스쿼시 선수권 대회 / 대한체육회 공인대회,201802,2018-04-27,남자 12세이하부,개인전,토너먼트,준준결승경기３,박태하,201602011173,,박승민,201702006829,,0,3,B
제14회 대한체육회장배 전국 스쿼시 선수권 대회 / 대한체육회 공인대회,201802,2018-04-27,남자 12세이하부,개인전,토너먼트,준준결승경기４,김석진,201203009405,,김승현,201403012359,,3,0,A
제14회 대한체육회장배 전국 스쿼시 선수권 대회 / 대한체육회 공인대회,201802,2018-04-27,남자 12세이하부,개인전,토너먼트,준결승경기１,강우석,201302005902,,김지환,201303020397,,3,0,A
제14회 대한체육회장배 전국 스쿼시 선수권 대회 / 대한체육회 공인대회,201802,2018-04-27,남자 12세이하부,개인전,토너먼트,준결승경기２,박승민,201702006829,,김석진,201203009405,,3,1,A
제14회 대한체육회장배 전국 스쿼시 선수권 대회 / 대한체육회 공인대회,201802,2018-04-27,남자 12세이하부,단체전,리그전,1R / A조,백영고등학교,,,인천 대건고등학교,,,2,1,A
제14회 대한체육회장배 전국 스쿼시 선수권 대회 / 대한체육회 공인대회,201802,2018-04-27,남자 12세이하부,복식,토너먼트,예선경기１,"이동규, 이민규",,,"김정연, 강우석",,,1,2,B
제14회 대한체육회장배 전국 스쿼시 선수권 대회 / 대한체육회 공인대회,201802,2018-04-27,남자 12세이하부,복식,토너먼트,예선경기２,"박태하, 박준하",,,"박승민, 이민우",,,0,2,B
제14회 대한체육회장배 전국 스쿼시 선수권 대회 / 대한체육회 공인대회,201802,2018-04-27,남자 12세이하부,복식,토너먼트,예선경기３,"이지석, 우정",,,"김지환, 김승현",,,0,2,B
제14회 대한체육회장배 전국 스쿼시 선수권 대회 / 대한체육회 공인대회,201802,2018-04-27,남자 12세이하부,복식,토너먼트,예선경기４,"유정민, 박시형",,,"심규영, 이시훈",,,0,2,B
제14회 대한체육회장배 전국 스쿼시 선수권 대회 / 대한체육회 공인대회,201802,2018-04-27,남자 12세이하부,복식,토너먼트,준결승경기１,"김정연, 강우석",,,"박승민, 이민우",,,0,2,B
제14회 대한체육회장배 전국 스쿼시 선수권 대회 / 대한체육회 공인대회,201802,2018-04-27,남자 12세이하부,복식,토너먼트,준결승경기２,"김지환, 김승현",,,"심규영, 이시훈",,,2,1,A
제14회 대한체육회장배 전국 스쿼시 선수권 대회 / 대한체육회 공인대회,201802,2018-04-27,여자 15세이하부,개인전,토너먼트,준준결승경기１,박성찬,201006002472,,강현범,201302006321,,2,3,B
제14회 대한체육회장배 전국 스쿼시 선수권 대회 / 대한체육회 공인대회,201802,2018-04-27,여자 15세이하부,개인전,토너먼트,준준결승경기２,김정원,201302011502,,유덕재,201104000837,,0,3,B
제14회 대한체육회장배 전국 스쿼시 선수권 대회 / 대한체육회 공인대회,201802,2018-04-27,여자 15세이하부,개인전,토너먼트,준준결승경기３,조영훈,200905003169,,탁형진,201012000985,,3,0,A
제14회 대한체육회장배 전국 스쿼시 선수권 대회 / 대한체육회 공인대회,201802,2018-04-27,여자 15세이하부,개인전,토너먼트,준준결승경기４,임재현,201402001427,,유성연,201203030365,,0,3,B
제14회 대한체육회장배 전국 스쿼시 선수권 대회 / 대한체육회 공인대회,201802,2018-04-27,여자 15세이하부,개인전,토너먼트,준결승경기１,강현범,201302006321,,유덕재,201104000837,,0,3,B
제14회 대한체육회장배 전국 스쿼시 선수권 대회 / 대한체육회 공인대회,201802,2018-04-27,여자 15세이하부,개인전,토너먼트,준결승경기２,조영훈,200905003169,,유성연,201203030365,,3,2,A
제14회 대한체육회장배 전국 스쿼시 선수권 대회 / 대한체육회 공인대회,201802,2018-04-27,여자 15세이하부,단체전,토너먼트,준결승경기１,동원과학기술대학교A,,,중앙대학교 제2캠퍼스(안성)A,,,0,2,B
제14회 대한체육회장배 전국 스쿼시 선수권 대회 / 대한체육회 공인대회,201802,2018-04-27,여자 15세이하부,단체전,토너먼트,준결승경기２,중앙대학교 제2캠퍼스(안성)B,,,한국체육대학교,,,2,0,A
제14회 대한체육회장배 전국 스쿼시 선수권 대회 / 대한체육회 공인대회,201802,2018-04-27,여자 15세이하부,단체전,토너먼트,결승,중앙대학교 제2캠퍼스(안성)A,,,중앙대학교 제2캠퍼스(안성)B,,,2,1,A
제14회 대한체육회장배 전국 스쿼시 선수권 대회 / 대한체육회 공인대회,201802,2018-04-27,남자 15세이하부,개인전,토너먼트,준준준결승경기１,이세현,200504008934,,황중원,200312034030,,2,3,B
제14회 대한체육회장배 전국 스쿼시 선수권 대회 / 대한체육회 공인대회,201802,2018-04-27,남자 15세이하부,개인전,토너먼트,준준준결승경기２,이승준,201501002083,,김성영,200402011049,,3,0,A
제14회 대한체육회장배 전국 스쿼시 선수권 대회 / 대한체육회 공인대회,201802,2018-04-27,남자 15세이하부,개인전,토너먼트,준준준결승경기３,오민재,200805001140,,유승용,200907002704,,2,3,B
제14회 대한체육회장배 전국 스쿼시 선수권 대회 / 대한체육회 공인대회,201802,2018-04-27,남자 15세이하부,개인전,토너먼트,준준준결승경기４,이건동,200312007919,,우창욱,200505000725,,3,0,A
제14회 대한체육회장배 전국 스쿼시 선수권 대회 / 대한체육회 공인대회,201802,2018-04-27,남자 15세이하부,개인전,토너먼트,준준준결승경기５,박종명,200803023360,,유승한,200312005692,,3,2,A
제14회 대한체육회장배 전국 스쿼시 선수권 대회 / 대한체육회 공인대회,201802,2018-04-27,남자 15세이하부,개인전,토너먼트,준준준결승경기６,이년호,200312006064,,이동준,201302010744,,3,0,A
제14회 대한체육회장배 전국 스쿼시 선수권 대회 / 대한체육회 공인대회,201802,2018-04-27,남자 15세이하부,개인전,토너먼트,준준준결승경기７,고영조,200506001863,,김동우,201503028559,,3,0,A
제14회 대한체육회장배 전국 스쿼시 선수권 대회 / 대한체육회 공인대회,201802,2018-04-27,남자 15세이하부,개인전,토너먼트,준준준결승경기８,김광원,200312033621,,이승택,200505000724,,0,3,B
제14회 대한체육회장배 전국 스쿼시 선수권 대회 / 대한체육회 공인대회,201802,2018-04-27,남자 15세이하부,개인전,토너먼트,준준결승경기１,황중원,200312034030,,이승준,201501002083,,0,3,B
제14회 대한체육회장배 전국 스쿼시 선수권 대회 / 대한체육회 공인대회,201802,2018-04-27,남자 15세이하부,개인전,토너먼트,준준결승경기２,유승용,200907002704,,이건동,200312007919,,0,3,B
제14회 대한체육회장배 전국 스쿼시 선수권 대회 / 대한체육회 공인대회,201802,2018-04-27,남자 15세이하부,개인전,토너먼트,준준결승경기３,박종명,200803023360,,이년호,200312006064,,3,0,A
제14회 대한체육회장배 전국 스쿼시 선수권 대회 / 대한체육회 공인대회,201802,2018-04-27,남자 15세이하부,개인전,토너먼트,준준결승경기４,고영조,200506001863,,이승택,200505000724,,0,3,B
제14회 대한체육회장배 전국 스쿼시 선수권 대회 / 대한체육회 공인대회,201802,2018-04-27,여자 18세이하부,개인전,토너먼트,준준결승경기１,김미소,201205000350,,류보람,201503023001,,0,3,B
제14회 대한체육회장배 전국 스쿼시 선수권 대회 / 대한체육회 공인대회,201802,2018-04-27,여자 18세이하부,개인전,토너먼트,준준결승경기２,서효린,201605000828,,곽다연,201302006626,,0,3,B
제14회 대한체육회장배 전국 스쿼시 선수권 대회 / 대한체육회 공인대회,201802,2018-04-27,여자 18세이하부,개인전,토너먼트,준준결승경기３,박주아,201503000329,,송채원,200903026922,,1,3,B
제14회 대한체육회장배 전국 스쿼시 선수권 대회 / 대한체육회 공인대회,201802,2018-04-27,여자 18세이하부,개인전,토너먼트,준준결승경기４,조강빈,201606003147,,이승연,201405001347,,1,3,B
제14회 대한체육회장배 전국 스쿼시 선수권 대회 / 대한체육회 공인대회,201802,2018-04-27,여자 18세이하부,개인전,토너먼트,준결승경기１,류보람,201503023001,,곽다연,201302006626,,3,1,A
제14회 대한체육회장배 전국 스쿼시 선수권 대회 / 대한체육회 공인대회,201802,2018-04-27,여자 18세이하부,개인전,토너먼트,준결승경기２,송채원,200903026922,,이승연,201405001347,,3,1,A
제14회 대한체육회장배 전국 스쿼시 선수권 대회 / 대한체육회 공인대회,201802,2018-04-27,여자 18세이하부,개인전,토너먼트,결승,류보람,201503023001,,송채원,200903026922,,1,3,B
제14회 대한체육회장배 전국 스쿼시 선수권 대회 / 대한체육회 공인대회,201802,2018-04-27,여자 18세이하부,단체전,토너먼트,준결승경기１,성환고등학교,,,언양고등학교,,,1,2,B
제14회 대한체육회장배 전국 스쿼시 선수권 대회 / 대한체육회 공인대회,201802,2018-04-27,여자 18세이하부,단체전,토너먼트,준결승경기２,백영고등학교,,,연수여자고등학교,,,2,0,A
제14회 대한체육회장배 전국 스쿼시 선수권 대회 / 대한체육회 공인대회,201802,2018-04-27,남자 18세이하부,개인전,토너먼트,준결승경기１,허민경,201103015212,,오승희,201209002253,,0,3,B
제14회 대한체육회장배 전국 스쿼시 선수권 대회 / 대한체육회 공인대회,201802,2018-04-27,남자 18세이하부,개인전,토너먼트,준결승경기２,김민영,201306001318,,송동주,201205000983,,0,3,B
제14회 대한체육회장배 전국 스쿼시 선수권 대회 / 대한체육회 공인대회,201802,2018-04-27,남자 18세이하부,복식,토너먼트,예선경기１,"문혜연, 송동주",,,"오승희, 김민영",,,2,0,A
제14회 대한체육회장배 전국 스쿼시 선수권 대회 / 대한체육회 공인대회,201802,2018-04-27,남자 18세이하부,복식,토너먼트,예선경기２,"김민희, 김하은",,,"장유진, 허민경",,,0,2,B
제14회 대한체육회장배 전국 스쿼시 선수권 대회 / 대한체육회 공인대회,201802,2018-04-27,남자 18세이하부,복식,토너먼트,결승,"문혜연, 송동주",,,"장유진, 허민경",,,0,2,B
제14회 대한체육회장배 전국 스쿼시 선수권 대회 / 대한체육회 공인대회,201802,2018-04-27,여자 대학부,개인전,토너먼트,준준결승경기１,양연수,200409006651,,배찬미,200506004011,,3,1,A
제14회 대한체육회장배 전국 스쿼시 선수권 대회 / 대한체육회 공인대회,201802,2018-04-27,여자 대학부,개인전,토너먼트,준준결승경기２,김규리,201302011406,,최유라,200703026440,,0,3,B
제14회 대한체육회장배 전국 스쿼시 선수권 대회 / 대한체육회 공인대회,201802,2018-04-27,여자 대학부,개인전,토너먼트,준준결승경기３,엄화영,201002007702,,안은찬,200312014298,,1,3,B
제14회 대한체육회장배 전국 스쿼시 선수권 대회 / 대한체육회 공인대회,201802,2018-04-27,여자 대학부,개인전,토너먼트,준준결승경기４,이지현,200504008455,,박은옥,200312004918,,3,0,A
제14회 대한체육회장배 전국 스쿼시 선수권 대회 / 대한체육회 공인대회,201802,2018-04-27,여자 대학부,개인전,토너먼트,준결승경기１,양연수,200409006651,,최유라,200703026440,,1,3,B
제14회 대한체육회장배 전국 스쿼시 선수권 대회 / 대한체육회 공인대회,201802,2018-04-27,여자 대학부,개인전,토너먼트,준결승경기２,안은찬,200312014298,,이지현,200504008455,,1,3,B
제14회 대한체육회장배 전국 스쿼시 선수권 대회 / 대한체육회 공인대회,201802,2018-04-27,GU11 P,개인전,토너먼트,예선경기１,나주영,201602006877,,김태호,201804001636,,3,0,A
제14회 대한체육회장배 전국 스쿼시 선수권 대회 / 대한체육회 공인대회,201802,2018-04-27,GU11 P,개인전,토너먼트,예선경기２,임주안,201803013833,,이종혁,201803007682,,0,3,B
제14회 대한체육회장배 전국 스쿼시 선수권 대회 / 대한체육회 공인대회,201802,2018-04-27,GU11 P,개인전,토너먼트,예선경기３,남경식,201804002415,,유정욱,201603018160,,1,3,B
제14회 대한체육회장배 전국 스쿼시 선수권 대회 / 대한체육회 공인대회,201802,2018-04-27,GU11 P,개인전,토너먼트,예선경기４,어지웅,201703016477,,오서진,201605004663,,0,3,B
제14회 대한체육회장배 전국 스쿼시 선수권 대회 / 대한체육회 공인대회,201802,2018-04-27,GU13 P,개인전,토너먼트,예선경기１,정성보,201804000821,,김보민,201707002221,,2,3,B
제14회 대한체육회장배 전국 스쿼시 선수권 대회 / 대한체육회 공인대회,201802,2018-04-27,GU13 P,개인전,토너먼트,예선경기２,이성환,201804000564,,김건,201503006845,,0,3,B
제14회 대한체육회장배 전국 스쿼시 선수권 대회 / 대한체육회 공인대회,201802,2018-04-27,GU13 P,개인전,토너먼트,예선경기３,정태경,201606000617,,서무진,201505003630,,3,0,A
제14회 대한체육회장배 전국 스쿼시 선수권 대회 / 대한체육회 공인대회,201802,2018-04-27,GU13 P,개인전,토너먼트,예선경기４,박지훈,201706000549,,이라온,201602011151,,0,3,B
제14회 대한체육회장배 전국 스쿼시 선수권 대회 / 대한체육회 공인대회,201802,2018-04-27,GU13 P,개인전,토너먼트,준결승경기１,김보민,201707002221,,김건,201503006845,,0,3,B
제14회 대한체육회장배 전국 스쿼시 선수권 대회 / 대한체육회 공인대회,201802,2018-04-27,GU13 P,개인전,토너먼트,준결승경기２,정태경,201606000617,,이라온,201602011151,,1,3,B
제14회 대한체육회장배 전국 스쿼시 선수권 대회 / 대한체육회 공인대회,201802,2018-04-27,GU16 P,개인전,토너먼트,예선경기２,김예원,201802004444,,하수정,201602007494,,0,3,B
제14회 대한체육회장배 전국 스쿼시 선수권 대회 / 대한체육회 공인대회,201802,2018-04-27,GU16 P,개인전,토너먼트,예선경기３,어수빈,201503012548,,김하연,201503006905,,3,1,A
제14회 대한체육회장배 전국 스쿼시 선수권 대회 / 대한체육회 공인대회,201802,2018-04-27,GU16 P,개인전,토너먼트,예선경기４,김효원,201707001504,,이소진,201503029527,,0,3,B
제14회 대한체육회장배 전국 스쿼시 선수권 대회 / 대한체육회 공인대회,201802,2018-04-27,GU16 P,개인전,토너먼트,준결승경기１,김다미,201107004502,,하수정,201602007494,,3,2,A
제14회 대한체육회장배 전국 스쿼시 선수권 대회 / 대한체육회 공인대회,201802,2018-04-27,GU16 P,개인전,토너먼트,준결승경기２,어수빈,201503012548,,이소진,201503029527,,2,3,B
제14회 대한체육회장배 전국 스쿼시 선수권 대회 / 대한체육회 공인대회,201802,2018-04-28,남자 12세이하부,개인전,토너먼트,결승,강우석,201302005902,,박승민,201702006829,,2,3,B
제14회 대한체육회장배 전국 스쿼시 선수권 대회 / 대한체육회 공인대회,201802,2018-04-28,남자 12세이하부,단체전,리그전,1R / A조,백영고등학교,,,와룡고등학교,,,2,0,A
제14회 대한체육회장배 전국 스쿼시 선수권 대회 / 대한체육회 공인대회,201802,2018-04-28,남자 12세이하부,복식,토너먼트,결승,"박승민, 이민우",,,"김지환, 김승현",,,0,2,B
제14회 대한체육회장배 전국 스쿼시 선수권 대회 / 대한체육회 공인대회,201802,2018-04-28,여자 15세이하부,개인전,토너먼트,결승,유덕재,201104000837,,조영훈,200905003169,,0,3,B
제14회 대한체육회장배 전국 스쿼시 선수권 대회 / 대한체육회 공인대회,201802,2018-04-28,남자 15세이하부,개인전,토너먼트,준결승경기１,이승준,201501002083,,이건동,200312007919,,3,0,A
제14회 대한체육회장배 전국 스쿼시 선수권 대회 / 대한체육회 공인대회,201802,2018-04-28,남자 15세이하부,개인전,토너먼트,준결승경기２,박종명,200803023360,,이승택,200505000724,,2,3,B
제14회 대한체육회장배 전국 스쿼시 선수권 대회 / 대한체육회 공인대회,201802,2018-04-28,남자 15세이하부,개인전,토너먼트,결승,이승준,201501002083,,이승택,200505000724,,3,1,A
제14회 대한체육회장배 전국 스쿼시 선수권 대회 / 대한체육회 공인대회,201802,2018-04-28,여자 18세이하부,단체전,토너먼트,결승,언양고등학교,,,백영고등학교,,,1,2,B
제14회 대한체육회장배 전국 스쿼시 선수권 대회 / 대한체육회 공인대회,201802,2018-04-28,남자 18세이하부,개인전,토너먼트,결승,오승희,201209002253,,송동주,201205000983,,3,2,A
제14회 대한체육회장배 전국 스쿼시 선수권 대회 / 대한체육회 공인대회,201802,2018-04-28,여자 대학부,개인전,토너먼트,결승,최유라,200703026440,,이지현,200504008455,,3,0,A
제14회 대한체육회장배 전국 스쿼시 선수권 대회 / 대한체육회 공인대회,201802,2018-04-28,GU13 P,개인전,토너먼트,결승,김건,201503006845,,이라온,201602011151,,1,3,B
제14회 대한체육회장배 전국 스쿼시 선수권 대회 / 대한체육회 공인대회,201802,2018-04-28,GU16 P,개인전,토너먼트,결승,김다미,201107004502,,이소진,201503029527,,3,0,A
제12회 전북연맹회장배 전국 스쿼시 선수권대회(대한스쿼시연맹 자체공인대회),201803,2018-05-16,남자 15세이하부,개인전,토너먼트,예선경기９,정대훈,200504009468,,오민재,200805001140,,2,3,B
제12회 전북연맹회장배 전국 스쿼시 선수권대회(대한스쿼시연맹 자체공인대회),201803,2018-05-16,남자 15세이하부,개인전,토너먼트,예선경기 25,백승엽,200312034382,,김창하,201602010896,,3,0,A
제12회 전북연맹회장배 전국 스쿼시 선수권대회(대한스쿼시연맹 자체공인대회),201803,2018-05-17,남자 12세이하부,개인전,토너먼트,예선경기６,이시훈,201603006399,,한종수,201503002226,,0,3,B
제12회 전북연맹회장배 전국 스쿼시 선수권대회(대한스쿼시연맹 자체공인대회),201803,2018-05-17,남자 12세이하부,개인전,토너먼트,예선경기８,김승현,201403012359,,권숙빈,201802004973,,3,0,A
제12회 전북연맹회장배 전국 스쿼시 선수권대회(대한스쿼시연맹 자체공인대회),201803,2018-05-17,남자 12세이하부,개인전,토너먼트,예선경기９,박시형,201702007823,,김석진,201203009405,,0,3,B
제12회 전북연맹회장배 전국 스쿼시 선수권대회(대한스쿼시연맹 자체공인대회),201803,2018-05-17,남자 12세이하부,개인전,토너먼트,예선경기１１,이동규,201606000580,,김지환,201303020397,,0,3,B
제12회 전북연맹회장배 전국 스쿼시 선수권대회(대한스쿼시연맹 자체공인대회),201803,2018-05-17,남자 12세이하부,개인전,토너먼트,준준준결승경기１,탁효진,201104003468,,박승민,201702006829,,3,0,A
제12회 전북연맹회장배 전국 스쿼시 선수권대회(대한스쿼시연맹 자체공인대회),201803,2018-05-17,남자 12세이하부,개인전,토너먼트,준준준결승경기２,유정민,201505003438,,장강민,201708002227,,3,0,A
제12회 전북연맹회장배 전국 스쿼시 선수권대회(대한스쿼시연맹 자체공인대회),201803,2018-05-17,남자 12세이하부,개인전,토너먼트,준준준결승경기３,유민석,201708001690,,한종수,201503002226,,0,3,B
제12회 전북연맹회장배 전국 스쿼시 선수권대회(대한스쿼시연맹 자체공인대회),201803,2018-05-17,남자 12세이하부,개인전,토너먼트,준준준결승경기４,강우석,201302005902,,김승현,201403012359,,3,1,A
제12회 전북연맹회장배 전국 스쿼시 선수권대회(대한스쿼시연맹 자체공인대회),201803,2018-05-17,남자 12세이하부,개인전,토너먼트,준준준결승경기５,김석진,201203009405,,지동현,201507002321,,3,0,A
제12회 전북연맹회장배 전국 스쿼시 선수권대회(대한스쿼시연맹 자체공인대회),201803,2018-05-17,남자 12세이하부,개인전,토너먼트,준준준결승경기６,김지환,201303020397,,최제욱,201703009137,,3,0,A
제12회 전북연맹회장배 전국 스쿼시 선수권대회(대한스쿼시연맹 자체공인대회),201803,2018-05-17,남자 12세이하부,개인전,토너먼트,준준준결승경기７,심규영,201504001319,,이민우,201407000924,,0,3,B
제12회 전북연맹회장배 전국 스쿼시 선수권대회(대한스쿼시연맹 자체공인대회),201803,2018-05-17,남자 12세이하부,개인전,토너먼트,준준준결승경기８,이민규,201606000586,,김정연,201702006885,,3,2,A
제12회 전북연맹회장배 전국 스쿼시 선수권대회(대한스쿼시연맹 자체공인대회),201803,2018-05-17,남자 12세이하부,단체전,리그전,1R / A조,동일미래과학고등학교,,,와룡고등학교,,,2,0,A
제12회 전북연맹회장배 전국 스쿼시 선수권대회(대한스쿼시연맹 자체공인대회),201803,2018-05-17,남자 12세이하부,복식,토너먼트,예선경기２,"강우석, 김정연",,,"이민우, 박승민",,,0,2,B
제12회 전북연맹회장배 전국 스쿼시 선수권대회(대한스쿼시연맹 자체공인대회),201803,2018-05-17,여자 15세이하부,개인전,토너먼트,예선경기６,유한서,201704001245,,황수연,201205002528,,0,3,B
제12회 전북연맹회장배 전국 스쿼시 선수권대회(대한스쿼시연맹 자체공인대회),201803,2018-05-17,여자 15세이하부,개인전,토너먼트,예선경기７,문석호,201402009240,,김정원,201302011502,,3,2,A
제12회 전북연맹회장배 전국 스쿼시 선수권대회(대한스쿼시연맹 자체공인대회),201803,2018-05-17,여자 15세이하부,개인전,토너먼트,예선경기１０,김태현,201302005947,,유덕재,201104000837,,0,3,B
제12회 전북연맹회장배 전국 스쿼시 선수권대회(대한스쿼시연맹 자체공인대회),201803,2018-05-17,여자 15세이하부,개인전,토너먼트,예선경기１２,구성진,201302009824,,길재호,201104010290,,3,0,A
제12회 전북연맹회장배 전국 스쿼시 선수권대회(대한스쿼시연맹 자체공인대회),201803,2018-05-17,여자 15세이하부,개인전,토너먼트,예선경기１５,탁형진,201012000985,,이현준,201203009848,,3,0,A
제12회 전북연맹회장배 전국 스쿼시 선수권대회(대한스쿼시연맹 자체공인대회),201803,2018-05-17,여자 15세이하부,개인전,토너먼트,준준준결승경기１,이상훈,200809000849,,신종완,200905002727,,3,0,A
제12회 전북연맹회장배 전국 스쿼시 선수권대회(대한스쿼시연맹 자체공인대회),201803,2018-05-17,여자 15세이하부,개인전,토너먼트,준준준결승경기２,김진성,201402005833,,강현범,201302006321,,0,3,B
제12회 전북연맹회장배 전국 스쿼시 선수권대회(대한스쿼시연맹 자체공인대회),201803,2018-05-17,여자 15세이하부,개인전,토너먼트,준준준결승경기３,임재현,201402001427,,황수연,201205002528,,3,0,A
제12회 전북연맹회장배 전국 스쿼시 선수권대회(대한스쿼시연맹 자체공인대회),201803,2018-05-17,여자 15세이하부,개인전,토너먼트,준준준결승경기４,문석호,201402009240,,김성집,200707000159,,1,3,B
제12회 전북연맹회장배 전국 스쿼시 선수권대회(대한스쿼시연맹 자체공인대회),201803,2018-05-17,여자 15세이하부,개인전,토너먼트,준준준결승경기５,박성찬,201006002472,,유덕재,201104000837,,2,3,B
제12회 전북연맹회장배 전국 스쿼시 선수권대회(대한스쿼시연맹 자체공인대회),201803,2018-05-17,여자 15세이하부,개인전,토너먼트,준준준결승경기６,이시형,201402004962,,구성진,201302009824,,3,2,A
제12회 전북연맹회장배 전국 스쿼시 선수권대회(대한스쿼시연맹 자체공인대회),201803,2018-05-17,여자 15세이하부,개인전,토너먼트,준준준결승경기７,신헌수,201308001590,,한승호,201402009248,,3,0,A
제12회 전북연맹회장배 전국 스쿼시 선수권대회(대한스쿼시연맹 자체공인대회),201803,2018-05-17,여자 15세이하부,개인전,토너먼트,준준준결승경기８,탁형진,201012000985,,유성연,201203030365,,3,1,A
제12회 전북연맹회장배 전국 스쿼시 선수권대회(대한스쿼시연맹 자체공인대회),201803,2018-05-17,여자 15세이하부,복식,토너먼트,예선경기２,"강현범, 문석호",,,"박성찬, 임재현",,,1,2,B
제12회 전북연맹회장배 전국 스쿼시 선수권대회(대한스쿼시연맹 자체공인대회),201803,2018-05-17,여자 15세이하부,복식,토너먼트,예선경기３,"구성진, 탁형진",,,"황수연, 이현준",,,2,0,A
제12회 전북연맹회장배 전국 스쿼시 선수권대회(대한스쿼시연맹 자체공인대회),201803,2018-05-17,여자 15세이하부,복식,토너먼트,준결승경기１,"길재호, 신종완",,,"박성찬, 임재현",,,0,2,B
제12회 전북연맹회장배 전국 스쿼시 선수권대회(대한스쿼시연맹 자체공인대회),201803,2018-05-17,남자 15세이하부,개인전,토너먼트,준준준준결승 1,유승용,200907002704,,박한솔,200705000520,,3,0,A
제12회 전북연맹회장배 전국 스쿼시 선수권대회(대한스쿼시연맹 자체공인대회),201803,2018-05-17,남자 15세이하부,개인전,토너먼트,준준준준결승 2,우창욱,200505000725,,한성수,200312017223,,3,0,A
제12회 전북연맹회장배 전국 스쿼시 선수권대회(대한스쿼시연맹 자체공인대회),201803,2018-05-17,남자 15세이하부,개인전,토너먼트,준준준준결승 3,한승철,201501001406,,DUFFYCARLJOSEPH,201801002231,,3,0,A
제12회 전북연맹회장배 전국 스쿼시 선수권대회(대한스쿼시연맹 자체공인대회),201803,2018-05-17,남자 15세이하부,개인전,토너먼트,준준준준결승 4,이주영,201302006349,,박종명,200803023360,,0,3,B
제12회 전북연맹회장배 전국 스쿼시 선수권대회(대한스쿼시연맹 자체공인대회),201803,2018-05-17,남자 15세이하부,개인전,토너먼트,준준준준결승 5,오민재,200805001140,,안성수,200312013357,,3,0,A
제12회 전북연맹회장배 전국 스쿼시 선수권대회(대한스쿼시연맹 자체공인대회),201803,2018-05-17,남자 15세이하부,개인전,토너먼트,준준준준결승 6,김태년,200409011907,,황중원,200312034030,,0,3,B
제12회 전북연맹회장배 전국 스쿼시 선수권대회(대한스쿼시연맹 자체공인대회),201803,2018-05-17,남자 15세이하부,개인전,토너먼트,준준준준결승 7,박준현,201203027586,,이동민,201302010757,,0,3,B
제12회 전북연맹회장배 전국 스쿼시 선수권대회(대한스쿼시연맹 자체공인대회),201803,2018-05-17,남자 15세이하부,개인전,토너먼트,준준준준결승 8,이건동,200312007919,,이인우,201005000191,,3,2,A
제12회 전북연맹회장배 전국 스쿼시 선수권대회(대한스쿼시연맹 자체공인대회),201803,2018-05-17,남자 15세이하부,개인전,토너먼트,준준준준결승 9,김성영,200402011049,,유용민,200312009768,,3,2,A
제12회 전북연맹회장배 전국 스쿼시 선수권대회(대한스쿼시연맹 자체공인대회),201803,2018-05-17,남자 15세이하부,개인전,토너먼트,준준준준결승 10,김현용,201003010456,,김현동,200312010625,,0,3,B
제12회 전북연맹회장배 전국 스쿼시 선수권대회(대한스쿼시연맹 자체공인대회),201803,2018-05-17,남자 15세이하부,개인전,토너먼트,준준준준결승 11,김진오,981827000026,,이승택,200505000724,,0,3,B
제12회 전북연맹회장배 전국 스쿼시 선수권대회(대한스쿼시연맹 자체공인대회),201803,2018-05-17,남자 15세이하부,개인전,토너먼트,준준준준결승 12,신동현,201203021313,,김동우,981627000171,,3,0,A
제12회 전북연맹회장배 전국 스쿼시 선수권대회(대한스쿼시연맹 자체공인대회),201803,2018-05-17,남자 15세이하부,개인전,토너먼트,준준준준결승 13,백승엽,200312034382,,황중찬,200706002344,,1,3,B
제12회 전북연맹회장배 전국 스쿼시 선수권대회(대한스쿼시연맹 자체공인대회),201803,2018-05-17,남자 15세이하부,개인전,토너먼트,준준준준결승 14,이동준,201302010744,,최상철,200312007530,,0,0,A
제12회 전북연맹회장배 전국 스쿼시 선수권대회(대한스쿼시연맹 자체공인대회),201803,2018-05-17,남자 15세이하부,개인전,토너먼트,준준준준결승 15,최규희,200409010818,,권오석,200408001260,,3,1,A
제12회 전북연맹회장배 전국 스쿼시 선수권대회(대한스쿼시연맹 자체공인대회),201803,2018-05-17,남자 15세이하부,개인전,토너먼트,준준준준결승 16,허재선,200605004796,,이년호,200312006064,,0,0,B
제12회 전북연맹회장배 전국 스쿼시 선수권대회(대한스쿼시연맹 자체공인대회),201803,2018-05-17,남자 15세이하부,개인전,토너먼트,준준준결승경기１,유승용,200907002704,,우창욱,200505000725,,0,3,B
제12회 전북연맹회장배 전국 스쿼시 선수권대회(대한스쿼시연맹 자체공인대회),201803,2018-05-17,남자 15세이하부,개인전,토너먼트,준준준결승경기２,한승철,201501001406,,박종명,200803023360,,1,3,B
제12회 전북연맹회장배 전국 스쿼시 선수권대회(대한스쿼시연맹 자체공인대회),201803,2018-05-17,남자 15세이하부,개인전,토너먼트,준준준결승경기３,오민재,200805001140,,황중원,200312034030,,1,3,B
제12회 전북연맹회장배 전국 스쿼시 선수권대회(대한스쿼시연맹 자체공인대회),201803,2018-05-17,남자 15세이하부,개인전,토너먼트,준준준결승경기４,이동민,201302010757,,이건동,200312007919,,2,3,B
제12회 전북연맹회장배 전국 스쿼시 선수권대회(대한스쿼시연맹 자체공인대회),201803,2018-05-17,남자 15세이하부,개인전,토너먼트,준준준결승경기５,김성영,200402011049,,김현동,200312010625,,0,3,B
제12회 전북연맹회장배 전국 스쿼시 선수권대회(대한스쿼시연맹 자체공인대회),201803,2018-05-17,남자 15세이하부,개인전,토너먼트,준준준결승경기６,이승택,200505000724,,신동현,201203021313,,3,0,A
제12회 전북연맹회장배 전국 스쿼시 선수권대회(대한스쿼시연맹 자체공인대회),201803,2018-05-17,남자 15세이하부,개인전,토너먼트,준준준결승경기７,황중찬,200706002344,,이동준,201302010744,,0,3,B
제12회 전북연맹회장배 전국 스쿼시 선수권대회(대한스쿼시연맹 자체공인대회),201803,2018-05-17,남자 15세이하부,개인전,토너먼트,준준준결승경기８,최규희,200409010818,,이년호,200312006064,,0,3,B
제12회 전북연맹회장배 전국 스쿼시 선수권대회(대한스쿼시연맹 자체공인대회),201803,2018-05-17,여자 18세이하부,개인전,토너먼트,예선경기２,류보람,201503023001,,장예원,201601000670,,3,0,A
제12회 전북연맹회장배 전국 스쿼시 선수권대회(대한스쿼시연맹 자체공인대회),201803,2018-05-17,여자 18세이하부,개인전,토너먼트,예선경기３,송채원,200903026922,,신지혜,201503027806,,3,1,A
제12회 전북연맹회장배 전국 스쿼시 선수권대회(대한스쿼시연맹 자체공인대회),201803,2018-05-17,여자 18세이하부,개인전,토너먼트,예선경기４,조강빈,201606003147,,신유진,201602007698,,0,3,B
제12회 전북연맹회장배 전국 스쿼시 선수권대회(대한스쿼시연맹 자체공인대회),201803,2018-05-17,여자 18세이하부,개인전,토너먼트,예선경기６,금혜원,201802005000,,서하민,201703008633,,0,0,B
제12회 전북연맹회장배 전국 스쿼시 선수권대회(대한스쿼시연맹 자체공인대회),201803,2018-05-17,여자 18세이하부,개인전,토너먼트,예선경기７,문빈,201604002747,,이승연,201405001347,,0,3,B
제12회 전북연맹회장배 전국 스쿼시 선수권대회(대한스쿼시연맹 자체공인대회),201803,2018-05-17,여자 18세이하부,개인전,토너먼트,준준결승경기１,박주아,201503000329,,류보람,201503023001,,2,3,B
제12회 전북연맹회장배 전국 스쿼시 선수권대회(대한스쿼시연맹 자체공인대회),201803,2018-05-17,여자 18세이하부,개인전,토너먼트,준준결승경기２,송채원,200903026922,,신유진,201602007698,,3,1,A
제12회 전북연맹회장배 전국 스쿼시 선수권대회(대한스쿼시연맹 자체공인대회),201803,2018-05-17,여자 18세이하부,개인전,토너먼트,준준결승경기３,이수빈,201601000982,,서하민,201703008633,,3,1,A
제12회 전북연맹회장배 전국 스쿼시 선수권대회(대한스쿼시연맹 자체공인대회),201803,2018-05-17,여자 18세이하부,개인전,토너먼트,준준결승경기４,이승연,201405001347,,곽다연,201302006626,,1,3,B
제12회 전북연맹회장배 전국 스쿼시 선수권대회(대한스쿼시연맹 자체공인대회),201803,2018-05-17,남자 18세이하부,개인전,토너먼트,예선경기７,오승희,201209002253,,김하은,201302005893,,3,0,A
제12회 전북연맹회장배 전국 스쿼시 선수권대회(대한스쿼시연맹 자체공인대회),201803,2018-05-17,남자 18세이하부,개인전,토너먼트,준준결승경기１,허민경,201103015212,,송동주,201205000983,,1,3,B
제12회 전북연맹회장배 전국 스쿼시 선수권대회(대한스쿼시연맹 자체공인대회),201803,2018-05-17,남자 18세이하부,개인전,토너먼트,준준결승경기２,장유진,201012000986,,김민희,201402004905,,1,3,B
제12회 전북연맹회장배 전국 스쿼시 선수권대회(대한스쿼시연맹 자체공인대회),201803,2018-05-17,남자 18세이하부,개인전,토너먼트,준준결승경기３,이가희,201602000993,,김민영,201306001318,,3,0,A
제12회 전북연맹회장배 전국 스쿼시 선수권대회(대한스쿼시연맹 자체공인대회),201803,2018-05-17,남자 18세이하부,개인전,토너먼트,준준결승경기４,오승희,201209002253,,문혜연,201203009845,,3,1,A
제12회 전북연맹회장배 전국 스쿼시 선수권대회(대한스쿼시연맹 자체공인대회),201803,2018-05-17,여자 대학부,개인전,토너먼트,예선경기６,김아현,200312015283,,김다정,200506003985,,3,1,A
제12회 전북연맹회장배 전국 스쿼시 선수권대회(대한스쿼시연맹 자체공인대회),201803,2018-05-17,여자 대학부,개인전,토너먼트,예선경기７,박다영,201005000963,,이영욱,200905002411,,0,3,B
제12회 전북연맹회장배 전국 스쿼시 선수권대회(대한스쿼시연맹 자체공인대회),201803,2018-05-17,여자 대학부,개인전,토너먼트,예선경기１０,김미진,201503004586,,박진주,200505000920,,0,0,B
제12회 전북연맹회장배 전국 스쿼시 선수권대회(대한스쿼시연맹 자체공인대회),201803,2018-05-17,여자 대학부,개인전,토너먼트,예선경기１２,김규리,201302011406,,엄화영,201002007702,,0,3,B
제12회 전북연맹회장배 전국 스쿼시 선수권대회(대한스쿼시연맹 자체공인대회),201803,2018-05-17,여자 대학부,개인전,토너먼트,예선경기１５,이보라,201501001374,,허정연,200506000402,,3,0,A
제12회 전북연맹회장배 전국 스쿼시 선수권대회(대한스쿼시연맹 자체공인대회),201803,2018-05-17,여자 대학부,개인전,토너먼트,준준준결승경기１,박은옥,200312004918,,최수지,200605008295,,0,0,A
제12회 전북연맹회장배 전국 스쿼시 선수권대회(대한스쿼시연맹 자체공인대회),201803,2018-05-17,여자 대학부,개인전,토너먼트,준준준결승경기２,유지영,201405002923,,김가람,200505000922,,1,3,B
제12회 전북연맹회장배 전국 스쿼시 선수권대회(대한스쿼시연맹 자체공인대회),201803,2018-05-17,여자 대학부,개인전,토너먼트,준준준결승경기３,권성은,200312008157,,김아현,200312015283,,0,3,B
제12회 전북연맹회장배 전국 스쿼시 선수권대회(대한스쿼시연맹 자체공인대회),201803,2018-05-17,여자 대학부,개인전,토너먼트,준준준결승경기４,이영욱,200905002411,,양연수,200409006651,,0,0,A
제12회 전북연맹회장배 전국 스쿼시 선수권대회(대한스쿼시연맹 자체공인대회),201803,2018-05-17,여자 대학부,개인전,토너먼트,준준준결승경기５,박미림,200312007885,,박진주,200505000920,,2,3,B
제12회 전북연맹회장배 전국 스쿼시 선수권대회(대한스쿼시연맹 자체공인대회),201803,2018-05-17,여자 대학부,개인전,토너먼트,준준준결승경기６,박상은,201404002146,,엄화영,201002007702,,0,3,B
제12회 전북연맹회장배 전국 스쿼시 선수권대회(대한스쿼시연맹 자체공인대회),201803,2018-05-17,여자 대학부,개인전,토너먼트,준준준결승경기７,배찬미,200506004011,,박민주,200606004565,,3,1,A
제12회 전북연맹회장배 전국 스쿼시 선수권대회(대한스쿼시연맹 자체공인대회),201803,2018-05-17,여자 대학부,개인전,토너먼트,준준준결승경기８,이보라,201501001374,,김가혜,200312004260,,0,3,B
제12회 전북연맹회장배 전국 스쿼시 선수권대회(대한스쿼시연맹 자체공인대회),201803,2018-05-17,GU16 P,개인전,토너먼트,예선경기３,김하연,201503006905,,이소진,201503029527,,0,3,B
제12회 전북연맹회장배 전국 스쿼시 선수권대회(대한스쿼시연맹 자체공인대회),201803,2018-05-17,GU16 P,개인전,토너먼트,예선경기６,정현영,201804001295,,김다미,201107004502,,0,3,B
제12회 전북연맹회장배 전국 스쿼시 선수권대회(대한스쿼시연맹 자체공인대회),201803,2018-05-18,남자 12세이하부,개인전,토너먼트,준준결승경기１,탁효진,201104003468,,유정민,201505003438,,3,1,A
제12회 전북연맹회장배 전국 스쿼시 선수권대회(대한스쿼시연맹 자체공인대회),201803,2018-05-18,남자 12세이하부,개인전,토너먼트,준준결승경기２,한종수,201503002226,,강우석,201302005902,,0,3,B
제12회 전북연맹회장배 전국 스쿼시 선수권대회(대한스쿼시연맹 자체공인대회),201803,2018-05-18,남자 12세이하부,개인전,토너먼트,준준결승경기３,김석진,201203009405,,김지환,201303020397,,3,0,A
제12회 전북연맹회장배 전국 스쿼시 선수권대회(대한스쿼시연맹 자체공인대회),201803,2018-05-18,남자 12세이하부,개인전,토너먼트,준준결승경기４,이민우,201407000924,,이민규,201606000586,,3,0,A
제12회 전북연맹회장배 전국 스쿼시 선수권대회(대한스쿼시연맹 자체공인대회),201803,2018-05-18,남자 12세이하부,개인전,토너먼트,준결승경기１,탁효진,201104003468,,강우석,201302005902,,3,1,A
제12회 전북연맹회장배 전국 스쿼시 선수권대회(대한스쿼시연맹 자체공인대회),201803,2018-05-18,남자 12세이하부,개인전,토너먼트,준결승경기２,김석진,201203009405,,이민우,201407000924,,3,1,A
제12회 전북연맹회장배 전국 스쿼시 선수권대회(대한스쿼시연맹 자체공인대회),201803,2018-05-18,남자 12세이하부,단체전,리그전,1R / A조,동일미래과학고등학교,,,인천 대건고등학교,,,2,1,A
제12회 전북연맹회장배 전국 스쿼시 선수권대회(대한스쿼시연맹 자체공인대회),201803,2018-05-18,남자 12세이하부,복식,토너먼트,준결승경기１,"김석진, 한종수",,,"이민우, 박승민",,,0,2,B
제12회 전북연맹회장배 전국 스쿼시 선수권대회(대한스쿼시연맹 자체공인대회),201803,2018-05-18,남자 12세이하부,복식,토너먼트,준결승경기２,"김지환, 김승현",,,"심규영, 이시훈",,,2,0,A
제12회 전북연맹회장배 전국 스쿼시 선수권대회(대한스쿼시연맹 자체공인대회),201803,2018-05-18,여자 15세이하부,개인전,토너먼트,준준결승경기１,이상훈,200809000849,,강현범,201302006321,,3,0,A
제12회 전북연맹회장배 전국 스쿼시 선수권대회(대한스쿼시연맹 자체공인대회),201803,2018-05-18,여자 15세이하부,개인전,토너먼트,준준결승경기２,임재현,201402001427,,김성집,200707000159,,3,2,A
제12회 전북연맹회장배 전국 스쿼시 선수권대회(대한스쿼시연맹 자체공인대회),201803,2018-05-18,여자 15세이하부,개인전,토너먼트,준준결승경기３,유덕재,201104000837,,이시형,201402004962,,3,0,A
제12회 전북연맹회장배 전국 스쿼시 선수권대회(대한스쿼시연맹 자체공인대회),201803,2018-05-18,여자 15세이하부,개인전,토너먼트,준준결승경기４,신헌수,201308001590,,탁형진,201012000985,,0,3,B
제12회 전북연맹회장배 전국 스쿼시 선수권대회(대한스쿼시연맹 자체공인대회),201803,2018-05-18,여자 15세이하부,개인전,토너먼트,준결승경기１,이상훈,200809000849,,임재현,201402001427,,3,0,A
제12회 전북연맹회장배 전국 스쿼시 선수권대회(대한스쿼시연맹 자체공인대회),201803,2018-05-18,여자 15세이하부,개인전,토너먼트,준결승경기２,유덕재,201104000837,,탁형진,201012000985,,3,0,A
제12회 전북연맹회장배 전국 스쿼시 선수권대회(대한스쿼시연맹 자체공인대회),201803,2018-05-18,여자 15세이하부,복식,토너먼트,준결승경기２,"구성진, 탁형진",,,"김성집, 김정원",,,1,2,B
제12회 전북연맹회장배 전국 스쿼시 선수권대회(대한스쿼시연맹 자체공인대회),201803,2018-05-18,남자 15세이하부,개인전,토너먼트,준준결승경기１,우창욱,200505000725,,박종명,200803023360,,0,3,B
제12회 전북연맹회장배 전국 스쿼시 선수권대회(대한스쿼시연맹 자체공인대회),201803,2018-05-18,남자 15세이하부,개인전,토너먼트,준준결승경기２,황중원,200312034030,,이건동,200312007919,,3,0,A
제12회 전북연맹회장배 전국 스쿼시 선수권대회(대한스쿼시연맹 자체공인대회),201803,2018-05-18,남자 15세이하부,개인전,토너먼트,준준결승경기３,김현동,200312010625,,이승택,200505000724,,1,3,B
제12회 전북연맹회장배 전국 스쿼시 선수권대회(대한스쿼시연맹 자체공인대회),201803,2018-05-18,남자 15세이하부,개인전,토너먼트,준준결승경기４,이동준,201302010744,,이년호,200312006064,,1,3,B
제12회 전북연맹회장배 전국 스쿼시 선수권대회(대한스쿼시연맹 자체공인대회),201803,2018-05-18,남자 15세이하부,개인전,토너먼트,준결승경기１,박종명,200803023360,,황중원,200312034030,,3,1,A
제12회 전북연맹회장배 전국 스쿼시 선수권대회(대한스쿼시연맹 자체공인대회),201803,2018-05-18,남자 15세이하부,개인전,토너먼트,준결승경기２,이승택,200505000724,,이년호,200312006064,,3,0,A
제12회 전북연맹회장배 전국 스쿼시 선수권대회(대한스쿼시연맹 자체공인대회),201803,2018-05-18,여자 18세이하부,개인전,토너먼트,준결승경기１,류보람,201503023001,,송채원,200903026922,,2,3,B
제12회 전북연맹회장배 전국 스쿼시 선수권대회(대한스쿼시연맹 자체공인대회),201803,2018-05-18,여자 18세이하부,개인전,토너먼트,준결승경기２,이수빈,201601000982,,곽다연,201302006626,,0,3,B
제12회 전북연맹회장배 전국 스쿼시 선수권대회(대한스쿼시연맹 자체공인대회),201803,2018-05-18,여자 18세이하부,복식,토너먼트,예선경기２,"신지혜, 금혜원",,,"박주아, 조강빈",,,0,0,B
제12회 전북연맹회장배 전국 스쿼시 선수권대회(대한스쿼시연맹 자체공인대회),201803,2018-05-18,여자 18세이하부,복식,토너먼트,준결승경기１,"곽다연, 류보람",,,"박주아, 조강빈",,,2,1,A
제12회 전북연맹회장배 전국 스쿼시 선수권대회(대한스쿼시연맹 자체공인대회),201803,2018-05-18,여자 18세이하부,복식,토너먼트,준결승경기２,"이수빈, 장예원",,,"이승연, 신유진",,,0,2,B
제12회 전북연맹회장배 전국 스쿼시 선수권대회(대한스쿼시연맹 자체공인대회),201803,2018-05-18,남자 18세이하부,개인전,토너먼트,준결승경기１,송동주,201205000983,,김민희,201402004905,,3,2,A
제12회 전북연맹회장배 전국 스쿼시 선수권대회(대한스쿼시연맹 자체공인대회),201803,2018-05-18,남자 18세이하부,개인전,토너먼트,준결승경기２,이가희,201602000993,,오승희,201209002253,,0,3,B
제12회 전북연맹회장배 전국 스쿼시 선수권대회(대한스쿼시연맹 자체공인대회),201803,2018-05-18,남자 18세이하부,복식,토너먼트,예선경기１,"장유진, 김민영",,,"문혜연, 송동주",,,0,2,B
제12회 전북연맹회장배 전국 스쿼시 선수권대회(대한스쿼시연맹 자체공인대회),201803,2018-05-18,남자 18세이하부,복식,토너먼트,예선경기２,"허민경, 오승희",,,"김민희, 김하은",,,2,0,A
제12회 전북연맹회장배 전국 스쿼시 선수권대회(대한스쿼시연맹 자체공인대회),201803,2018-05-18,남자 18세이하부,복식,토너먼트,결승,"문혜연, 송동주",,,"허민경, 오승희",,,0,2,B
제12회 전북연맹회장배 전국 스쿼시 선수권대회(대한스쿼시연맹 자체공인대회),201803,2018-05-18,여자 대학부,개인전,토너먼트,준준결승경기１,박은옥,200312004918,,김가람,200505000922,,3,0,A
제12회 전북연맹회장배 전국 스쿼시 선수권대회(대한스쿼시연맹 자체공인대회),201803,2018-05-18,여자 대학부,개인전,토너먼트,준준결승경기２,김아현,200312015283,,이영욱,200905002411,,3,1,A
제12회 전북연맹회장배 전국 스쿼시 선수권대회(대한스쿼시연맹 자체공인대회),201803,2018-05-18,여자 대학부,개인전,토너먼트,준준결승경기３,박진주,200505000920,,엄화영,201002007702,,0,3,B
제12회 전북연맹회장배 전국 스쿼시 선수권대회(대한스쿼시연맹 자체공인대회),201803,2018-05-18,여자 대학부,개인전,토너먼트,준준결승경기４,배찬미,200506004011,,김가혜,200312004260,,0,3,B
제12회 전북연맹회장배 전국 스쿼시 선수권대회(대한스쿼시연맹 자체공인대회),201803,2018-05-18,여자 대학부,개인전,토너먼트,준결승경기１,박은옥,200312004918,,김아현,200312015283,,4,0,A
제12회 전북연맹회장배 전국 스쿼시 선수권대회(대한스쿼시연맹 자체공인대회),201803,2018-05-18,여자 대학부,개인전,토너먼트,준결승경기２,엄화영,201002007702,,김가혜,200312004260,,0,3,B
제12회 전북연맹회장배 전국 스쿼시 선수권대회(대한스쿼시연맹 자체공인대회),201803,2018-05-18,GU11 P,개인전,토너먼트,예선경기２,김태호,201804001636,,오서진,201605004663,,0,3,B
제12회 전북연맹회장배 전국 스쿼시 선수권대회(대한스쿼시연맹 자체공인대회),201803,2018-05-18,GU11 P,개인전,토너먼트,준결승경기１,나주영,201602006877,,오서진,201605004663,,0,3,B
제12회 전북연맹회장배 전국 스쿼시 선수권대회(대한스쿼시연맹 자체공인대회),201803,2018-05-18,GU11 P,개인전,토너먼트,준결승경기２,어지웅,201703016477,,유정욱,201603018160,,1,3,B
제12회 전북연맹회장배 전국 스쿼시 선수권대회(대한스쿼시연맹 자체공인대회),201803,2018-05-18,GU13 P,개인전,토너먼트,예선경기１,최호진,201306001130,,김병관,201708000163,,3,0,A
제12회 전북연맹회장배 전국 스쿼시 선수권대회(대한스쿼시연맹 자체공인대회),201803,2018-05-18,GU13 P,개인전,토너먼트,예선경기２,서무진,201505003630,,정성보,201804000821,,3,0,A
제12회 전북연맹회장배 전국 스쿼시 선수권대회(대한스쿼시연맹 자체공인대회),201803,2018-05-18,GU13 P,개인전,토너먼트,예선경기３,김래원,201804004142,,이라온,201602011151,,0,0,B
제12회 전북연맹회장배 전국 스쿼시 선수권대회(대한스쿼시연맹 자체공인대회),201803,2018-05-18,GU13 P,개인전,토너먼트,예선경기４,김건,201503006845,,정태경,201606000617,,3,2,A
제12회 전북연맹회장배 전국 스쿼시 선수권대회(대한스쿼시연맹 자체공인대회),201803,2018-05-18,GU13 P,개인전,토너먼트,준결승경기１,최호진,201306001130,,서무진,201505003630,,3,0,A
제12회 전북연맹회장배 전국 스쿼시 선수권대회(대한스쿼시연맹 자체공인대회),201803,2018-05-18,GU13 P,개인전,토너먼트,준결승경기２,이라온,201602011151,,김건,201503006845,,3,0,A
제12회 전북연맹회장배 전국 스쿼시 선수권대회(대한스쿼시연맹 자체공인대회),201803,2018-05-18,GU16 P,개인전,토너먼트,준준결승경기１,어수빈,201503012548,,김효원,201707001504,,3,0,A
제12회 전북연맹회장배 전국 스쿼시 선수권대회(대한스쿼시연맹 자체공인대회),201803,2018-05-18,GU16 P,개인전,토너먼트,준준결승경기２,이소진,201503029527,,김민주,201404001152,,3,0,A
제12회 전북연맹회장배 전국 스쿼시 선수권대회(대한스쿼시연맹 자체공인대회),201803,2018-05-18,GU16 P,개인전,토너먼트,준준결승경기３,노윤진,201702011015,,김다미,201107004502,,0,3,B
제12회 전북연맹회장배 전국 스쿼시 선수권대회(대한스쿼시연맹 자체공인대회),201803,2018-05-18,GU16 P,개인전,토너먼트,준준결승경기４,김예원,201802004444,,하수정,201602007494,,0,3,B
제12회 전북연맹회장배 전국 스쿼시 선수권대회(대한스쿼시연맹 자체공인대회),201803,2018-05-18,GU16 P,개인전,토너먼트,준결승경기１,어수빈,201503012548,,이소진,201503029527,,2,3,B
제12회 전북연맹회장배 전국 스쿼시 선수권대회(대한스쿼시연맹 자체공인대회),201803,2018-05-18,GU16 P,개인전,토너먼트,준결승경기２,김다미,201107004502,,하수정,201602007494,,3,0,A
제12회 전북연맹회장배 전국 스쿼시 선수권대회(대한스쿼시연맹 자체공인대회),201803,2018-05-19,남자 12세이하부,개인전,토너먼트,결승,탁효진,201104003468,,김석진,201203009405,,3,1,A
제12회 전북연맹회장배 전국 스쿼시 선수권대회(대한스쿼시연맹 자체공인대회),201803,2018-05-19,남자 12세이하부,단체전,리그전,1R / A조,와룡고등학교,,,인천 대건고등학교,,,2,0,A
제12회 전북연맹회장배 전국 스쿼시 선수권대회(대한스쿼시연맹 자체공인대회),201803,2018-05-19,남자 12세이하부,복식,토너먼트,결승,"이민우, 박승민",,,"김지환, 김승현",,,1,2,B
제12회 전북연맹회장배 전국 스쿼시 선수권대회(대한스쿼시연맹 자체공인대회),201803,2018-05-19,여자 15세이하부,개인전,토너먼트,결승,이상훈,200809000849,,유덕재,201104000837,,1,3,B
제12회 전북연맹회장배 전국 스쿼시 선수권대회(대한스쿼시연맹 자체공인대회),201803,2018-05-19,여자 15세이하부,복식,토너먼트,결승,"박성찬, 임재현",,,"김성집, 김정원",,,0,2,B
제12회 전북연맹회장배 전국 스쿼시 선수권대회(대한스쿼시연맹 자체공인대회),201803,2018-05-19,남자 15세이하부,개인전,토너먼트,결승,박종명,200803023360,,이승택,200505000724,,0,2,B
제12회 전북연맹회장배 전국 스쿼시 선수권대회(대한스쿼시연맹 자체공인대회),201803,2018-05-19,여자 18세이하부,개인전,토너먼트,결승,송채원,200903026922,,곽다연,201302006626,,3,0,A
제12회 전북연맹회장배 전국 스쿼시 선수권대회(대한스쿼시연맹 자체공인대회),201803,2018-05-19,여자 18세이하부,복식,토너먼트,결승,"곽다연, 류보람",,,"이승연, 신유진",,,2,1,A
제12회 전북연맹회장배 전국 스쿼시 선수권대회(대한스쿼시연맹 자체공인대회),201803,2018-05-19,남자 18세이하부,개인전,토너먼트,결승,송동주,201205000983,,오승희,201209002253,,0,3,B
제12회 전북연맹회장배 전국 스쿼시 선수권대회(대한스쿼시연맹 자체공인대회),201803,2018-05-19,여자 대학부,개인전,토너먼트,결승,박은옥,200312004918,,김가혜,200312004260,,1,3,B
제12회 전북연맹회장배 전국 스쿼시 선수권대회(대한스쿼시연맹 자체공인대회),201803,2018-05-19,GU11 P,개인전,토너먼트,결승,오서진,201605004663,,유정욱,201603018160,,3,0,A
제12회 전북연맹회장배 전국 스쿼시 선수권대회(대한스쿼시연맹 자체공인대회),201803,2018-05-19,GU13 P,개인전,토너먼트,결승,최호진,201306001130,,이라온,201602011151,,3,2,A
제12회 전북연맹회장배 전국 스쿼시 선수권대회(대한스쿼시연맹 자체공인대회),201803,2018-05-19,GU16 P,개인전,토너먼트,결승,이소진,201503029527,,김다미,201107004502,,2,3,B
제18회 회장배 전 한국 스쿼시 선수권대회 / 대한체육회 공인대회,201804,2018-06-06,남자 12세이하부,개인전,토너먼트,예선경기２,이민규,201606000586,,김석진,201203009405,,0,3,B
제18회 회장배 전 한국 스쿼시 선수권대회 / 대한체육회 공인대회,201804,2018-06-06,남자 12세이하부,개인전,토너먼트,예선경기３,강우석,201302005902,,유민석,201708001690,,3,0,A
제18회 회장배 전 한국 스쿼시 선수권대회 / 대한체육회 공인대회,201804,2018-06-06,남자 12세이하부,개인전,토너먼트,예선경기５,최제욱,201703009137,,이시훈,201603006399,,0,3,B
제18회 회장배 전 한국 스쿼시 선수권대회 / 대한체육회 공인대회,201804,2018-06-06,남자 12세이하부,개인전,토너먼트,예선경기７,최현우,201703014575,,김지환,201303020397,,0,3,B
제18회 회장배 전 한국 스쿼시 선수권대회 / 대한체육회 공인대회,201804,2018-06-06,남자 12세이하부,개인전,토너먼트,예선경기１０,박시형,201702007823,,우정,201602011179,,3,0,A
제18회 회장배 전 한국 스쿼시 선수권대회 / 대한체육회 공인대회,201804,2018-06-06,남자 12세이하부,개인전,토너먼트,예선경기１２,이지석,201703004879,,이동규,201606000580,,0,3,B
제18회 회장배 전 한국 스쿼시 선수권대회 / 대한체육회 공인대회,201804,2018-06-06,남자 12세이하부,개인전,토너먼트,예선경기１４,박준하,201302011134,,김승현,201403012359,,1,3,B
제18회 회장배 전 한국 스쿼시 선수권대회 / 대한체육회 공인대회,201804,2018-06-06,남자 12세이하부,개인전,토너먼트,예선경기１５,한종수,201503002226,,심규영,201504001319,,2,3,B
제18회 회장배 전 한국 스쿼시 선수권대회 / 대한체육회 공인대회,201804,2018-06-06,남자 12세이하부,개인전,토너먼트,준준준결승경기１,박승민,201702006829,,김석진,201203009405,,1,3,B
제18회 회장배 전 한국 스쿼시 선수권대회 / 대한체육회 공인대회,201804,2018-06-06,남자 12세이하부,개인전,토너먼트,준준준결승경기２,강우석,201302005902,,박태하,201602011173,,3,0,A
제18회 회장배 전 한국 스쿼시 선수권대회 / 대한체육회 공인대회,201804,2018-06-06,남자 12세이하부,개인전,토너먼트,준준준결승경기３,이시훈,201603006399,,유정민,201505003438,,0,3,B
제18회 회장배 전 한국 스쿼시 선수권대회 / 대한체육회 공인대회,201804,2018-06-06,남자 12세이하부,개인전,토너먼트,준준준결승경기４,김지환,201303020397,,권숙빈,201802004973,,3,0,A
제18회 회장배 전 한국 스쿼시 선수권대회 / 대한체육회 공인대회,201804,2018-06-06,남자 12세이하부,개인전,토너먼트,준준준결승경기５,김정연,201702006885,,박시형,201702007823,,2,3,B
제18회 회장배 전 한국 스쿼시 선수권대회 / 대한체육회 공인대회,201804,2018-06-06,남자 12세이하부,개인전,토너먼트,준준준결승경기６,이민우,201407000924,,이동규,201606000580,,3,0,A
제18회 회장배 전 한국 스쿼시 선수권대회 / 대한체육회 공인대회,201804,2018-06-06,남자 12세이하부,개인전,토너먼트,준준준결승경기７,지동현,201507002321,,김승현,201403012359,,0,3,B
제18회 회장배 전 한국 스쿼시 선수권대회 / 대한체육회 공인대회,201804,2018-06-06,남자 12세이하부,개인전,토너먼트,준준준결승경기８,심규영,201504001319,,탁효진,201104003468,,0,3,B
제18회 회장배 전 한국 스쿼시 선수권대회 / 대한체육회 공인대회,201804,2018-06-06,남자 12세이하부,단체전,토너먼트,예선경기２,와룡고등학교,,,동일미래과학고등학교,,,2,1,A
제18회 회장배 전 한국 스쿼시 선수권대회 / 대한체육회 공인대회,201804,2018-06-06,남자 12세이하부,복식,토너먼트,예선경기２,"강우석, 김정연",,,"박승민, 이민우",,,1,2,B
제18회 회장배 전 한국 스쿼시 선수권대회 / 대한체육회 공인대회,201804,2018-06-06,여자 15세이하부,개인전,토너먼트,예선경기２,강현범,201302006321,,박성찬,201006002472,,0,3,B
제18회 회장배 전 한국 스쿼시 선수권대회 / 대한체육회 공인대회,201804,2018-06-06,여자 15세이하부,개인전,토너먼트,예선경기７,김정원,201302011502,,길재호,201104010290,,3,2,A
제18회 회장배 전 한국 스쿼시 선수권대회 / 대한체육회 공인대회,201804,2018-06-06,여자 15세이하부,개인전,토너먼트,예선경기１５,김성집,200707000159,,유성연,201203030365,,0,3,B
제18회 회장배 전 한국 스쿼시 선수권대회 / 대한체육회 공인대회,201804,2018-06-06,여자 15세이하부,개인전,토너먼트,준준준결승경기１,조영훈,200905003169,,박성찬,201006002472,,2,3,B
제18회 회장배 전 한국 스쿼시 선수권대회 / 대한체육회 공인대회,201804,2018-06-06,여자 15세이하부,개인전,토너먼트,준준준결승경기２,신헌수,201308001590,,유덕재,201104000837,,0,3,B
제18회 회장배 전 한국 스쿼시 선수권대회 / 대한체육회 공인대회,201804,2018-06-06,여자 15세이하부,개인전,토너먼트,준준준결승경기３,한승호,201402009248,,유한서,201704001245,,3,0,A
제18회 회장배 전 한국 스쿼시 선수권대회 / 대한체육회 공인대회,201804,2018-06-06,여자 15세이하부,개인전,토너먼트,준준준결승경기４,김정원,201302011502,,구성진,201302009824,,2,3,B
제18회 회장배 전 한국 스쿼시 선수권대회 / 대한체육회 공인대회,201804,2018-06-06,여자 15세이하부,개인전,토너먼트,준준준결승경기５,신종완,200905002727,,김진성,201402005833,,3,0,A
제18회 회장배 전 한국 스쿼시 선수권대회 / 대한체육회 공인대회,201804,2018-06-06,여자 15세이하부,개인전,토너먼트,준준준결승경기６,임재현,201402001427,,탁형진,201012000985,,2,3,B
제18회 회장배 전 한국 스쿼시 선수권대회 / 대한체육회 공인대회,201804,2018-06-06,여자 15세이하부,개인전,토너먼트,준준준결승경기７,문석호,201402009240,,이시형,201402004962,,3,0,A
제18회 회장배 전 한국 스쿼시 선수권대회 / 대한체육회 공인대회,201804,2018-06-06,여자 15세이하부,개인전,토너먼트,준준준결승경기８,유성연,201203030365,,원준호,201104000840,,3,1,A
제18회 회장배 전 한국 스쿼시 선수권대회 / 대한체육회 공인대회,201804,2018-06-06,여자 15세이하부,복식,토너먼트,예선경기２,"길재호, 신종완",,,"김정원, 구성진",,,0,2,B
제18회 회장배 전 한국 스쿼시 선수권대회 / 대한체육회 공인대회,201804,2018-06-06,여자 15세이하부,복식,토너먼트,예선경기３,"유성연, 조영훈",,,"임재현, 탁형진",,,2,1,A
제18회 회장배 전 한국 스쿼시 선수권대회 / 대한체육회 공인대회,201804,2018-06-06,남자 15세이하부,개인전,토너먼트,예선경기２,DUFFYCARLJOSEPH,201801002231,,김현용,201003010456,,0,0,A
제18회 회장배 전 한국 스쿼시 선수권대회 / 대한체육회 공인대회,201804,2018-06-06,남자 15세이하부,개인전,토너먼트,예선경기７,황중찬,200706002344,,진승우,200312004753,,2,3,B
제18회 회장배 전 한국 스쿼시 선수권대회 / 대한체육회 공인대회,201804,2018-06-06,남자 15세이하부,개인전,토너먼트,예선경기１５,최명진,200409006909,,이동준,201302010744,,0,3,B
제18회 회장배 전 한국 스쿼시 선수권대회 / 대한체육회 공인대회,201804,2018-06-06,남자 15세이하부,개인전,토너먼트,예선경기１８,김광원,200312033621,,유승용,200907002704,,1,3,B
제18회 회장배 전 한국 스쿼시 선수권대회 / 대한체육회 공인대회,201804,2018-06-06,남자 15세이하부,개인전,토너먼트,예선경기 22,우창욱,200505000725,,박한솔,200705000520,,3,0,A
제18회 회장배 전 한국 스쿼시 선수권대회 / 대한체육회 공인대회,201804,2018-06-06,남자 15세이하부,개인전,토너먼트,예선경기 29,김현동,200312010625,,백승엽,200312034382,,3,1,A
제18회 회장배 전 한국 스쿼시 선수권대회 / 대한체육회 공인대회,201804,2018-06-06,남자 15세이하부,개인전,토너먼트,예선경기 31,한성수,200312017223,,김동우,201503028559,,3,2,A
제18회 회장배 전 한국 스쿼시 선수권대회 / 대한체육회 공인대회,201804,2018-06-06,남자 15세이하부,개인전,토너먼트,준준준준결승 1,유재진,200504008874,,DUFFYCARLJOSEPH,201801002231,,3,0,A
제18회 회장배 전 한국 스쿼시 선수권대회 / 대한체육회 공인대회,201804,2018-06-06,남자 15세이하부,개인전,토너먼트,준준준준결승 2,김성영,200402011049,,신동현,201203021313,,3,0,A
제18회 회장배 전 한국 스쿼시 선수권대회 / 대한체육회 공인대회,201804,2018-06-06,남자 15세이하부,개인전,토너먼트,준준준준결승 3,정대훈,200504009468,,최상철,200312007530,,3,0,A
제18회 회장배 전 한국 스쿼시 선수권대회 / 대한체육회 공인대회,201804,2018-06-06,남자 15세이하부,개인전,토너먼트,준준준준결승 4,진승우,200312004753,,이년호,200312006064,,1,3,B
제18회 회장배 전 한국 스쿼시 선수권대회 / 대한체육회 공인대회,201804,2018-06-06,남자 15세이하부,개인전,토너먼트,준준준준결승 5,박종명,200803023360,,김창하,201602010896,,3,0,A
제18회 회장배 전 한국 스쿼시 선수권대회 / 대한체육회 공인대회,201804,2018-06-06,남자 15세이하부,개인전,토너먼트,준준준준결승 6,강문성,981827000059,,유승한,200312005692,,0,0,B
제18회 회장배 전 한국 스쿼시 선수권대회 / 대한체육회 공인대회,201804,2018-06-06,남자 15세이하부,개인전,토너먼트,준준준준결승 7,고영조,200506001863,,유용민,200312009768,,3,0,A
제18회 회장배 전 한국 스쿼시 선수권대회 / 대한체육회 공인대회,201804,2018-06-06,남자 15세이하부,개인전,토너먼트,준준준준결승 8,이동준,201302010744,,이인우,201005000191,,3,1,A
제18회 회장배 전 한국 스쿼시 선수권대회 / 대한체육회 공인대회,201804,2018-06-06,남자 15세이하부,개인전,토너먼트,준준준준결승 9,이건동,200312007919,,유승용,200907002704,,3,2,A
제18회 회장배 전 한국 스쿼시 선수권대회 / 대한체육회 공인대회,201804,2018-06-06,남자 15세이하부,개인전,토너먼트,준준준준결승 10,이동민,201302010757,,황중원,200312034030,,0,3,B
제18회 회장배 전 한국 스쿼시 선수권대회 / 대한체육회 공인대회,201804,2018-06-06,남자 15세이하부,개인전,토너먼트,준준준준결승 11,임지훈,200408000585,,우창욱,200505000725,,0,3,B
제18회 회장배 전 한국 스쿼시 선수권대회 / 대한체육회 공인대회,201804,2018-06-06,남자 15세이하부,개인전,토너먼트,준준준준결승 12,이승택,200505000724,,이주영,201302006349,,3,0,A
제18회 회장배 전 한국 스쿼시 선수권대회 / 대한체육회 공인대회,201804,2018-06-06,남자 15세이하부,개인전,토너먼트,준준준준결승 13,한승철,201501001406,,김종택,981527000074,,3,0,A
제18회 회장배 전 한국 스쿼시 선수권대회 / 대한체육회 공인대회,201804,2018-06-06,남자 15세이하부,개인전,토너먼트,준준준준결승 14,최규희,200409010818,,송일환,981527000012,,3,0,A
제18회 회장배 전 한국 스쿼시 선수권대회 / 대한체육회 공인대회,201804,2018-06-06,남자 15세이하부,개인전,토너먼트,준준준준결승 15,김현동,200312010625,,오민재,200805001140,,3,1,A
제18회 회장배 전 한국 스쿼시 선수권대회 / 대한체육회 공인대회,201804,2018-06-06,남자 15세이하부,개인전,토너먼트,준준준준결승 16,한성수,200312017223,,이세현,200504008934,,0,3,B
제18회 회장배 전 한국 스쿼시 선수권대회 / 대한체육회 공인대회,201804,2018-06-06,여자 18세이하부,개인전,토너먼트,예선경기２,곽다연,201302006626,,박주아,201503000329,,3,2,A
제18회 회장배 전 한국 스쿼시 선수권대회 / 대한체육회 공인대회,201804,2018-06-06,여자 18세이하부,개인전,토너먼트,예선경기３,문빈,201604002747,,서효린,201605000828,,3,0,A
제18회 회장배 전 한국 스쿼시 선수권대회 / 대한체육회 공인대회,201804,2018-06-06,여자 18세이하부,개인전,토너먼트,예선경기４,신유진,201602007698,,김미소,201205000350,,3,1,A
제18회 회장배 전 한국 스쿼시 선수권대회 / 대한체육회 공인대회,201804,2018-06-06,여자 18세이하부,개인전,토너먼트,예선경기５,이승연,201405001347,,신지혜,201503027806,,3,1,A
제18회 회장배 전 한국 스쿼시 선수권대회 / 대한체육회 공인대회,201804,2018-06-06,여자 18세이하부,개인전,토너먼트,예선경기６,장예원,201601000670,,류보람,201503023001,,0,3,B
제18회 회장배 전 한국 스쿼시 선수권대회 / 대한체육회 공인대회,201804,2018-06-06,여자 18세이하부,개인전,토너먼트,예선경기７,서하민,201703008633,,이수빈,201601000982,,0,3,B
제18회 회장배 전 한국 스쿼시 선수권대회 / 대한체육회 공인대회,201804,2018-06-06,여자 18세이하부,개인전,토너먼트,예선경기８,조강빈,201606003147,,곽민지,201805000058,,3,0,A
제18회 회장배 전 한국 스쿼시 선수권대회 / 대한체육회 공인대회,201804,2018-06-06,여자 18세이하부,단체전,토너먼트,예선경기２,동일미래과학고등학교,,,연수여자고등학교,,,1,2,B
제18회 회장배 전 한국 스쿼시 선수권대회 / 대한체육회 공인대회,201804,2018-06-06,남자 18세이하부,복식,리그전,1R / A조,"허민경, 김민영",,,"오승희, 장유진",,,1,2,B
제18회 회장배 전 한국 스쿼시 선수권대회 / 대한체육회 공인대회,201804,2018-06-06,남자 18세이하부,복식,리그전,1R / A조,"김민희, 김하은",,,"오승희, 장유진",,,0,2,B
제18회 회장배 전 한국 스쿼시 선수권대회 / 대한체육회 공인대회,201804,2018-06-06,남자 18세이하부,복식,리그전,1R / A조,"김민희, 김하은",,,"허민경, 김민영",,,0,2,B
제18회 회장배 전 한국 스쿼시 선수권대회 / 대한체육회 공인대회,201804,2018-06-06,여자 대학부,개인전,토너먼트,예선경기２,박영주,981527000037,,안은찬,200312014298,,0,3,B
제18회 회장배 전 한국 스쿼시 선수권대회 / 대한체육회 공인대회,201804,2018-06-06,여자 대학부,개인전,토너먼트,예선경기４,김다정,200506003985,,이영욱,200905002411,,1,3,B
제18회 회장배 전 한국 스쿼시 선수권대회 / 대한체육회 공인대회,201804,2018-06-06,여자 대학부,개인전,토너먼트,예선경기７,박상은,201404002146,,양연수,200409006651,,1,3,B
제18회 회장배 전 한국 스쿼시 선수권대회 / 대한체육회 공인대회,201804,2018-06-06,여자 대학부,개인전,토너먼트,예선경기１０,송희영,981527000081,,배찬미,200506004011,,0,3,B
제18회 회장배 전 한국 스쿼시 선수권대회 / 대한체육회 공인대회,201804,2018-06-06,여자 대학부,개인전,토너먼트,예선경기１２,권성은,200312008157,,김규리,201302011406,,1,3,B
제18회 회장배 전 한국 스쿼시 선수권대회 / 대한체육회 공인대회,201804,2018-06-06,여자 대학부,개인전,토너먼트,예선경기１５,김가람,200505000922,,박다영,201005000963,,3,0,A
제18회 회장배 전 한국 스쿼시 선수권대회 / 대한체육회 공인대회,201804,2018-06-06,여자 대학부,개인전,토너먼트,준준준결승경기１,김가혜,200312004260,,안은찬,200312014298,,3,0,A
제18회 회장배 전 한국 스쿼시 선수권대회 / 대한체육회 공인대회,201804,2018-06-06,여자 대학부,개인전,토너먼트,준준준결승경기２,이해경,200402015564,,이영욱,200905002411,,3,0,A
제18회 회장배 전 한국 스쿼시 선수권대회 / 대한체육회 공인대회,201804,2018-06-06,여자 대학부,개인전,토너먼트,준준준결승경기３,엄화영,201002007702,,박은옥,200312004918,,2,3,B
제18회 회장배 전 한국 스쿼시 선수권대회 / 대한체육회 공인대회,201804,2018-06-06,여자 대학부,개인전,토너먼트,준준준결승경기４,양연수,200409006651,,이지현,200504008455,,3,0,A
제18회 회장배 전 한국 스쿼시 선수권대회 / 대한체육회 공인대회,201804,2018-06-06,여자 대학부,개인전,토너먼트,준준준결승경기５,유지영,201405002923,,배찬미,200506004011,,0,3,B
제18회 회장배 전 한국 스쿼시 선수권대회 / 대한체육회 공인대회,201804,2018-06-06,여자 대학부,개인전,토너먼트,준준준결승경기６,박다나,200504008890,,김규리,201302011406,,0,3,B
제18회 회장배 전 한국 스쿼시 선수권대회 / 대한체육회 공인대회,201804,2018-06-06,여자 대학부,개인전,토너먼트,준준준결승경기７,박민주,200606004565,,안예진,200906002374,,0,3,B
제18회 회장배 전 한국 스쿼시 선수권대회 / 대한체육회 공인대회,201804,2018-06-06,여자 대학부,개인전,토너먼트,준준준결승경기８,김가람,200505000922,,최유라,200703026440,,0,3,B
제18회 회장배 전 한국 스쿼시 선수권대회 / 대한체육회 공인대회,201804,2018-06-06,GU13 CP,개인전,리그전,1R / A조,이유림,201803014199,,김유빈,981827000061,,3,1,A
제18회 회장배 전 한국 스쿼시 선수권대회 / 대한체육회 공인대회,201804,2018-06-06,GU13 CP,개인전,리그전,1R / A조,김태연,201605003414,,김유빈,981827000061,,3,0,A
제18회 회장배 전 한국 스쿼시 선수권대회 / 대한체육회 공인대회,201804,2018-06-06,GU13 CP,개인전,리그전,1R / A조,김태연,201605003414,,이유림,201803014199,,3,0,A
제18회 회장배 전 한국 스쿼시 선수권대회 / 대한체육회 공인대회,201804,2018-06-07,남자 12세이하부,개인전,토너먼트,준준결승경기１,김석진,201203009405,,강우석,201302005902,,3,2,A
제18회 회장배 전 한국 스쿼시 선수권대회 / 대한체육회 공인대회,201804,2018-06-07,남자 12세이하부,개인전,토너먼트,준준결승경기２,유정민,201505003438,,김지환,201303020397,,3,1,A
제18회 회장배 전 한국 스쿼시 선수권대회 / 대한체육회 공인대회,201804,2018-06-07,남자 12세이하부,개인전,토너먼트,준준결승경기３,박시형,201702007823,,이민우,201407000924,,0,3,B
제18회 회장배 전 한국 스쿼시 선수권대회 / 대한체육회 공인대회,201804,2018-06-07,남자 12세이하부,개인전,토너먼트,준준결승경기４,김승현,201403012359,,탁효진,201104003468,,0,3,B
제18회 회장배 전 한국 스쿼시 선수권대회 / 대한체육회 공인대회,201804,2018-06-07,남자 12세이하부,개인전,토너먼트,준결승경기１,김석진,201203009405,,유정민,201505003438,,3,0,A
제18회 회장배 전 한국 스쿼시 선수권대회 / 대한체육회 공인대회,201804,2018-06-07,남자 12세이하부,개인전,토너먼트,준결승경기２,이민우,201407000924,,탁효진,201104003468,,3,0,A
제18회 회장배 전 한국 스쿼시 선수권대회 / 대한체육회 공인대회,201804,2018-06-07,남자 12세이하부,단체전,토너먼트,준결승경기１,대광발명과학고등학교,,,와룡고등학교,,,2,1,A
제18회 회장배 전 한국 스쿼시 선수권대회 / 대한체육회 공인대회,201804,2018-06-07,남자 12세이하부,단체전,토너먼트,준결승경기２,인천 대건고등학교,,,백영고등학교,,,1,2,B
제18회 회장배 전 한국 스쿼시 선수권대회 / 대한체육회 공인대회,201804,2018-06-07,남자 12세이하부,복식,토너먼트,준결승경기１,"박준하, 우정",,,"박승민, 이민우",,,0,2,B
제18회 회장배 전 한국 스쿼시 선수권대회 / 대한체육회 공인대회,201804,2018-06-07,남자 12세이하부,복식,토너먼트,준결승경기２,"심규영, 이동규",,,"김승현, 김지환",,,0,2,B
제18회 회장배 전 한국 스쿼시 선수권대회 / 대한체육회 공인대회,201804,2018-06-07,여자 15세이하부,개인전,토너먼트,준준결승경기１,박성찬,201006002472,,유덕재,201104000837,,1,3,B
제18회 회장배 전 한국 스쿼시 선수권대회 / 대한체육회 공인대회,201804,2018-06-07,여자 15세이하부,개인전,토너먼트,준준결승경기２,한승호,201402009248,,구성진,201302009824,,0,3,B
제18회 회장배 전 한국 스쿼시 선수권대회 / 대한체육회 공인대회,201804,2018-06-07,여자 15세이하부,개인전,토너먼트,준준결승경기３,신종완,200905002727,,탁형진,201012000985,,0,3,B
제18회 회장배 전 한국 스쿼시 선수권대회 / 대한체육회 공인대회,201804,2018-06-07,여자 15세이하부,개인전,토너먼트,준준결승경기４,문석호,201402009240,,유성연,201203030365,,1,3,B
제18회 회장배 전 한국 스쿼시 선수권대회 / 대한체육회 공인대회,201804,2018-06-07,여자 15세이하부,개인전,토너먼트,준결승경기１,유덕재,201104000837,,구성진,201302009824,,3,1,A
제18회 회장배 전 한국 스쿼시 선수권대회 / 대한체육회 공인대회,201804,2018-06-07,여자 15세이하부,개인전,토너먼트,준결승경기２,탁형진,201012000985,,유성연,201203030365,,0,3,B
제18회 회장배 전 한국 스쿼시 선수권대회 / 대한체육회 공인대회,201804,2018-06-07,여자 15세이하부,복식,토너먼트,준결승경기１,"강현범, 문석호",,,"김정원, 구성진",,,2,0,A
제18회 회장배 전 한국 스쿼시 선수권대회 / 대한체육회 공인대회,201804,2018-06-07,여자 15세이하부,복식,토너먼트,준결승경기２,"유성연, 조영훈",,,"김성집, 박성찬",,,2,1,A
제18회 회장배 전 한국 스쿼시 선수권대회 / 대한체육회 공인대회,201804,2018-06-07,남자 15세이하부,개인전,토너먼트,준준준결승경기１,유재진,200504008874,,김성영,200402011049,,1,3,B
제18회 회장배 전 한국 스쿼시 선수권대회 / 대한체육회 공인대회,201804,2018-06-07,남자 15세이하부,개인전,토너먼트,준준준결승경기２,정대훈,200504009468,,이년호,200312006064,,0,3,B
제18회 회장배 전 한국 스쿼시 선수권대회 / 대한체육회 공인대회,201804,2018-06-07,남자 15세이하부,개인전,토너먼트,준준준결승경기３,박종명,200803023360,,유승한,200312005692,,3,2,A
제18회 회장배 전 한국 스쿼시 선수권대회 / 대한체육회 공인대회,201804,2018-06-07,남자 15세이하부,개인전,토너먼트,준준준결승경기４,고영조,200506001863,,이동준,201302010744,,3,2,A
제18회 회장배 전 한국 스쿼시 선수권대회 / 대한체육회 공인대회,201804,2018-06-07,남자 15세이하부,개인전,토너먼트,준준준결승경기５,이건동,200312007919,,황중원,200312034030,,1,3,B
제18회 회장배 전 한국 스쿼시 선수권대회 / 대한체육회 공인대회,201804,2018-06-07,남자 15세이하부,개인전,토너먼트,준준준결승경기６,우창욱,200505000725,,이승택,200505000724,,1,3,B
제18회 회장배 전 한국 스쿼시 선수권대회 / 대한체육회 공인대회,201804,2018-06-07,남자 15세이하부,개인전,토너먼트,준준준결승경기７,한승철,201501001406,,최규희,200409010818,,3,1,A
제18회 회장배 전 한국 스쿼시 선수권대회 / 대한체육회 공인대회,201804,2018-06-07,남자 15세이하부,개인전,토너먼트,준준준결승경기８,김현동,200312010625,,이세현,200504008934,,0,3,B
제18회 회장배 전 한국 스쿼시 선수권대회 / 대한체육회 공인대회,201804,2018-06-07,남자 15세이하부,개인전,토너먼트,준준결승경기１,김성영,200402011049,,이년호,200312006064,,1,3,B
제18회 회장배 전 한국 스쿼시 선수권대회 / 대한체육회 공인대회,201804,2018-06-07,남자 15세이하부,개인전,토너먼트,준준결승경기２,박종명,200803023360,,고영조,200506001863,,2,3,B
제18회 회장배 전 한국 스쿼시 선수권대회 / 대한체육회 공인대회,201804,2018-06-07,남자 15세이하부,개인전,토너먼트,준준결승경기３,황중원,200312034030,,이승택,200505000724,,3,2,A
제18회 회장배 전 한국 스쿼시 선수권대회 / 대한체육회 공인대회,201804,2018-06-07,남자 15세이하부,개인전,토너먼트,준준결승경기４,한승철,201501001406,,이세현,200504008934,,0,3,B
제18회 회장배 전 한국 스쿼시 선수권대회 / 대한체육회 공인대회,201804,2018-06-07,여자 18세이하부,개인전,토너먼트,준준결승경기１,송채원,200903026922,,곽다연,201302006626,,3,0,A
제18회 회장배 전 한국 스쿼시 선수권대회 / 대한체육회 공인대회,201804,2018-06-07,여자 18세이하부,개인전,토너먼트,준준결승경기２,문빈,201604002747,,신유진,201602007698,,0,3,B
제18회 회장배 전 한국 스쿼시 선수권대회 / 대한체육회 공인대회,201804,2018-06-07,여자 18세이하부,개인전,토너먼트,준준결승경기３,이승연,201405001347,,류보람,201503023001,,3,1,A
제18회 회장배 전 한국 스쿼시 선수권대회 / 대한체육회 공인대회,201804,2018-06-07,여자 18세이하부,개인전,토너먼트,준준결승경기４,이수빈,201601000982,,조강빈,201606003147,,1,3,B
제18회 회장배 전 한국 스쿼시 선수권대회 / 대한체육회 공인대회,201804,2018-06-07,여자 18세이하부,개인전,토너먼트,준결승경기１,송채원,200903026922,,신유진,201602007698,,3,1,A
제18회 회장배 전 한국 스쿼시 선수권대회 / 대한체육회 공인대회,201804,2018-06-07,여자 18세이하부,개인전,토너먼트,준결승경기２,이승연,201405001347,,조강빈,201606003147,,3,1,A
제18회 회장배 전 한국 스쿼시 선수권대회 / 대한체육회 공인대회,201804,2018-06-07,여자 18세이하부,단체전,토너먼트,준결승경기１,성환고등학교,,,연수여자고등학교,,,2,1,A
제18회 회장배 전 한국 스쿼시 선수권대회 / 대한체육회 공인대회,201804,2018-06-07,여자 18세이하부,단체전,토너먼트,준결승경기２,언양고등학교,,,백영고등학교,,,2,1,A
제18회 회장배 전 한국 스쿼시 선수권대회 / 대한체육회 공인대회,201804,2018-06-07,남자 18세이하부,개인전,토너먼트,예선경기１,허민경,201103015212,,김민희,201402004905,,3,1,A
제18회 회장배 전 한국 스쿼시 선수권대회 / 대한체육회 공인대회,201804,2018-06-07,남자 18세이하부,개인전,토너먼트,예선경기２,송동주,201205000983,,장유진,201012000986,,3,0,A
제18회 회장배 전 한국 스쿼시 선수권대회 / 대한체육회 공인대회,201804,2018-06-07,남자 18세이하부,개인전,토너먼트,예선경기３,문혜연,201203009845,,김민영,201306001318,,3,0,A
제18회 회장배 전 한국 스쿼시 선수권대회 / 대한체육회 공인대회,201804,2018-06-07,남자 18세이하부,개인전,토너먼트,예선경기４,김하은,201302005893,,오승희,201209002253,,0,3,B
제18회 회장배 전 한국 스쿼시 선수권대회 / 대한체육회 공인대회,201804,2018-06-07,남자 18세이하부,개인전,토너먼트,준결승경기１,허민경,201103015212,,송동주,201205000983,,3,0,A
제18회 회장배 전 한국 스쿼시 선수권대회 / 대한체육회 공인대회,201804,2018-06-07,남자 18세이하부,개인전,토너먼트,준결승경기２,문혜연,201203009845,,오승희,201209002253,,0,3,B
제18회 회장배 전 한국 스쿼시 선수권대회 / 대한체육회 공인대회,201804,2018-06-07,여자 대학부,개인전,토너먼트,준준결승경기１,김가혜,200312004260,,이해경,200402015564,,3,0,A
제18회 회장배 전 한국 스쿼시 선수권대회 / 대한체육회 공인대회,201804,2018-06-07,여자 대학부,개인전,토너먼트,준준결승경기２,박은옥,200312004918,,양연수,200409006651,,2,3,B
제18회 회장배 전 한국 스쿼시 선수권대회 / 대한체육회 공인대회,201804,2018-06-07,여자 대학부,개인전,토너먼트,준준결승경기３,배찬미,200506004011,,김규리,201302011406,,3,0,A
제18회 회장배 전 한국 스쿼시 선수권대회 / 대한체육회 공인대회,201804,2018-06-07,여자 대학부,개인전,토너먼트,준준결승경기４,안예진,200906002374,,최유라,200703026440,,0,3,B
제18회 회장배 전 한국 스쿼시 선수권대회 / 대한체육회 공인대회,201804,2018-06-07,여자 대학부,개인전,토너먼트,준결승경기１,김가혜,200312004260,,양연수,200409006651,,3,1,A
제18회 회장배 전 한국 스쿼시 선수권대회 / 대한체육회 공인대회,201804,2018-06-07,여자 대학부,개인전,토너먼트,준결승경기２,배찬미,200506004011,,최유라,200703026440,,0,3,B
제18회 회장배 전 한국 스쿼시 선수권대회 / 대한체육회 공인대회,201804,2018-06-07,GU11 P,개인전,토너먼트,예선경기２,이종혁,201803007682,,김태호,201804001636,,3,1,A
제18회 회장배 전 한국 스쿼시 선수권대회 / 대한체육회 공인대회,201804,2018-06-07,GU11 P,개인전,토너먼트,예선경기３,어지웅,201703016477,,유정욱,201603018160,,0,3,B
제18회 회장배 전 한국 스쿼시 선수권대회 / 대한체육회 공인대회,201804,2018-06-07,GU11 P,개인전,토너먼트,준결승경기１,오서진,201605004663,,이종혁,201803007682,,3,0,A
제18회 회장배 전 한국 스쿼시 선수권대회 / 대한체육회 공인대회,201804,2018-06-07,GU11 P,개인전,토너먼트,준결승경기２,유정욱,201603018160,,나주영,201602006877,,1,3,B
제18회 회장배 전 한국 스쿼시 선수권대회 / 대한체육회 공인대회,201804,2018-06-07,GU13 P,개인전,토너먼트,예선경기２,김건,201503006845,,김준영,201707001971,,3,0,A
제18회 회장배 전 한국 스쿼시 선수권대회 / 대한체육회 공인대회,201804,2018-06-07,GU13 P,개인전,토너먼트,예선경기３,이라온,201602011151,,정성보,201804000821,,3,0,A
제18회 회장배 전 한국 스쿼시 선수권대회 / 대한체육회 공인대회,201804,2018-06-07,GU13 P,개인전,토너먼트,예선경기６,박경민,201504006889,,정태경,201606000617,,0,3,B
제18회 회장배 전 한국 스쿼시 선수권대회 / 대한체육회 공인대회,201804,2018-06-07,GU13 P,개인전,토너먼트,예선경기７,승우진,201804002259,,심정민,201804003317,,0,3,B
제18회 회장배 전 한국 스쿼시 선수권대회 / 대한체육회 공인대회,201804,2018-06-07,GU13 P,개인전,토너먼트,준준결승경기１,박지훈,201706000549,,김건,201503006845,,0,3,B
제18회 회장배 전 한국 스쿼시 선수권대회 / 대한체육회 공인대회,201804,2018-06-07,GU13 P,개인전,토너먼트,준준결승경기２,이라온,201602011151,,김병관,201708000163,,3,0,A
제18회 회장배 전 한국 스쿼시 선수권대회 / 대한체육회 공인대회,201804,2018-06-07,GU13 P,개인전,토너먼트,준준결승경기３,서무진,201505003630,,정태경,201606000617,,3,1,A
제18회 회장배 전 한국 스쿼시 선수권대회 / 대한체육회 공인대회,201804,2018-06-07,GU13 P,개인전,토너먼트,준준결승경기４,심정민,201804003317,,최호진,201306001130,,0,3,B
제18회 회장배 전 한국 스쿼시 선수권대회 / 대한체육회 공인대회,201804,2018-06-07,GU16 P,개인전,토너먼트,예선경기２,김효원,201707001504,,노윤진,201702011015,,3,0,A
제18회 회장배 전 한국 스쿼시 선수권대회 / 대한체육회 공인대회,201804,2018-06-07,GU16 P,개인전,토너먼트,예선경기６,김예원,201802004444,,김민주,201404001152,,0,3,B
제18회 회장배 전 한국 스쿼시 선수권대회 / 대한체육회 공인대회,201804,2018-06-07,GU16 P,개인전,토너먼트,준준결승경기１,김다미,201107004502,,김효원,201707001504,,3,0,A
제18회 회장배 전 한국 스쿼시 선수권대회 / 대한체육회 공인대회,201804,2018-06-07,GU16 P,개인전,토너먼트,준준결승경기２,이소진,201503029527,,김하연,201503006905,,3,0,A
제18회 회장배 전 한국 스쿼시 선수권대회 / 대한체육회 공인대회,201804,2018-06-07,GU16 P,개인전,토너먼트,준준결승경기３,하수정,201602007494,,김민주,201404001152,,3,0,A
제18회 회장배 전 한국 스쿼시 선수권대회 / 대한체육회 공인대회,201804,2018-06-07,GU16 P,개인전,토너먼트,준준결승경기４,정현영,201804001295,,어수빈,201503012548,,0,3,B
제18회 회장배 전 한국 스쿼시 선수권대회 / 대한체육회 공인대회,201804,2018-06-08,남자 12세이하부,개인전,토너먼트,결승,김석진,201203009405,,이민우,201407000924,,0,3,B
제18회 회장배 전 한국 스쿼시 선수권대회 / 대한체육회 공인대회,201804,2018-06-08,남자 12세이하부,단체전,토너먼트,결승,대광발명과학고등학교,,,백영고등학교,,,0,2,B
제18회 회장배 전 한국 스쿼시 선수권대회 / 대한체육회 공인대회,201804,2018-06-08,남자 12세이하부,복식,토너먼트,결승,"박승민, 이민우",,,"김승현, 김지환",,,2,0,A
제18회 회장배 전 한국 스쿼시 선수권대회 / 대한체육회 공인대회,201804,2018-06-08,여자 15세이하부,개인전,토너먼트,결승,유덕재,201104000837,,유성연,201203030365,,3,1,A
제18회 회장배 전 한국 스쿼시 선수권대회 / 대한체육회 공인대회,201804,2018-06-08,여자 15세이하부,복식,토너먼트,결승,"강현범, 문석호",,,"유성연, 조영훈",,,0,2,B
제18회 회장배 전 한국 스쿼시 선수권대회 / 대한체육회 공인대회,201804,2018-06-08,남자 15세이하부,개인전,토너먼트,준결승경기１,이년호,200312006064,,고영조,200506001863,,3,1,A
제18회 회장배 전 한국 스쿼시 선수권대회 / 대한체육회 공인대회,201804,2018-06-08,남자 15세이하부,개인전,토너먼트,준결승경기２,황중원,200312034030,,이세현,200504008934,,2,3,B
제18회 회장배 전 한국 스쿼시 선수권대회 / 대한체육회 공인대회,201804,2018-06-08,남자 15세이하부,개인전,토너먼트,결승,이년호,200312006064,,이세현,200504008934,,3,0,A
제18회 회장배 전 한국 스쿼시 선수권대회 / 대한체육회 공인대회,201804,2018-06-08,여자 18세이하부,개인전,토너먼트,결승,송채원,200903026922,,이승연,201405001347,,3,0,A
제18회 회장배 전 한국 스쿼시 선수권대회 / 대한체육회 공인대회,201804,2018-06-08,여자 18세이하부,단체전,토너먼트,결승,성환고등학교,,,언양고등학교,,,0,2,B
제18회 회장배 전 한국 스쿼시 선수권대회 / 대한체육회 공인대회,201804,2018-06-08,남자 18세이하부,개인전,토너먼트,결승,허민경,201103015212,,오승희,201209002253,,1,3,B
제18회 회장배 전 한국 스쿼시 선수권대회 / 대한체육회 공인대회,201804,2018-06-08,여자 대학부,개인전,토너먼트,결승,김가혜,200312004260,,최유라,200703026440,,3,0,A
제18회 회장배 전 한국 스쿼시 선수권대회 / 대한체육회 공인대회,201804,2018-06-08,GU11 P,개인전,토너먼트,결승,오서진,201605004663,,나주영,201602006877,,3,0,A
제18회 회장배 전 한국 스쿼시 선수권대회 / 대한체육회 공인대회,201804,2018-06-08,GU13 P,개인전,토너먼트,준결승경기１,김건,201503006845,,이라온,201602011151,,0,3,B
제18회 회장배 전 한국 스쿼시 선수권대회 / 대한체육회 공인대회,201804,2018-06-08,GU13 P,개인전,토너먼트,준결승경기２,서무진,201505003630,,최호진,201306001130,,0,3,B
제18회 회장배 전 한국 스쿼시 선수권대회 / 대한체육회 공인대회,201804,2018-06-08,GU13 P,개인전,토너먼트,결승,이라온,201602011151,,최호진,201306001130,,0,3,B
제18회 회장배 전 한국 스쿼시 선수권대회 / 대한체육회 공인대회,201804,2018-06-08,GU16 P,개인전,토너먼트,준결승경기１,김다미,201107004502,,이소진,201503029527,,3,0,A
제18회 회장배 전 한국 스쿼시 선수권대회 / 대한체육회 공인대회,201804,2018-06-08,GU16 P,개인전,토너먼트,준결승경기２,하수정,201602007494,,어수빈,201503012548,,0,3,B
제18회 회장배 전 한국 스쿼시 선수권대회 / 대한체육회 공인대회,201804,2018-06-08,GU16 P,개인전,토너먼트,결승,김다미,201107004502,,어수빈,201503012548,,3,0,A
제21회 금곡배 전국 초 ·중·고 스쿼시 선수권대회 / 대한체육회 공인대회,201805,2018-06-21,남자 12세이하부,개인전,토너먼트,예선경기２,이지석,201703004879,,박시형,201702007823,,3,1,A
제21회 금곡배 전국 초 ·중·고 스쿼시 선수권대회 / 대한체육회 공인대회,201805,2018-06-21,남자 12세이하부,개인전,토너먼트,예선경기３,김석진,201203009405,,이시훈,201603006399,,3,0,A
제21회 금곡배 전국 초 ·중·고 스쿼시 선수권대회 / 대한체육회 공인대회,201805,2018-06-21,남자 12세이하부,개인전,토너먼트,예선경기６,최현우,201703014575,,심규영,201504001319,,0,3,B
제21회 금곡배 전국 초 ·중·고 스쿼시 선수권대회 / 대한체육회 공인대회,201805,2018-06-21,남자 12세이하부,개인전,토너먼트,예선경기１２,우정,201602011179,,탁효진,201104003468,,0,3,B
제21회 금곡배 전국 초 ·중·고 스쿼시 선수권대회 / 대한체육회 공인대회,201805,2018-06-21,남자 12세이하부,개인전,토너먼트,예선경기１５,권숙빈,201802004973,,유민석,201708001690,,3,0,A
제21회 금곡배 전국 초 ·중·고 스쿼시 선수권대회 / 대한체육회 공인대회,201805,2018-06-21,남자 12세이하부,개인전,토너먼트,준준준결승경기１,이동규,201606000580,,이지석,201703004879,,3,1,A
제21회 금곡배 전국 초 ·중·고 스쿼시 선수권대회 / 대한체육회 공인대회,201805,2018-06-21,남자 12세이하부,개인전,토너먼트,준준준결승경기２,김석진,201203009405,,지동현,201507002321,,3,0,A
제21회 금곡배 전국 초 ·중·고 스쿼시 선수권대회 / 대한체육회 공인대회,201805,2018-06-21,남자 12세이하부,개인전,토너먼트,준준준결승경기３,강우석,201302005902,,심규영,201504001319,,3,1,A
제21회 금곡배 전국 초 ·중·고 스쿼시 선수권대회 / 대한체육회 공인대회,201805,2018-06-21,남자 12세이하부,개인전,토너먼트,준준준결승경기４,한종수,201503002226,,유정민,201505003438,,1,3,B
제21회 금곡배 전국 초 ·중·고 스쿼시 선수권대회 / 대한체육회 공인대회,201805,2018-06-21,남자 12세이하부,개인전,토너먼트,준준준결승경기５,박승민,201702006829,,박준하,201302011134,,3,0,A
제21회 금곡배 전국 초 ·중·고 스쿼시 선수권대회 / 대한체육회 공인대회,201805,2018-06-21,남자 12세이하부,개인전,토너먼트,준준준결승경기６,이민규,201606000586,,탁효진,201104003468,,0,3,B
제21회 금곡배 전국 초 ·중·고 스쿼시 선수권대회 / 대한체육회 공인대회,201805,2018-06-21,남자 12세이하부,개인전,토너먼트,준준준결승경기７,김정연,201702006885,,박태하,201602011173,,2,3,B
제21회 금곡배 전국 초 ·중·고 스쿼시 선수권대회 / 대한체육회 공인대회,201805,2018-06-21,남자 12세이하부,개인전,토너먼트,준준준결승경기８,권숙빈,201802004973,,이민우,201407000924,,0,3,B
제21회 금곡배 전국 초 ·중·고 스쿼시 선수권대회 / 대한체육회 공인대회,201805,2018-06-21,남자 12세이하부,단체전,토너먼트,예선경기２,대광발명과학고등학교,,,와룡고등학교,,,2,1,A
제21회 금곡배 전국 초 ·중·고 스쿼시 선수권대회 / 대한체육회 공인대회,201805,2018-06-21,남자 12세이하부,복식,토너먼트,예선경기１,"이시훈, 이동규",,,"강우석, 김정연",,,2,0,A
제21회 금곡배 전국 초 ·중·고 스쿼시 선수권대회 / 대한체육회 공인대회,201805,2018-06-21,여자 18세이하부,개인전,토너먼트,예선경기２,서효린,201605000828,,서하민,201703008633,,3,2,A
제21회 금곡배 전국 초 ·중·고 스쿼시 선수권대회 / 대한체육회 공인대회,201805,2018-06-21,여자 18세이하부,개인전,토너먼트,예선경기３,류보람,201503023001,,조강빈,201606003147,,3,0,A
제21회 금곡배 전국 초 ·중·고 스쿼시 선수권대회 / 대한체육회 공인대회,201805,2018-06-21,여자 18세이하부,개인전,토너먼트,예선경기４,이수빈,201601000982,,문빈,201604002747,,1,3,B
제21회 금곡배 전국 초 ·중·고 스쿼시 선수권대회 / 대한체육회 공인대회,201805,2018-06-21,여자 18세이하부,개인전,토너먼트,예선경기５,이승연,201405001347,,곽민지,201805000058,,3,0,A
제21회 금곡배 전국 초 ·중·고 스쿼시 선수권대회 / 대한체육회 공인대회,201805,2018-06-21,여자 18세이하부,개인전,토너먼트,예선경기６,곽다연,201302006626,,신지혜,201503027806,,3,0,A
제21회 금곡배 전국 초 ·중·고 스쿼시 선수권대회 / 대한체육회 공인대회,201805,2018-06-21,여자 18세이하부,개인전,토너먼트,예선경기７,장예원,201601000670,,박주아,201503000329,,0,3,B
제21회 금곡배 전국 초 ·중·고 스쿼시 선수권대회 / 대한체육회 공인대회,201805,2018-06-21,여자 18세이하부,개인전,토너먼트,준준결승경기１,송채원,200903026922,,서효린,201605000828,,3,0,A
제21회 금곡배 전국 초 ·중·고 스쿼시 선수권대회 / 대한체육회 공인대회,201805,2018-06-21,여자 18세이하부,개인전,토너먼트,준준결승경기２,류보람,201503023001,,문빈,201604002747,,3,0,A
제21회 금곡배 전국 초 ·중·고 스쿼시 선수권대회 / 대한체육회 공인대회,201805,2018-06-21,여자 18세이하부,개인전,토너먼트,준준결승경기３,이승연,201405001347,,곽다연,201302006626,,3,2,A
제21회 금곡배 전국 초 ·중·고 스쿼시 선수권대회 / 대한체육회 공인대회,201805,2018-06-21,여자 18세이하부,개인전,토너먼트,준준결승경기４,박주아,201503000329,,신유진,201602007698,,3,0,A
제21회 금곡배 전국 초 ·중·고 스쿼시 선수권대회 / 대한체육회 공인대회,201805,2018-06-21,여자 18세이하부,단체전,토너먼트,예선경기２,연수여자고등학교,,,백영고등학교,,,1,2,B
제21회 금곡배 전국 초 ·중·고 스쿼시 선수권대회 / 대한체육회 공인대회,201805,2018-06-21,GU16 P,개인전,토너먼트,예선경기３,노윤진,201702011015,,김민주,201404001152,,3,2,A
제21회 금곡배 전국 초 ·중·고 스쿼시 선수권대회 / 대한체육회 공인대회,201805,2018-06-21,GU16 P,개인전,토너먼트,준준결승경기１,이소진,201503029527,,정현영,201804001295,,3,0,A
제21회 금곡배 전국 초 ·중·고 스쿼시 선수권대회 / 대한체육회 공인대회,201805,2018-06-21,GU16 P,개인전,토너먼트,준준결승경기２,노윤진,201702011015,,김예원,201802004444,,3,0,A
제21회 금곡배 전국 초 ·중·고 스쿼시 선수권대회 / 대한체육회 공인대회,201805,2018-06-21,GU16 P,개인전,토너먼트,준준결승경기３,김하연,201503006905,,김효원,201707001504,,3,0,A
제21회 금곡배 전국 초 ·중·고 스쿼시 선수권대회 / 대한체육회 공인대회,201805,2018-06-21,GU16 P,개인전,토너먼트,준준결승경기４,하수정,201602007494,,어수빈,201503012548,,0,3,B
제21회 금곡배 전국 초 ·중·고 스쿼시 선수권대회 / 대한체육회 공인대회,201805,2018-06-22,남자 12세이하부,개인전,토너먼트,준준결승경기１,이동규,201606000580,,김석진,201203009405,,0,3,B
제21회 금곡배 전국 초 ·중·고 스쿼시 선수권대회 / 대한체육회 공인대회,201805,2018-06-22,남자 12세이하부,개인전,토너먼트,준준결승경기２,강우석,201302005902,,유정민,201505003438,,3,1,A
제21회 금곡배 전국 초 ·중·고 스쿼시 선수권대회 / 대한체육회 공인대회,201805,2018-06-22,남자 12세이하부,개인전,토너먼트,준준결승경기３,박승민,201702006829,,탁효진,201104003468,,1,3,B
제21회 금곡배 전국 초 ·중·고 스쿼시 선수권대회 / 대한체육회 공인대회,201805,2018-06-22,남자 12세이하부,개인전,토너먼트,준준결승경기４,박태하,201602011173,,이민우,201407000924,,0,3,B
제21회 금곡배 전국 초 ·중·고 스쿼시 선수권대회 / 대한체육회 공인대회,201805,2018-06-22,남자 12세이하부,개인전,토너먼트,준결승경기１,김석진,201203009405,,강우석,201302005902,,3,1,A
제21회 금곡배 전국 초 ·중·고 스쿼시 선수권대회 / 대한체육회 공인대회,201805,2018-06-22,남자 12세이하부,개인전,토너먼트,준결승경기２,탁효진,201104003468,,이민우,201407000924,,1,3,B
제21회 금곡배 전국 초 ·중·고 스쿼시 선수권대회 / 대한체육회 공인대회,201805,2018-06-22,남자 12세이하부,단체전,토너먼트,준결승경기１,백영고등학교,,,대광발명과학고등학교,,,1,2,B
제21회 금곡배 전국 초 ·중·고 스쿼시 선수권대회 / 대한체육회 공인대회,201805,2018-06-22,남자 12세이하부,단체전,토너먼트,준결승경기２,동일미래과학고등학교,,,인천 대건고등학교,,,2,0,A
제21회 금곡배 전국 초 ·중·고 스쿼시 선수권대회 / 대한체육회 공인대회,201805,2018-06-22,남자 12세이하부,복식,토너먼트,예선경기２,"이지석, 최현우",,,"박승민, 이민우",,,0,2,B
제21회 금곡배 전국 초 ·중·고 스쿼시 선수권대회 / 대한체육회 공인대회,201805,2018-06-22,여자 18세이하부,개인전,토너먼트,준결승경기１,송채원,200903026922,,류보람,201503023001,,3,0,A
제21회 금곡배 전국 초 ·중·고 스쿼시 선수권대회 / 대한체육회 공인대회,201805,2018-06-22,여자 18세이하부,개인전,토너먼트,준결승경기２,이승연,201405001347,,박주아,201503000329,,2,3,B
제21회 금곡배 전국 초 ·중·고 스쿼시 선수권대회 / 대한체육회 공인대회,201805,2018-06-22,여자 18세이하부,단체전,토너먼트,준결승경기１,성환고등학교,,,백영고등학교,,,0,2,B
제21회 금곡배 전국 초 ·중·고 스쿼시 선수권대회 / 대한체육회 공인대회,201805,2018-06-22,여자 18세이하부,단체전,토너먼트,준결승경기２,언양고등학교,,,동일미래과학고등학교,,,2,0,A
제21회 금곡배 전국 초 ·중·고 스쿼시 선수권대회 / 대한체육회 공인대회,201805,2018-06-22,GU11 P,개인전,토너먼트,예선경기２,김용욱,201803011345,,유민우,981827000062,,0,3,B
제21회 금곡배 전국 초 ·중·고 스쿼시 선수권대회 / 대한체육회 공인대회,201805,2018-06-22,GU11 P,개인전,토너먼트,예선경기３,김정운,201703008662,,김태호,201804001636,,0,3,B
제21회 금곡배 전국 초 ·중·고 스쿼시 선수권대회 / 대한체육회 공인대회,201805,2018-06-22,GU11 P,개인전,토너먼트,준결승경기１,유정욱,201603018160,,유민우,981827000062,,3,0,A
제21회 금곡배 전국 초 ·중·고 스쿼시 선수권대회 / 대한체육회 공인대회,201805,2018-06-22,GU11 P,개인전,토너먼트,준결승경기２,김태호,201804001636,,오서진,201605004663,,0,3,B
제21회 금곡배 전국 초 ·중·고 스쿼시 선수권대회 / 대한체육회 공인대회,201805,2018-06-22,GU13 P,개인전,토너먼트,예선경기２,김병관,201708000163,,정성보,201804000821,,0,0,A
제21회 금곡배 전국 초 ·중·고 스쿼시 선수권대회 / 대한체육회 공인대회,201805,2018-06-22,GU13 P,개인전,토너먼트,준결승경기１,서무진,201505003630,,김병관,201708000163,,3,1,A
제21회 금곡배 전국 초 ·중·고 스쿼시 선수권대회 / 대한체육회 공인대회,201805,2018-06-22,GU13 P,개인전,토너먼트,준결승경기２,최호진,201306001130,,정태경,201606000617,,3,0,A
제21회 금곡배 전국 초 ·중·고 스쿼시 선수권대회 / 대한체육회 공인대회,201805,2018-06-22,GU13 CP,개인전,리그전,1R / A조,현수민,201802000099,,김태연,201605003414,,0,3,B
제21회 금곡배 전국 초 ·중·고 스쿼시 선수권대회 / 대한체육회 공인대회,201805,2018-06-22,GU13 CP,개인전,리그전,1R / A조,현수민,201802000099,,김유빈,201806000818,,3,0,A
제21회 금곡배 전국 초 ·중·고 스쿼시 선수권대회 / 대한체육회 공인대회,201805,2018-06-22,GU16 P,개인전,토너먼트,준결승경기１,이소진,201503029527,,노윤진,201702011015,,3,0,A
제21회 금곡배 전국 초 ·중·고 스쿼시 선수권대회 / 대한체육회 공인대회,201805,2018-06-22,GU16 P,개인전,토너먼트,준결승경기２,김하연,201503006905,,어수빈,201503012548,,1,3,B
제21회 금곡배 전국 초 ·중·고 스쿼시 선수권대회 / 대한체육회 공인대회,201805,2018-06-23,남자 12세이하부,개인전,토너먼트,결승,김석진,201203009405,,이민우,201407000924,,0,3,B
제21회 금곡배 전국 초 ·중·고 스쿼시 선수권대회 / 대한체육회 공인대회,201805,2018-06-23,남자 12세이하부,단체전,토너먼트,결승,대광발명과학고등학교,,,동일미래과학고등학교,,,2,1,A
제21회 금곡배 전국 초 ·중·고 스쿼시 선수권대회 / 대한체육회 공인대회,201805,2018-06-23,남자 12세이하부,복식,토너먼트,결승,"이시훈, 이동규",,,"박승민, 이민우",,,0,2,B
제21회 금곡배 전국 초 ·중·고 스쿼시 선수권대회 / 대한체육회 공인대회,201805,2018-06-23,여자 18세이하부,개인전,토너먼트,결승,송채원,200903026922,,박주아,201503000329,,0,0,
제21회 금곡배 전국 초 ·중·고 스쿼시 선수권대회 / 대한체육회 공인대회,201805,2018-06-23,여자 18세이하부,단체전,토너먼트,결승,백영고등학교,,,언양고등학교,,,2,1,A
제21회 금곡배 전국 초 ·중·고 스쿼시 선수권대회 / 대한체육회 공인대회,201805,2018-06-23,GU11 P,개인전,토너먼트,결승,유정욱,201603018160,,오서진,201605004663,,0,3,B
제21회 금곡배 전국 초 ·중·고 스쿼시 선수권대회 / 대한체육회 공인대회,201805,2018-06-23,GU13 P,개인전,토너먼트,결승,서무진,201505003630,,최호진,201306001130,,0,3,B
제21회 금곡배 전국 초 ·중·고 스쿼시 선수권대회 / 대한체육회 공인대회,201805,2018-06-23,GU13 CP,개인전,리그전,1R / A조,김유빈,201806000818,,김태연,201605003414,,0,3,B
제21회 금곡배 전국 초 ·중·고 스쿼시 선수권대회 / 대한체육회 공인대회,201805,2018-06-23,GU16 P,개인전,토너먼트,결승,이소진,201503029527,,어수빈,201503012548,,3,0,A
제11회 영산컵 코리아 오픈 스쿼시 챔피언쉽,201806,2018-07-20,GU11,개인전,토너먼트,예선경기２,구성진,201302009824,,문석호,201402009240,,2,3,B
제11회 영산컵 코리아 오픈 스쿼시 챔피언쉽,201806,2018-07-20,GU11,개인전,토너먼트,예선경기３,유덕재,201104000837,,이동민,201302010757,,0,0,A
제11회 영산컵 코리아 오픈 스쿼시 챔피언쉽,201806,2018-07-20,GU11,개인전,토너먼트,예선경기４,김현동,200312010625,,김현용,201003010456,,3,0,A
제11회 영산컵 코리아 오픈 스쿼시 챔피언쉽,201806,2018-07-20,GU11,개인전,토너먼트,예선경기５,Leong Yew Sing Timothy,970500100063,,최명진,200409006909,,3,0,A
제11회 영산컵 코리아 오픈 스쿼시 챔피언쉽,201806,2018-07-20,GU11,개인전,토너먼트,예선경기６,김동우,201503028559,,황중찬,200706002344,,3,1,A
제11회 영산컵 코리아 오픈 스쿼시 챔피언쉽,201806,2018-07-20,GU11,개인전,토너먼트,예선경기７,오민재,200805001140,,김성집,200707000159,,3,0,A
제11회 영산컵 코리아 오픈 스쿼시 챔피언쉽,201806,2018-07-20,GU11,개인전,토너먼트,예선경기９,Afy Luqman Bin Noor Afendy,970500100064,,유승한,200312005692,,0,3,B
제11회 영산컵 코리아 오픈 스쿼시 챔피언쉽,201806,2018-07-20,GU11,개인전,토너먼트,예선경기１０,고영조,200506001863,,박성찬,201006002472,,3,0,A
제11회 영산컵 코리아 오픈 스쿼시 챔피언쉽,201806,2018-07-20,GU11,개인전,토너먼트,예선경기１１,길재호,201104010290,,유성연,201203030365,,0,3,B
제11회 영산컵 코리아 오픈 스쿼시 챔피언쉽,201806,2018-07-20,GU11,개인전,토너먼트,예선경기１２,한승철,201501001406,,최상철,200312007530,,3,0,A
제11회 영산컵 코리아 오픈 스쿼시 챔피언쉽,201806,2018-07-20,GU11,개인전,토너먼트,예선경기１３,백승엽,200312034382,,박한솔,200705000520,,3,2,A
제11회 영산컵 코리아 오픈 스쿼시 챔피언쉽,201806,2018-07-20,GU11,개인전,토너먼트,예선경기１４,신동현,201203021313,,신헌수,201308001590,,3,1,A
제11회 영산컵 코리아 오픈 스쿼시 챔피언쉽,201806,2018-07-20,GU11,개인전,토너먼트,예선경기１５,임재현,201402001427,,강현범,201302006321,,3,1,A
제11회 영산컵 코리아 오픈 스쿼시 챔피언쉽,201806,2018-07-20,GU11,개인전,토너먼트,예선경기１８,유승용,200907002704,,김광원,200312033621,,3,1,A
제11회 영산컵 코리아 오픈 스쿼시 챔피언쉽,201806,2018-07-20,GU11,개인전,토너먼트,예선경기２０,이승준,201501002083,,임지훈,200408000585,,3,0,A
제11회 영산컵 코리아 오픈 스쿼시 챔피언쉽,201806,2018-07-20,GU11,개인전,토너먼트,예선경기 21,김창하,201602010896,,이건동,200312007919,,0,3,B
제11회 영산컵 코리아 오픈 스쿼시 챔피언쉽,201806,2018-07-20,GU11,개인전,토너먼트,예선경기 22,조영훈,200905003169,,한성수,200312017223,,3,1,A
제11회 영산컵 코리아 오픈 스쿼시 챔피언쉽,201806,2018-07-20,GU11,개인전,토너먼트,예선경기 23,신종완,200905002727,,황중원,200312034030,,0,3,B
제11회 영산컵 코리아 오픈 스쿼시 챔피언쉽,201806,2018-07-20,GU11,개인전,토너먼트,예선경기 26,이시형,201402004962,,Benedict Chan Jia Wei,970500100067,,1,3,B
제11회 영산컵 코리아 오픈 스쿼시 챔피언쉽,201806,2018-07-20,GU11,개인전,토너먼트,예선경기 27,최규희,200409010818,,이인우,201005000191,,0,3,B
제11회 영산컵 코리아 오픈 스쿼시 챔피언쉽,201806,2018-07-20,GU11,개인전,토너먼트,예선경기 28,우창욱,200505000725,,이동준,201302010744,,2,3,B
제11회 영산컵 코리아 오픈 스쿼시 챔피언쉽,201806,2018-07-20,GU11,개인전,토너먼트,예선경기 29,진승우,200312004753,,김성영,200402011049,,3,0,A
제11회 영산컵 코리아 오픈 스쿼시 챔피언쉽,201806,2018-07-20,GU11,개인전,토너먼트,예선경기 31,유한서,201704001245,,유용민,200312009768,,0,3,B
제11회 영산컵 코리아 오픈 스쿼시 챔피언쉽,201806,2018-07-20,GU11,개인전,토너먼트,준준준준결승 1,이세현,200504008934,,문석호,201402009240,,3,0,A
제11회 영산컵 코리아 오픈 스쿼시 챔피언쉽,201806,2018-07-20,GU11,개인전,토너먼트,준준준준결승 2,유덕재,201104000837,,김현동,200312010625,,3,1,A
제11회 영산컵 코리아 오픈 스쿼시 챔피언쉽,201806,2018-07-20,GU11,개인전,토너먼트,준준준준결승 3,Leong Yew Sing Timothy,970500100063,,김동우,201503028559,,1,3,B
제11회 영산컵 코리아 오픈 스쿼시 챔피언쉽,201806,2018-07-20,GU11,개인전,토너먼트,준준준준결승 4,오민재,200805001140,,이년호,200312006064,,1,3,B
제11회 영산컵 코리아 오픈 스쿼시 챔피언쉽,201806,2018-07-20,GU11,개인전,토너먼트,준준준준결승 5,유승한,200312005692,,고영조,200506001863,,1,3,B
제11회 영산컵 코리아 오픈 스쿼시 챔피언쉽,201806,2018-07-20,GU11,개인전,토너먼트,준준준준결승 6,유성연,201203030365,,한승철,201501001406,,2,3,B
제11회 영산컵 코리아 오픈 스쿼시 챔피언쉽,201806,2018-07-20,GU11,개인전,토너먼트,준준준준결승 7,백승엽,200312034382,,신동현,201203021313,,3,1,A
제11회 영산컵 코리아 오픈 스쿼시 챔피언쉽,201806,2018-07-20,GU11,개인전,토너먼트,준준준준결승 8,임재현,201402001427,,Samuel Kang Shan Mu,970500100065,,0,3,B
제11회 영산컵 코리아 오픈 스쿼시 챔피언쉽,201806,2018-07-20,GU11,개인전,토너먼트,준준준준결승 9,박종명,200803023360,,유승용,200907002704,,1,3,B
제11회 영산컵 코리아 오픈 스쿼시 챔피언쉽,201806,2018-07-20,GU11,개인전,토너먼트,준준준준결승 10,탁형진,201012000985,,이승준,201501002083,,0,3,B
제11회 영산컵 코리아 오픈 스쿼시 챔피언쉽,201806,2018-07-20,GU11,개인전,토너먼트,준준준준결승 11,이건동,200312007919,,조영훈,200905003169,,1,3,B
제11회 영산컵 코리아 오픈 스쿼시 챔피언쉽,201806,2018-07-20,GU11,개인전,토너먼트,준준준준결승 12,황중원,200312034030,,Sim Zhi Min Benjamin,970500100066,,3,0,A
제11회 영산컵 코리아 오픈 스쿼시 챔피언쉽,201806,2018-07-20,GU11,개인전,토너먼트,준준준준결승 13,이승택,200505000724,,Benedict Chan Jia Wei,970500100067,,1,3,B
제11회 영산컵 코리아 오픈 스쿼시 챔피언쉽,201806,2018-07-20,GU11,개인전,토너먼트,준준준준결승 14,이인우,201005000191,,이동준,201302010744,,3,0,A
제11회 영산컵 코리아 오픈 스쿼시 챔피언쉽,201806,2018-07-20,GU11,개인전,토너먼트,준준준준결승 15,진승우,200312004753,,정대훈,200504009468,,3,0,A
제11회 영산컵 코리아 오픈 스쿼시 챔피언쉽,201806,2018-07-20,GU11,개인전,토너먼트,준준준준결승 16,유용민,200312009768,,유재진,200504008874,,1,3,B
제11회 영산컵 코리아 오픈 스쿼시 챔피언쉽,201806,2018-07-20,GU13,개인전,토너먼트,예선경기２,김미진,201503004586,,김규리,201302011406,,3,1,A
제11회 영산컵 코리아 오픈 스쿼시 챔피언쉽,201806,2018-07-20,GU13,개인전,토너먼트,예선경기３,박다나,200504008890,,박미림,200312007885,,0,0,B
제11회 영산컵 코리아 오픈 스쿼시 챔피언쉽,201806,2018-07-20,GU13,개인전,토너먼트,예선경기５,송동주,201205000983,,이보라,201501001374,,3,2,A
제11회 영산컵 코리아 오픈 스쿼시 챔피언쉽,201806,2018-07-20,GU13,개인전,토너먼트,예선경기６,안예진,200906002374,,박영주,981527000037,,3,0,A
제11회 영산컵 코리아 오픈 스쿼시 챔피언쉽,201806,2018-07-20,GU13,개인전,토너먼트,예선경기７,김아현,200312015283,,오승희,201209002253,,0,0,A
제11회 영산컵 코리아 오픈 스쿼시 챔피언쉽,201806,2018-07-20,GU13,개인전,토너먼트,예선경기１０,김다정,200506003985,,박다영,201005000963,,3,0,A
제11회 영산컵 코리아 오픈 스쿼시 챔피언쉽,201806,2018-07-20,GU13,개인전,토너먼트,예선경기１１,박은옥,200312004918,,박상은,201404002146,,3,0,A
제11회 영산컵 코리아 오픈 스쿼시 챔피언쉽,201806,2018-07-20,GU13,개인전,토너먼트,예선경기１３,김가람,200505000922,,이수빈,201601000982,,3,0,A
제11회 영산컵 코리아 오픈 스쿼시 챔피언쉽,201806,2018-07-20,GU13,개인전,토너먼트,예선경기１５,김가혜,200312004260,,허민경,201103015212,,3,0,A
제11회 영산컵 코리아 오픈 스쿼시 챔피언쉽,201806,2018-07-21,GU11,개인전,토너먼트,준준준결승경기１,이세현,200504008934,,유덕재,201104000837,,3,1,A
제11회 영산컵 코리아 오픈 스쿼시 챔피언쉽,201806,2018-07-21,GU11,개인전,토너먼트,준준준결승경기２,김동우,201503028559,,이년호,200312006064,,3,2,A
제11회 영산컵 코리아 오픈 스쿼시 챔피언쉽,201806,2018-07-21,GU11,개인전,토너먼트,준준준결승경기３,고영조,200506001863,,한승철,201501001406,,3,2,A
제11회 영산컵 코리아 오픈 스쿼시 챔피언쉽,201806,2018-07-21,GU11,개인전,토너먼트,준준준결승경기４,백승엽,200312034382,,Samuel Kang Shan Mu,970500100065,,0,3,B
제11회 영산컵 코리아 오픈 스쿼시 챔피언쉽,201806,2018-07-21,GU11,개인전,토너먼트,준준준결승경기５,유승용,200907002704,,이승준,201501002083,,1,3,B
제11회 영산컵 코리아 오픈 스쿼시 챔피언쉽,201806,2018-07-21,GU11,개인전,토너먼트,준준준결승경기６,조영훈,200905003169,,황중원,200312034030,,0,3,B
제11회 영산컵 코리아 오픈 스쿼시 챔피언쉽,201806,2018-07-21,GU11,개인전,토너먼트,준준준결승경기７,Benedict Chan Jia Wei,970500100067,,이인우,201005000191,,1,3,B
제11회 영산컵 코리아 오픈 스쿼시 챔피언쉽,201806,2018-07-21,GU11,개인전,토너먼트,준준준결승경기８,진승우,200312004753,,유재진,200504008874,,3,2,A
제11회 영산컵 코리아 오픈 스쿼시 챔피언쉽,201806,2018-07-21,GU11,개인전,토너먼트,준준결승경기１,이세현,200504008934,,김동우,201503028559,,3,1,A
제11회 영산컵 코리아 오픈 스쿼시 챔피언쉽,201806,2018-07-21,GU11,개인전,토너먼트,준준결승경기２,고영조,200506001863,,Samuel Kang Shan Mu,970500100065,,3,2,A
제11회 영산컵 코리아 오픈 스쿼시 챔피언쉽,201806,2018-07-21,GU11,개인전,토너먼트,준준결승경기３,이승준,201501002083,,황중원,200312034030,,2,3,B
제11회 영산컵 코리아 오픈 스쿼시 챔피언쉽,201806,2018-07-21,GU11,개인전,토너먼트,준준결승경기４,이인우,201005000191,,진승우,200312004753,,1,3,B
제11회 영산컵 코리아 오픈 스쿼시 챔피언쉽,201806,2018-07-21,GU13,개인전,토너먼트,준준준결승경기１,최유라,200703026440,,김미진,201503004586,,3,1,A
제11회 영산컵 코리아 오픈 스쿼시 챔피언쉽,201806,2018-07-21,GU13,개인전,토너먼트,준준준결승경기２,박미림,200312007885,,양연수,200409006651,,0,3,B
제11회 영산컵 코리아 오픈 스쿼시 챔피언쉽,201806,2018-07-21,GU13,개인전,토너먼트,준준준결승경기３,송동주,201205000983,,안예진,200906002374,,2,3,B
제11회 영산컵 코리아 오픈 스쿼시 챔피언쉽,201806,2018-07-21,GU13,개인전,토너먼트,준준준결승경기４,김아현,200312015283,,엄화영,201002007702,,0,3,B
제11회 영산컵 코리아 오픈 스쿼시 챔피언쉽,201806,2018-07-21,GU13,개인전,토너먼트,준준준결승경기５,배찬미,200506004011,,김다정,200506003985,,3,0,A
제11회 영산컵 코리아 오픈 스쿼시 챔피언쉽,201806,2018-07-21,GU13,개인전,토너먼트,준준준결승경기６,박은옥,200312004918,,장유진,201012000986,,3,0,A
제11회 영산컵 코리아 오픈 스쿼시 챔피언쉽,201806,2018-07-21,GU13,개인전,토너먼트,준준준결승경기７,김가람,200505000922,,문혜연,201203009845,,3,2,A
제11회 영산컵 코리아 오픈 스쿼시 챔피언쉽,201806,2018-07-21,GU13,개인전,토너먼트,준준준결승경기８,김가혜,200312004260,,이지현,200504008455,,3,0,A
제11회 영산컵 코리아 오픈 스쿼시 챔피언쉽,201806,2018-07-21,GU13,개인전,토너먼트,준준결승경기１,최유라,200703026440,,양연수,200409006651,,1,3,B
제11회 영산컵 코리아 오픈 스쿼시 챔피언쉽,201806,2018-07-21,GU13,개인전,토너먼트,준준결승경기２,안예진,200906002374,,엄화영,201002007702,,0,3,B
제11회 영산컵 코리아 오픈 스쿼시 챔피언쉽,201806,2018-07-21,GU13,개인전,토너먼트,준준결승경기３,배찬미,200506004011,,박은옥,200312004918,,2,3,B
제11회 영산컵 코리아 오픈 스쿼시 챔피언쉽,201806,2018-07-21,GU13,개인전,토너먼트,준준결승경기４,김가람,200505000922,,김가혜,200312004260,,0,3,B
제11회 영산컵 코리아 오픈 스쿼시 챔피언쉽,201806,2018-07-22,GU11,개인전,토너먼트,준결승경기１,이세현,200504008934,,고영조,200506001863,,0,3,B
제11회 영산컵 코리아 오픈 스쿼시 챔피언쉽,201806,2018-07-22,GU11,개인전,토너먼트,준결승경기２,황중원,200312034030,,진승우,200312004753,,3,1,A
제11회 영산컵 코리아 오픈 스쿼시 챔피언쉽,201806,2018-07-22,GU13,개인전,토너먼트,준결승경기１,양연수,200409006651,,엄화영,201002007702,,3,1,A
제11회 영산컵 코리아 오픈 스쿼시 챔피언쉽,201806,2018-07-22,GU13,개인전,토너먼트,준결승경기２,박은옥,200312004918,,김가혜,200312004260,,1,3,B
제11회 영산컵 코리아 오픈 스쿼시 챔피언쉽,201806,2018-07-23,GU11,개인전,토너먼트,결승,고영조,200506001863,,황중원,200312034030,,3,1,A
제11회 영산컵 코리아 오픈 스쿼시 챔피언쉽,201806,2018-07-23,GU13,개인전,토너먼트,결승,양연수,200409006651,,김가혜,200312004260,,1,3,B
제15회 회장배 전국 학생 스쿼시 선수권대회(대한체육회 공인대회),201807,2018-08-09,남자 12세이하부,단체전,리그전,1R / A조,백영고등학교,,,인천 대건고등학교,,,2,1,A
제15회 회장배 전국 학생 스쿼시 선수권대회(대한체육회 공인대회),201807,2018-08-09,여자 18세이하부,복식,리그전,1R / A조,"문빈, 곽민지",,,"조강빈, 서효린",,,1,2,B
제15회 회장배 전국 학생 스쿼시 선수권대회(대한체육회 공인대회),201807,2018-08-10,남자 12세이하부,단체전,리그전,1R / A조,대광발명과학고등학교,,,인천 대건고등학교,,,2,1,A
제15회 회장배 전국 학생 스쿼시 선수권대회(대한체육회 공인대회),201807,2018-08-10,여자 18세이하부,복식,리그전,1R / A조,"이수빈, 장예원",,,"조강빈, 서효린",,,0,2,B
제15회 회장배 전국 학생 스쿼시 선수권대회(대한체육회 공인대회),201807,2018-08-10,여자 18세이하부,복식,리그전,1R / A조,"문빈, 곽민지",,,"이수빈, 장예원",,,0,2,B
제15회 회장배 전국 학생 스쿼시 선수권대회(대한체육회 공인대회),201807,2018-08-11,남자 12세이하부,단체전,리그전,1R / A조,백영고등학교,,,대광발명과학고등학교,,,2,0,A
제11회 하계 전국 중.고 스쿼시 선수권대회,201809,2018-08-31,남자 12세이하부,개인전,리그전,1R / A조,심규영,201504001319,,이시훈,201603006399,,3,0,A
제11회 하계 전국 중.고 스쿼시 선수권대회,201809,2018-08-31,남자 12세이하부,개인전,리그전,1R / A조,송탁,201804000476,,이시훈,201603006399,,0,3,B
제11회 하계 전국 중.고 스쿼시 선수권대회,201809,2018-08-31,여자 18세이하부,개인전,리그전,1R / A조,문빈,201604002747,,박주현,201804004072,,3,0,A
제11회 하계 전국 중.고 스쿼시 선수권대회,201809,2018-08-31,여자 18세이하부,개인전,리그전,1R / A조,신지혜,201503027806,,장예원,201601000670,,0,3,B
제11회 하계 전국 중.고 스쿼시 선수권대회,201809,2018-08-31,여자 18세이하부,개인전,리그전,1R / A조,문빈,201604002747,,장예원,201601000670,,3,0,A
제11회 하계 전국 중.고 스쿼시 선수권대회,201809,2018-08-31,여자 18세이하부,개인전,리그전,1R / A조,박주현,201804004072,,신지혜,201503027806,,0,3,B
제11회 하계 전국 중.고 스쿼시 선수권대회,201809,2018-08-31,GU13 P,개인전,리그&토너먼트,1R / A조,김래원,201804004142,,허원룡,201703015442,,0,3,B
제11회 하계 전국 중.고 스쿼시 선수권대회,201809,2018-08-31,GU13 P,개인전,리그&토너먼트,1R / A조,박지훈,201706000549,,허원룡,201703015442,,3,1,A
제11회 하계 전국 중.고 스쿼시 선수권대회,201809,2018-08-31,GU13 P,개인전,리그&토너먼트,1R / A조,박지훈,201706000549,,김래원,201804004142,,3,0,A
제11회 하계 전국 중.고 스쿼시 선수권대회,201809,2018-08-31,GU13 P,개인전,리그&토너먼트,1R / B조,서무진,201505003630,,박경민,201504006889,,3,0,A
제11회 하계 전국 중.고 스쿼시 선수권대회,201809,2018-08-31,GU13 P,개인전,리그&토너먼트,1R / B조,김건,201503006845,,정성보,201804000821,,3,0,A
제11회 하계 전국 중.고 스쿼시 선수권대회,201809,2018-08-31,GU13 P,개인전,리그&토너먼트,1R / B조,서무진,201505003630,,정성보,201804000821,,3,0,A
제11회 하계 전국 중.고 스쿼시 선수권대회,201809,2018-08-31,GU13 P,개인전,리그&토너먼트,1R / B조,박경민,201504006889,,김건,201503006845,,0,3,B
제11회 하계 전국 중.고 스쿼시 선수권대회,201809,2018-08-31,GU13 P,개인전,리그&토너먼트,1R / B조,서무진,201505003630,,김건,201503006845,,3,1,A
제11회 하계 전국 중.고 스쿼시 선수권대회,201809,2018-08-31,GU13 P,개인전,리그&토너먼트,1R / B조,정성보,201804000821,,박경민,201504006889,,0,3,B
제11회 하계 전국 중.고 스쿼시 선수권대회,201809,2018-09-01,남자 12세이하부,개인전,리그전,1R / A조,송탁,201804000476,,심규영,201504001319,,0,3,B
제11회 하계 전국 중.고 스쿼시 선수권대회,201809,2018-09-01,여자 18세이하부,개인전,리그전,1R / A조,문빈,201604002747,,신지혜,201503027806,,1,3,B
제11회 하계 전국 중.고 스쿼시 선수권대회,201809,2018-09-01,여자 18세이하부,개인전,리그전,1R / A조,장예원,201601000670,,박주현,201804004072,,3,0,A
제11회 하계 전국 중.고 스쿼시 선수권대회,201809,2018-09-01,GU13 P,개인전,리그&토너먼트,예선경기１,박지훈,201706000549,,김건,201503006845,,0,3,B
제11회 하계 전국 중.고 스쿼시 선수권대회,201809,2018-09-01,GU13 P,개인전,리그&토너먼트,예선경기２,허원룡,201703015442,,서무진,201505003630,,0,3,B
제11회 하계 전국 중.고 스쿼시 선수권대회,201809,2018-09-01,GU13 P,개인전,리그&토너먼트,결승,김건,201503006845,,서무진,201505003630,,0,3,B
빛고을 제2회 전국실업연맹회장배 실업선수권대회,201810,2018-09-06,남자 15세이하부,개인전,토너먼트,예선경기２,백승엽,200312034382,,유승한,200312005692,,0,2,B
빛고을 제2회 전국실업연맹회장배 실업선수권대회,201810,2018-09-06,남자 15세이하부,개인전,토너먼트,예선경기３,김태년,200409011907,,박성찬,201006002472,,0,2,B
빛고을 제2회 전국실업연맹회장배 실업선수권대회,201810,2018-09-06,남자 15세이하부,개인전,토너먼트,예선경기４,고영조,200506001863,,황중찬,200706002344,,2,0,A
빛고을 제2회 전국실업연맹회장배 실업선수권대회,201810,2018-09-06,남자 15세이하부,개인전,토너먼트,예선경기５,박종명,200803023360,,안성수,200312013357,,0,0,A
빛고을 제2회 전국실업연맹회장배 실업선수권대회,201810,2018-09-06,남자 15세이하부,개인전,토너먼트,예선경기６,진승우,200312004753,,김성집,200707000159,,2,0,A
빛고을 제2회 전국실업연맹회장배 실업선수권대회,201810,2018-09-06,남자 15세이하부,개인전,토너먼트,예선경기７,강현범,201302006321,,우창욱,200505000725,,0,2,B
빛고을 제2회 전국실업연맹회장배 실업선수권대회,201810,2018-09-06,남자 15세이하부,개인전,토너먼트,예선경기１０,김진성,201402005833,,권오석,200408001260,,0,0,A
빛고을 제2회 전국실업연맹회장배 실업선수권대회,201810,2018-09-06,남자 15세이하부,개인전,토너먼트,예선경기１１,이승택,200505000724,,한승철,201501001406,,2,1,A
빛고을 제2회 전국실업연맹회장배 실업선수권대회,201810,2018-09-06,남자 15세이하부,개인전,토너먼트,예선경기１２,이년호,200312006064,,황중원,200312034030,,1,2,B
빛고을 제2회 전국실업연맹회장배 실업선수권대회,201810,2018-09-06,남자 15세이하부,개인전,토너먼트,예선경기１３,최상철,200312007530,,이동민,201302010757,,2,0,A
빛고을 제2회 전국실업연맹회장배 실업선수권대회,201810,2018-09-06,남자 15세이하부,개인전,토너먼트,예선경기１４,김성영,200402011049,,김현용,201003010456,,2,1,A
빛고을 제2회 전국실업연맹회장배 실업선수권대회,201810,2018-09-06,남자 15세이하부,개인전,토너먼트,예선경기１５,유승용,200907002704,,유덕재,201104000837,,2,0,A
빛고을 제2회 전국실업연맹회장배 실업선수권대회,201810,2018-09-06,남자 15세이하부,개인전,토너먼트,준준준결승경기１,원준호,201104000840,,유승한,200312005692,,0,2,B
빛고을 제2회 전국실업연맹회장배 실업선수권대회,201810,2018-09-06,남자 15세이하부,개인전,토너먼트,준준준결승경기２,박성찬,201006002472,,고영조,200506001863,,0,2,B
빛고을 제2회 전국실업연맹회장배 실업선수권대회,201810,2018-09-06,남자 15세이하부,개인전,토너먼트,준준준결승경기３,박종명,200803023360,,진승우,200312004753,,2,1,A
빛고을 제2회 전국실업연맹회장배 실업선수권대회,201810,2018-09-06,남자 15세이하부,개인전,토너먼트,준준준결승경기４,우창욱,200505000725,,이동준,201302010744,,2,1,A
빛고을 제2회 전국실업연맹회장배 실업선수권대회,201810,2018-09-06,남자 15세이하부,개인전,토너먼트,준준준결승경기５,김광원,200312033621,,김진성,201402005833,,2,0,A
빛고을 제2회 전국실업연맹회장배 실업선수권대회,201810,2018-09-06,남자 15세이하부,개인전,토너먼트,준준준결승경기６,이승택,200505000724,,황중원,200312034030,,1,2,B
빛고을 제2회 전국실업연맹회장배 실업선수권대회,201810,2018-09-06,남자 15세이하부,개인전,토너먼트,준준준결승경기７,최상철,200312007530,,김성영,200402011049,,0,2,B
빛고을 제2회 전국실업연맹회장배 실업선수권대회,201810,2018-09-06,남자 15세이하부,개인전,토너먼트,준준준결승경기８,유승용,200907002704,,박정연,200312005598,,2,0,A
빛고을 제2회 전국실업연맹회장배 실업선수권대회,201810,2018-09-06,여자 대학부,개인전,토너먼트,예선경기２,허정연,200506000402,,박은옥,200312004918,,0,2,B
빛고을 제2회 전국실업연맹회장배 실업선수권대회,201810,2018-09-06,여자 대학부,개인전,토너먼트,예선경기５,김가람,200505000922,,유지영,201405002923,,2,1,A
빛고을 제2회 전국실업연맹회장배 실업선수권대회,201810,2018-09-06,여자 대학부,개인전,토너먼트,예선경기７,배찬미,200506004011,,이지현,200504008455,,0,2,B
빛고을 제2회 전국실업연맹회장배 실업선수권대회,201810,2018-09-06,여자 대학부,개인전,토너먼트,예선경기１０,김다정,200506003985,,박다나,200504008890,,2,0,A
빛고을 제2회 전국실업연맹회장배 실업선수권대회,201810,2018-09-06,여자 대학부,개인전,토너먼트,예선경기１３,오승희,201209002253,,송선미,200504008897,,1,2,B
빛고을 제2회 전국실업연맹회장배 실업선수권대회,201810,2018-09-06,여자 대학부,개인전,토너먼트,예선경기１５,박다영,201005000963,,엄화영,201002007702,,0,2,B
빛고을 제2회 전국실업연맹회장배 실업선수권대회,201810,2018-09-06,여자 대학부,개인전,토너먼트,준준준결승경기１,허민경,201103015212,,박은옥,200312004918,,0,2,B
빛고을 제2회 전국실업연맹회장배 실업선수권대회,201810,2018-09-06,여자 대학부,개인전,토너먼트,준준준결승경기２,양연수,200409006651,,김민희,201402004905,,2,0,A
빛고을 제2회 전국실업연맹회장배 실업선수권대회,201810,2018-09-06,여자 대학부,개인전,토너먼트,준준준결승경기３,김가람,200505000922,,김아현,200312015283,,0,2,B
빛고을 제2회 전국실업연맹회장배 실업선수권대회,201810,2018-09-06,여자 대학부,개인전,토너먼트,준준준결승경기４,이지현,200504008455,,김규리,201302011406,,2,0,A
빛고을 제2회 전국실업연맹회장배 실업선수권대회,201810,2018-09-06,여자 대학부,개인전,토너먼트,준준준결승경기５,이가희,201602000993,,김다정,200506003985,,0,2,B
빛고을 제2회 전국실업연맹회장배 실업선수권대회,201810,2018-09-06,여자 대학부,개인전,토너먼트,준준준결승경기６,최수지,200605008295,,안예진,200906002374,,0,2,B
빛고을 제2회 전국실업연맹회장배 실업선수권대회,201810,2018-09-06,여자 대학부,개인전,토너먼트,준준준결승경기７,송선미,200504008897,,문혜연,201203009845,,2,0,A
빛고을 제2회 전국실업연맹회장배 실업선수권대회,201810,2018-09-06,여자 대학부,개인전,토너먼트,준준준결승경기８,엄화영,201002007702,,김가혜,200312004260,,1,2,B
빛고을 제2회 전국실업연맹회장배 실업선수권대회,201810,2018-09-07,남자 15세이하부,개인전,토너먼트,준준결승경기１,유승한,200312005692,,고영조,200506001863,,0,2,B
빛고을 제2회 전국실업연맹회장배 실업선수권대회,201810,2018-09-07,남자 15세이하부,개인전,토너먼트,준준결승경기２,박종명,200803023360,,우창욱,200505000725,,2,0,A
빛고을 제2회 전국실업연맹회장배 실업선수권대회,201810,2018-09-07,남자 15세이하부,개인전,토너먼트,준준결승경기３,김광원,200312033621,,황중원,200312034030,,0,2,B
빛고을 제2회 전국실업연맹회장배 실업선수권대회,201810,2018-09-07,남자 15세이하부,개인전,토너먼트,준준결승경기４,김성영,200402011049,,유승용,200907002704,,2,0,A
빛고을 제2회 전국실업연맹회장배 실업선수권대회,201810,2018-09-07,남자 15세이하부,개인전,토너먼트,준결승경기１,고영조,200506001863,,박종명,200803023360,,2,0,A
빛고을 제2회 전국실업연맹회장배 실업선수권대회,201810,2018-09-07,남자 15세이하부,개인전,토너먼트,준결승경기２,황중원,200312034030,,김성영,200402011049,,2,0,A
빛고을 제2회 전국실업연맹회장배 실업선수권대회,201810,2018-09-07,여자 대학부,개인전,토너먼트,준준결승경기１,박은옥,200312004918,,양연수,200409006651,,0,2,B
빛고을 제2회 전국실업연맹회장배 실업선수권대회,201810,2018-09-07,여자 대학부,개인전,토너먼트,준준결승경기２,김아현,200312015283,,이지현,200504008455,,1,2,B
빛고을 제2회 전국실업연맹회장배 실업선수권대회,201810,2018-09-07,여자 대학부,개인전,토너먼트,준준결승경기３,김다정,200506003985,,안예진,200906002374,,0,2,B
빛고을 제2회 전국실업연맹회장배 실업선수권대회,201810,2018-09-07,여자 대학부,개인전,토너먼트,준준결승경기４,송선미,200504008897,,김가혜,200312004260,,2,1,A
빛고을 제2회 전국실업연맹회장배 실업선수권대회,201810,2018-09-07,여자 대학부,개인전,토너먼트,준결승경기１,양연수,200409006651,,이지현,200504008455,,0,2,B
빛고을 제2회 전국실업연맹회장배 실업선수권대회,201810,2018-09-07,여자 대학부,개인전,토너먼트,준결승경기２,안예진,200906002374,,송선미,200504008897,,2,1,A
빛고을 제2회 전국실업연맹회장배 실업선수권대회,201810,2018-09-07,GU11,단체전,토너먼트,예선경기２,전라북도,,,충청북도,,,2,1,A
빛고을 제2회 전국실업연맹회장배 실업선수권대회,201810,2018-09-07,GU11,단체전,토너먼트,예선경기３,세종특별자치시,,,서울특별시,,,1,2,B
빛고을 제2회 전국실업연맹회장배 실업선수권대회,201810,2018-09-07,GU11,단체전,토너먼트,예선경기４,전라남도,,,울산광역시,,,3,0,A
빛고을 제2회 전국실업연맹회장배 실업선수권대회,201810,2018-09-07,GU11,단체전,토너먼트,예선경기５,경기도,,,대전광역시,,,2,0,A
빛고을 제2회 전국실업연맹회장배 실업선수권대회,201810,2018-09-07,GU11,단체전,토너먼트,예선경기６,제주특별자치도,,,광주광역시,,,1,2,B
빛고을 제2회 전국실업연맹회장배 실업선수권대회,201810,2018-09-07,GU11,단체전,토너먼트,예선경기７,경상남도,,,충청남도,,,1,2,B
빛고을 제2회 전국실업연맹회장배 실업선수권대회,201810,2018-09-07,GU13,단체전,토너먼트,예선경기２,전라남도,,,인천광역시,,,3,0,A
빛고을 제2회 전국실업연맹회장배 실업선수권대회,201810,2018-09-07,GU13,단체전,토너먼트,예선경기３,충청남도,,,서울특별시,,,0,3,B
빛고을 제2회 전국실업연맹회장배 실업선수권대회,201810,2018-09-07,GU13,단체전,토너먼트,예선경기７,충청북도,,,경기도,,,0,2,B
빛고을 제2회 전국실업연맹회장배 실업선수권대회,201810,2018-09-08,남자 15세이하부,개인전,토너먼트,결승,고영조,200506001863,,황중원,200312034030,,2,1,A
빛고을 제2회 전국실업연맹회장배 실업선수권대회,201810,2018-09-08,여자 대학부,개인전,토너먼트,결승,이지현,200504008455,,안예진,200906002374,,2,0,A
빛고을 제2회 전국실업연맹회장배 실업선수권대회,201810,2018-09-08,GU11,단체전,토너먼트,준준결승경기１,경상북도,,,전라북도,,,1,2,B
빛고을 제2회 전국실업연맹회장배 실업선수권대회,201810,2018-09-08,GU11,단체전,토너먼트,준준결승경기２,서울특별시,,,전라남도,,,1,2,B
빛고을 제2회 전국실업연맹회장배 실업선수권대회,201810,2018-09-08,GU11,단체전,토너먼트,준준결승경기３,경기도,,,광주광역시,,,0,3,B
빛고을 제2회 전국실업연맹회장배 실업선수권대회,201810,2018-09-08,GU11,단체전,토너먼트,준준결승경기４,충청남도,,,인천광역시,,,0,3,B
빛고을 제2회 전국실업연맹회장배 실업선수권대회,201810,2018-09-08,GU11,단체전,토너먼트,준결승경기１,전라북도,,,전라남도,,,2,1,A
빛고을 제2회 전국실업연맹회장배 실업선수권대회,201810,2018-09-08,GU11,단체전,토너먼트,준결승경기２,광주광역시,,,인천광역시,,,1,2,B
빛고을 제2회 전국실업연맹회장배 실업선수권대회,201810,2018-09-08,GU13,단체전,토너먼트,준준결승경기１,광주광역시,,,전라남도,,,1,2,B
빛고을 제2회 전국실업연맹회장배 실업선수권대회,201810,2018-09-08,GU13,단체전,토너먼트,준준결승경기２,서울특별시,,,경상남도,,,1,2,B
빛고을 제2회 전국실업연맹회장배 실업선수권대회,201810,2018-09-08,GU13,단체전,토너먼트,준준결승경기３,울산광역시,,,대전광역시,,,0,2,B
빛고을 제2회 전국실업연맹회장배 실업선수권대회,201810,2018-09-08,GU13,단체전,토너먼트,준준결승경기４,경기도,,,전라북도,,,2,1,A
빛고을 제2회 전국실업연맹회장배 실업선수권대회,201810,2018-09-08,GU13,단체전,토너먼트,준결승경기１,전라남도,,,경상남도,,,2,1,A
빛고을 제2회 전국실업연맹회장배 실업선수권대회,201810,2018-09-08,GU13,단체전,토너먼트,준결승경기２,대전광역시,,,경기도,,,0,3,B
빛고을 제2회 전국실업연맹회장배 실업선수권대회,201810,2018-09-09,GU11,단체전,토너먼트,결승,전라북도,,,인천광역시,,,2,1,A
빛고을 제2회 전국실업연맹회장배 실업선수권대회,201810,2018-09-09,GU13,단체전,토너먼트,결승,전라남도,,,경기도,,,2,1,A
제12회 (사)대한스쿼시연맹회장배 질리언스포츠컵 전국 스쿼시 동호인대회 / 비등록 동호인대회,201901,2019-03-09,GU17,개인전,토너먼트,예선경기２,조성민,981527000102,,홍흥기,981527000105,,1,2,B
제12회 (사)대한스쿼시연맹회장배 질리언스포츠컵 전국 스쿼시 동호인대회 / 비등록 동호인대회,201901,2019-03-09,GU17,개인전,토너먼트,예선경기７,김태형,981527000178,,김진오,981827000026,,0,2,B
제12회 (사)대한스쿼시연맹회장배 질리언스포츠컵 전국 스쿼시 동호인대회 / 비등록 동호인대회,201901,2019-03-09,GU17,개인전,토너먼트,준준결승경기１,안준호,981727000075,,홍흥기,981527000105,,0,2,B
제12회 (사)대한스쿼시연맹회장배 질리언스포츠컵 전국 스쿼시 동호인대회 / 비등록 동호인대회,201901,2019-03-09,GU17,개인전,토너먼트,준준결승경기２,진교철,981527000035,,안영식,981827000112,,2,0,A
제12회 (사)대한스쿼시연맹회장배 질리언스포츠컵 전국 스쿼시 동호인대회 / 비등록 동호인대회,201901,2019-03-09,GU17,개인전,토너먼트,준준결승경기３,김성태,981627000016,,안정훈,981927000065,,2,0,A
제12회 (사)대한스쿼시연맹회장배 질리언스포츠컵 전국 스쿼시 동호인대회 / 비등록 동호인대회,201901,2019-03-09,GU17,개인전,토너먼트,준준결승경기４,김진오,981827000026,,이현석,981627000015,,0,0,A
제12회 (사)대한스쿼시연맹회장배 질리언스포츠컵 전국 스쿼시 동호인대회 / 비등록 동호인대회,201901,2019-03-09,BU11 CP,개인전,토너먼트,예선경기２,조세원,981827000079,,김상훈,981827000083,,2,1,A
제12회 (사)대한스쿼시연맹회장배 질리언스포츠컵 전국 스쿼시 동호인대회 / 비등록 동호인대회,201901,2019-03-09,BU11 CP,개인전,토너먼트,예선경기７,박문수,981527000039,,오세창,981627000172,,2,0,A
제12회 (사)대한스쿼시연맹회장배 질리언스포츠컵 전국 스쿼시 동호인대회 / 비등록 동호인대회,201901,2019-03-09,BU11 CP,개인전,토너먼트,준준결승경기１,김광문,981527000140,,조세원,981827000079,,2,0,A
제12회 (사)대한스쿼시연맹회장배 질리언스포츠컵 전국 스쿼시 동호인대회 / 비등록 동호인대회,201901,2019-03-09,BU11 CP,개인전,토너먼트,준준결승경기２,심현달,981527000092,,장현수,981727000052,,1,2,B
제12회 (사)대한스쿼시연맹회장배 질리언스포츠컵 전국 스쿼시 동호인대회 / 비등록 동호인대회,201901,2019-03-09,BU11 CP,개인전,토너먼트,준준결승경기３,이용하,981627000169,,신철수,981527000049,,2,1,A
제12회 (사)대한스쿼시연맹회장배 질리언스포츠컵 전국 스쿼시 동호인대회 / 비등록 동호인대회,201901,2019-03-09,BU11 CP,개인전,토너먼트,준준결승경기４,박문수,981527000039,,장우석,981527000155,,2,0,A
제12회 (사)대한스쿼시연맹회장배 질리언스포츠컵 전국 스쿼시 동호인대회 / 비등록 동호인대회,201901,2019-03-09,BU13 P,개인전,토너먼트,예선경기２,김현솔,981527000183,,심나진,981527000067,,0,2,B
제12회 (사)대한스쿼시연맹회장배 질리언스포츠컵 전국 스쿼시 동호인대회 / 비등록 동호인대회,201901,2019-03-09,BU13 P,개인전,토너먼트,예선경기７,김미솔,981527000185,,손민지,981827000088,,0,2,B
제12회 (사)대한스쿼시연맹회장배 질리언스포츠컵 전국 스쿼시 동호인대회 / 비등록 동호인대회,201901,2019-03-09,BU13 P,개인전,토너먼트,준준결승경기１,박송이,981627000040,,심나진,981527000067,,2,0,A
제12회 (사)대한스쿼시연맹회장배 질리언스포츠컵 전국 스쿼시 동호인대회 / 비등록 동호인대회,201901,2019-03-09,BU13 P,개인전,토너먼트,준준결승경기２,이은영,981527000072,,이경진,981527000015,,2,0,A
제12회 (사)대한스쿼시연맹회장배 질리언스포츠컵 전국 스쿼시 동호인대회 / 비등록 동호인대회,201901,2019-03-09,BU13 P,개인전,토너먼트,준준결승경기３,박영미,981527000188,,박경아,981527000032,,0,2,B
제12회 (사)대한스쿼시연맹회장배 질리언스포츠컵 전국 스쿼시 동호인대회 / 비등록 동호인대회,201901,2019-03-09,BU13 P,개인전,토너먼트,준준결승경기４,손민지,981827000088,,유은영,981627000003,,0,2,B
제12회 (사)대한스쿼시연맹회장배 질리언스포츠컵 전국 스쿼시 동호인대회 / 비등록 동호인대회,201901,2019-03-09,BU13 CP,개인전,토너먼트,예선경기１,김명규,981627000004,,이지형,981827000082,,0,0,B
제12회 (사)대한스쿼시연맹회장배 질리언스포츠컵 전국 스쿼시 동호인대회 / 비등록 동호인대회,201901,2019-03-09,BU13 CP,개인전,토너먼트,예선경기３,이연우,981927000003,,전규태,981527000007,,1,2,B
제12회 (사)대한스쿼시연맹회장배 질리언스포츠컵 전국 스쿼시 동호인대회 / 비등록 동호인대회,201901,2019-03-09,BU13 CP,개인전,토너먼트,예선경기４,이성식,981727000038,,노형섭,981827000166,,1,2,B
제12회 (사)대한스쿼시연맹회장배 질리언스포츠컵 전국 스쿼시 동호인대회 / 비등록 동호인대회,201901,2019-03-09,BU13 CP,개인전,토너먼트,예선경기５,장명호,981927000049,,문정훈,981827000010,,1,2,B
제12회 (사)대한스쿼시연맹회장배 질리언스포츠컵 전국 스쿼시 동호인대회 / 비등록 동호인대회,201901,2019-03-09,BU13 CP,개인전,토너먼트,예선경기７,한민호,981527000127,,박준수,981827000153,,2,1,A
제12회 (사)대한스쿼시연맹회장배 질리언스포츠컵 전국 스쿼시 동호인대회 / 비등록 동호인대회,201901,2019-03-09,BU13 CP,개인전,토너먼트,예선경기８,윤재원,981627000044,,허양회,981927000061,,0,2,B
제12회 (사)대한스쿼시연맹회장배 질리언스포츠컵 전국 스쿼시 동호인대회 / 비등록 동호인대회,201901,2019-03-09,BU13 CP,개인전,토너먼트,예선경기９,최연수,981627000002,,최영일,981527000069,,2,1,A
제12회 (사)대한스쿼시연맹회장배 질리언스포츠컵 전국 스쿼시 동호인대회 / 비등록 동호인대회,201901,2019-03-09,BU13 CP,개인전,토너먼트,예선경기１１,임성남,981927000044,,서유권,981627000026,,2,0,A
제12회 (사)대한스쿼시연맹회장배 질리언스포츠컵 전국 스쿼시 동호인대회 / 비등록 동호인대회,201901,2019-03-09,BU13 CP,개인전,토너먼트,예선경기１２,조성동,981527000048,,우철,981927000035,,2,0,A
제12회 (사)대한스쿼시연맹회장배 질리언스포츠컵 전국 스쿼시 동호인대회 / 비등록 동호인대회,201901,2019-03-09,BU13 CP,개인전,토너먼트,예선경기１３,고종진,981627000019,,손동환,981627000029,,0,2,B
제12회 (사)대한스쿼시연맹회장배 질리언스포츠컵 전국 스쿼시 동호인대회 / 비등록 동호인대회,201901,2019-03-09,BU13 CP,개인전,토너먼트,예선경기１５,최재성,981527000091,,윤일소,981727000016,,2,1,A
제12회 (사)대한스쿼시연맹회장배 질리언스포츠컵 전국 스쿼시 동호인대회 / 비등록 동호인대회,201901,2019-03-09,BU13 CP,개인전,토너먼트,예선경기１６,안용상,981527000116,,양승만,981927000039,,1,2,B
제12회 (사)대한스쿼시연맹회장배 질리언스포츠컵 전국 스쿼시 동호인대회 / 비등록 동호인대회,201901,2019-03-09,BU13 CP,개인전,토너먼트,준준준결승경기１,이지형,981827000082,,김의동,981727000070,,2,0,A
제12회 (사)대한스쿼시연맹회장배 질리언스포츠컵 전국 스쿼시 동호인대회 / 비등록 동호인대회,201901,2019-03-09,BU13 CP,개인전,토너먼트,준준준결승경기２,전규태,981527000007,,노형섭,981827000166,,2,0,A
제12회 (사)대한스쿼시연맹회장배 질리언스포츠컵 전국 스쿼시 동호인대회 / 비등록 동호인대회,201901,2019-03-09,BU13 CP,개인전,토너먼트,준준준결승경기３,문정훈,981827000010,,변유석,981727000027,,2,0,A
제12회 (사)대한스쿼시연맹회장배 질리언스포츠컵 전국 스쿼시 동호인대회 / 비등록 동호인대회,201901,2019-03-09,BU13 CP,개인전,토너먼트,준준준결승경기４,한민호,981527000127,,허양회,981927000061,,1,2,B
제12회 (사)대한스쿼시연맹회장배 질리언스포츠컵 전국 스쿼시 동호인대회 / 비등록 동호인대회,201901,2019-03-09,BU13 CP,개인전,토너먼트,준준준결승경기５,최연수,981627000002,,강석진,981527000151,,0,2,B
제12회 (사)대한스쿼시연맹회장배 질리언스포츠컵 전국 스쿼시 동호인대회 / 비등록 동호인대회,201901,2019-03-09,BU13 CP,개인전,토너먼트,준준준결승경기６,임성남,981927000044,,조성동,981527000048,,2,1,A
제12회 (사)대한스쿼시연맹회장배 질리언스포츠컵 전국 스쿼시 동호인대회 / 비등록 동호인대회,201901,2019-03-09,BU13 CP,개인전,토너먼트,준준준결승경기７,손동환,981627000029,,이종현,981927000047,,1,2,B
제12회 (사)대한스쿼시연맹회장배 질리언스포츠컵 전국 스쿼시 동호인대회 / 비등록 동호인대회,201901,2019-03-09,BU13 CP,개인전,토너먼트,준준준결승경기８,최재성,981527000091,,양승만,981927000039,,2,1,A
제12회 (사)대한스쿼시연맹회장배 질리언스포츠컵 전국 스쿼시 동호인대회 / 비등록 동호인대회,201901,2019-03-09,BU13 CP,개인전,토너먼트,준준결승경기１,이지형,981827000082,,전규태,981527000007,,2,1,A
제12회 (사)대한스쿼시연맹회장배 질리언스포츠컵 전국 스쿼시 동호인대회 / 비등록 동호인대회,201901,2019-03-09,BU13 CP,개인전,토너먼트,준준결승경기２,문정훈,981827000010,,허양회,981927000061,,1,2,B
제12회 (사)대한스쿼시연맹회장배 질리언스포츠컵 전국 스쿼시 동호인대회 / 비등록 동호인대회,201901,2019-03-09,BU13 CP,개인전,토너먼트,준준결승경기３,강석진,981527000151,,임성남,981927000044,,2,1,A
제12회 (사)대한스쿼시연맹회장배 질리언스포츠컵 전국 스쿼시 동호인대회 / 비등록 동호인대회,201901,2019-03-09,BU13 CP,개인전,토너먼트,준준결승경기４,이종현,981927000047,,최재성,981527000091,,0,2,B
제12회 (사)대한스쿼시연맹회장배 질리언스포츠컵 전국 스쿼시 동호인대회 / 비등록 동호인대회,201901,2019-03-09,BU15 P,개인전,토너먼트,예선경기１,한경하,981627000278,,오경아,981727000059,,2,0,A
제12회 (사)대한스쿼시연맹회장배 질리언스포츠컵 전국 스쿼시 동호인대회 / 비등록 동호인대회,201901,2019-03-09,BU15 P,개인전,토너먼트,준준준결승경기１,한경하,981627000278,,엄희옥,981627000100,,2,0,A
제12회 (사)대한스쿼시연맹회장배 질리언스포츠컵 전국 스쿼시 동호인대회 / 비등록 동호인대회,201901,2019-03-09,BU15 P,개인전,토너먼트,준준준결승경기２,조만리,981627000236,,강영숙,981827000157,,2,0,A
제12회 (사)대한스쿼시연맹회장배 질리언스포츠컵 전국 스쿼시 동호인대회 / 비등록 동호인대회,201901,2019-03-09,BU15 P,개인전,토너먼트,준준준결승경기３,고영아,981527000059,,홍상미,981527000177,,2,1,A
제12회 (사)대한스쿼시연맹회장배 질리언스포츠컵 전국 스쿼시 동호인대회 / 비등록 동호인대회,201901,2019-03-09,BU15 P,개인전,토너먼트,준준준결승경기４,최나영,981627000220,,김행미,981827000077,,0,2,B
제12회 (사)대한스쿼시연맹회장배 질리언스포츠컵 전국 스쿼시 동호인대회 / 비등록 동호인대회,201901,2019-03-09,BU15 P,개인전,토너먼트,준준준결승경기５,구애정,981827000141,,김윤경,981927000043,,0,2,B
제12회 (사)대한스쿼시연맹회장배 질리언스포츠컵 전국 스쿼시 동호인대회 / 비등록 동호인대회,201901,2019-03-09,BU15 P,개인전,토너먼트,준준준결승경기６,김선애,981527000165,,황희경,981927000055,,0,2,B
제12회 (사)대한스쿼시연맹회장배 질리언스포츠컵 전국 스쿼시 동호인대회 / 비등록 동호인대회,201901,2019-03-09,BU15 P,개인전,토너먼트,준준준결승경기７,송윤정,981727000071,,박다송,981727000048,,2,1,A
제12회 (사)대한스쿼시연맹회장배 질리언스포츠컵 전국 스쿼시 동호인대회 / 비등록 동호인대회,201901,2019-03-09,BU15 P,개인전,토너먼트,준준준결승경기８,정미라,981827000116,,문윤정,981627000270,,2,0,A
제12회 (사)대한스쿼시연맹회장배 질리언스포츠컵 전국 스쿼시 동호인대회 / 비등록 동호인대회,201901,2019-03-09,BU15 P,개인전,토너먼트,준준결승경기１,한경하,981627000278,,조만리,981627000236,,2,0,A
제12회 (사)대한스쿼시연맹회장배 질리언스포츠컵 전국 스쿼시 동호인대회 / 비등록 동호인대회,201901,2019-03-09,BU15 P,개인전,토너먼트,준준결승경기２,고영아,981527000059,,김행미,981827000077,,0,2,B
제12회 (사)대한스쿼시연맹회장배 질리언스포츠컵 전국 스쿼시 동호인대회 / 비등록 동호인대회,201901,2019-03-09,BU15 P,개인전,토너먼트,준준결승경기３,김윤경,981927000043,,황희경,981927000055,,2,1,A
제12회 (사)대한스쿼시연맹회장배 질리언스포츠컵 전국 스쿼시 동호인대회 / 비등록 동호인대회,201901,2019-03-09,BU15 P,개인전,토너먼트,준준결승경기４,송윤정,981727000071,,정미라,981827000116,,2,1,A
제12회 (사)대한스쿼시연맹회장배 질리언스포츠컵 전국 스쿼시 동호인대회 / 비등록 동호인대회,201901,2019-03-09,BU15 CP,개인전,토너먼트,예선경기２,박진영,981927000021,,장익진,981827000129,,0,2,B
제12회 (사)대한스쿼시연맹회장배 질리언스포츠컵 전국 스쿼시 동호인대회 / 비등록 동호인대회,201901,2019-03-09,BU15 CP,개인전,토너먼트,예선경기６,황우석,981927000009,,안동익,981827000158,,0,2,B
제12회 (사)대한스쿼시연맹회장배 질리언스포츠컵 전국 스쿼시 동호인대회 / 비등록 동호인대회,201901,2019-03-09,BU15 CP,개인전,토너먼트,예선경기８,이병하,981927000002,,이재오,981827000040,,2,0,A
제12회 (사)대한스쿼시연맹회장배 질리언스포츠컵 전국 스쿼시 동호인대회 / 비등록 동호인대회,201901,2019-03-09,BU15 CP,개인전,토너먼트,예선경기１０,이정표,981727000029,,김형관,981927000056,,1,2,B
제12회 (사)대한스쿼시연맹회장배 질리언스포츠컵 전국 스쿼시 동호인대회 / 비등록 동호인대회,201901,2019-03-09,BU15 CP,개인전,토너먼트,예선경기１４,황재현,981927000014,,신현학,981927000023,,2,0,A
제12회 (사)대한스쿼시연맹회장배 질리언스포츠컵 전국 스쿼시 동호인대회 / 비등록 동호인대회,201901,2019-03-09,BU15 CP,개인전,토너먼트,예선경기１６,정지훈,981627000219,,이영재,981927000013,,2,1,A
제12회 (사)대한스쿼시연맹회장배 질리언스포츠컵 전국 스쿼시 동호인대회 / 비등록 동호인대회,201901,2019-03-09,BU15 CP,개인전,토너먼트,예선경기１８,임종문,981927000017,,한진구,981927000046,,0,2,B
제12회 (사)대한스쿼시연맹회장배 질리언스포츠컵 전국 스쿼시 동호인대회 / 비등록 동호인대회,201901,2019-03-09,BU15 CP,개인전,토너먼트,예선경기 22,김진영,981927000022,,윤현구,981927000006,,2,0,A
제12회 (사)대한스쿼시연맹회장배 질리언스포츠컵 전국 스쿼시 동호인대회 / 비등록 동호인대회,201901,2019-03-09,BU15 CP,개인전,토너먼트,예선경기 24,정유석,981927000042,,문창범,981927000033,,1,2,B
제12회 (사)대한스쿼시연맹회장배 질리언스포츠컵 전국 스쿼시 동호인대회 / 비등록 동호인대회,201901,2019-03-09,BU15 CP,개인전,토너먼트,예선경기 26,김진홍,981927000034,,이연수,981827000089,,0,0,A
제12회 (사)대한스쿼시연맹회장배 질리언스포츠컵 전국 스쿼시 동호인대회 / 비등록 동호인대회,201901,2019-03-09,BU15 CP,개인전,토너먼트,예선경기 30,정승완,981927000038,,김택정,981927000019,,0,2,B
제12회 (사)대한스쿼시연맹회장배 질리언스포츠컵 전국 스쿼시 동호인대회 / 비등록 동호인대회,201901,2019-03-09,BU15 CP,개인전,토너먼트,예선경기 32,박대근,981727000084,,김광수,981927000012,,0,2,B
제12회 (사)대한스쿼시연맹회장배 질리언스포츠컵 전국 스쿼시 동호인대회 / 비등록 동호인대회,201901,2019-03-09,BU15 CP,개인전,토너먼트,준준준준결승 1,이창현,981927000058,,장익진,981827000129,,1,2,B
제12회 (사)대한스쿼시연맹회장배 질리언스포츠컵 전국 스쿼시 동호인대회 / 비등록 동호인대회,201901,2019-03-09,BU15 CP,개인전,토너먼트,준준준준결승 2,전종수,981927000030,,이종현,981927000031,,0,2,B
제12회 (사)대한스쿼시연맹회장배 질리언스포츠컵 전국 스쿼시 동호인대회 / 비등록 동호인대회,201901,2019-03-09,BU15 CP,개인전,토너먼트,준준준준결승 3,김필립,981927000037,,안동익,981827000158,,2,1,A
제12회 (사)대한스쿼시연맹회장배 질리언스포츠컵 전국 스쿼시 동호인대회 / 비등록 동호인대회,201901,2019-03-09,BU15 CP,개인전,토너먼트,준준준준결승 4,박보곤,981927000040,,이병하,981927000002,,1,2,B
제12회 (사)대한스쿼시연맹회장배 질리언스포츠컵 전국 스쿼시 동호인대회 / 비등록 동호인대회,201901,2019-03-09,BU15 CP,개인전,토너먼트,준준준준결승 5,한대훈,981927000010,,김형관,981927000056,,0,2,B
제12회 (사)대한스쿼시연맹회장배 질리언스포츠컵 전국 스쿼시 동호인대회 / 비등록 동호인대회,201901,2019-03-09,BU15 CP,개인전,토너먼트,준준준준결승 6,최용석,981827000038,,서봉종,981927000025,,0,2,B
제12회 (사)대한스쿼시연맹회장배 질리언스포츠컵 전국 스쿼시 동호인대회 / 비등록 동호인대회,201901,2019-03-09,BU15 CP,개인전,토너먼트,준준준준결승 7,김종오,981827000103,,황재현,981927000014,,2,0,A
제12회 (사)대한스쿼시연맹회장배 질리언스포츠컵 전국 스쿼시 동호인대회 / 비등록 동호인대회,201901,2019-03-09,BU15 CP,개인전,토너먼트,준준준준결승 8,이영석,981927000026,,정지훈,981627000219,,0,0,B
제12회 (사)대한스쿼시연맹회장배 질리언스포츠컵 전국 스쿼시 동호인대회 / 비등록 동호인대회,201901,2019-03-09,BU15 CP,개인전,토너먼트,준준준준결승 9,윤경수,981927000020,,한진구,981927000046,,2,0,A
제12회 (사)대한스쿼시연맹회장배 질리언스포츠컵 전국 스쿼시 동호인대회 / 비등록 동호인대회,201901,2019-03-09,BU15 CP,개인전,토너먼트,준준준준결승 10,박종배,981827000168,,송상록,981827000132,,2,1,A
제12회 (사)대한스쿼시연맹회장배 질리언스포츠컵 전국 스쿼시 동호인대회 / 비등록 동호인대회,201901,2019-03-09,BU15 CP,개인전,토너먼트,준준준준결승 11,이용재,981927000036,,김진영,981927000022,,0,2,B
제12회 (사)대한스쿼시연맹회장배 질리언스포츠컵 전국 스쿼시 동호인대회 / 비등록 동호인대회,201901,2019-03-09,BU15 CP,개인전,토너먼트,준준준준결승 12,조영근,981927000027,,문창범,981927000033,,0,0,B
제12회 (사)대한스쿼시연맹회장배 질리언스포츠컵 전국 스쿼시 동호인대회 / 비등록 동호인대회,201901,2019-03-09,BU15 CP,개인전,토너먼트,준준준준결승 13,박기준,981927000032,,김진홍,981927000034,,2,1,A
제12회 (사)대한스쿼시연맹회장배 질리언스포츠컵 전국 스쿼시 동호인대회 / 비등록 동호인대회,201901,2019-03-09,BU15 CP,개인전,토너먼트,준준준준결승 14,김현호,981827000009,,송빈산,981927000059,,3,0,A
제12회 (사)대한스쿼시연맹회장배 질리언스포츠컵 전국 스쿼시 동호인대회 / 비등록 동호인대회,201901,2019-03-09,BU15 CP,개인전,토너먼트,준준준준결승 15,손완희,981927000062,,김택정,981927000019,,2,0,A
제12회 (사)대한스쿼시연맹회장배 질리언스포츠컵 전국 스쿼시 동호인대회 / 비등록 동호인대회,201901,2019-03-09,BU15 CP,개인전,토너먼트,준준준준결승 16,이정훈,981927000001,,김광수,981927000012,,0,2,B
제12회 (사)대한스쿼시연맹회장배 질리언스포츠컵 전국 스쿼시 동호인대회 / 비등록 동호인대회,201901,2019-03-09,BU15 CP,개인전,토너먼트,준준준결승경기１,장익진,981827000129,,이종현,981927000031,,1,2,B
제12회 (사)대한스쿼시연맹회장배 질리언스포츠컵 전국 스쿼시 동호인대회 / 비등록 동호인대회,201901,2019-03-09,BU15 CP,개인전,토너먼트,준준준결승경기２,김필립,981927000037,,이병하,981927000002,,0,2,B
제12회 (사)대한스쿼시연맹회장배 질리언스포츠컵 전국 스쿼시 동호인대회 / 비등록 동호인대회,201901,2019-03-09,BU15 CP,개인전,토너먼트,준준준결승경기３,김형관,981927000056,,서봉종,981927000025,,0,2,B
제12회 (사)대한스쿼시연맹회장배 질리언스포츠컵 전국 스쿼시 동호인대회 / 비등록 동호인대회,201901,2019-03-09,BU15 CP,개인전,토너먼트,준준준결승경기４,김종오,981827000103,,정지훈,981627000219,,1,2,B
제12회 (사)대한스쿼시연맹회장배 질리언스포츠컵 전국 스쿼시 동호인대회 / 비등록 동호인대회,201901,2019-03-09,BU15 CP,개인전,토너먼트,준준준결승경기５,윤경수,981927000020,,박종배,981827000168,,0,2,B
제12회 (사)대한스쿼시연맹회장배 질리언스포츠컵 전국 스쿼시 동호인대회 / 비등록 동호인대회,201901,2019-03-09,BU15 CP,개인전,토너먼트,준준준결승경기６,김진영,981927000022,,문창범,981927000033,,1,2,B
제12회 (사)대한스쿼시연맹회장배 질리언스포츠컵 전국 스쿼시 동호인대회 / 비등록 동호인대회,201901,2019-03-09,BU15 CP,개인전,토너먼트,준준준결승경기７,박기준,981927000032,,김현호,981827000009,,0,2,B
제12회 (사)대한스쿼시연맹회장배 질리언스포츠컵 전국 스쿼시 동호인대회 / 비등록 동호인대회,201901,2019-03-09,BU15 CP,개인전,토너먼트,준준준결승경기８,손완희,981927000062,,김광수,981927000012,,1,2,B
제12회 (사)대한스쿼시연맹회장배 질리언스포츠컵 전국 스쿼시 동호인대회 / 비등록 동호인대회,201901,2019-03-09,BU16 P,개인전,토너먼트,예선경기３,장혜우,981827000121,,김별,981827000024,,0,2,B
제12회 (사)대한스쿼시연맹회장배 질리언스포츠컵 전국 스쿼시 동호인대회 / 비등록 동호인대회,201901,2019-03-09,BU16 P,개인전,토너먼트,예선경기４,김꽃다비,981827000134,,이현미,981627000014,,0,2,B
제12회 (사)대한스쿼시연맹회장배 질리언스포츠컵 전국 스쿼시 동호인대회 / 비등록 동호인대회,201901,2019-03-09,BU16 P,개인전,토너먼트,예선경기６,김상숙,981927000054,,신지은,981927000007,,2,0,A
제12회 (사)대한스쿼시연맹회장배 질리언스포츠컵 전국 스쿼시 동호인대회 / 비등록 동호인대회,201901,2019-03-09,BU16 P,개인전,토너먼트,예선경기７,김고은,981927000045,,김주연,981927000004,,0,2,B
제12회 (사)대한스쿼시연맹회장배 질리언스포츠컵 전국 스쿼시 동호인대회 / 비등록 동호인대회,201901,2019-03-09,BU16 P,개인전,토너먼트,예선경기１１,이진옥,981927000015,,박미선,981827000085,,0,0,B
제12회 (사)대한스쿼시연맹회장배 질리언스포츠컵 전국 스쿼시 동호인대회 / 비등록 동호인대회,201901,2019-03-09,BU16 P,개인전,토너먼트,예선경기１２,백미향,981827000160,,강미영,981627000010,,0,2,B
제12회 (사)대한스쿼시연맹회장배 질리언스포츠컵 전국 스쿼시 동호인대회 / 비등록 동호인대회,201901,2019-03-09,BU16 P,개인전,토너먼트,예선경기１３,이선주,981627000101,,김은영,981827000124,,0,0,B
제12회 (사)대한스쿼시연맹회장배 질리언스포츠컵 전국 스쿼시 동호인대회 / 비등록 동호인대회,201901,2019-03-09,BU16 P,개인전,토너먼트,예선경기１４,박신영,981927000018,,고영옥,981727000078,,0,2,B
제12회 (사)대한스쿼시연맹회장배 질리언스포츠컵 전국 스쿼시 동호인대회 / 비등록 동호인대회,201901,2019-03-09,BU16 P,개인전,토너먼트,예선경기１５,성진희,981827000096,,이규미,981727000012,,2,1,A
제12회 (사)대한스쿼시연맹회장배 질리언스포츠컵 전국 스쿼시 동호인대회 / 비등록 동호인대회,201901,2019-03-09,BU16 P,개인전,토너먼트,준준준결승경기１,김아영,981827000039,,홍혜영,981927000041,,2,0,A
제12회 (사)대한스쿼시연맹회장배 질리언스포츠컵 전국 스쿼시 동호인대회 / 비등록 동호인대회,201901,2019-03-09,BU16 P,개인전,토너먼트,준준준결승경기２,김별,981827000024,,이현미,981627000014,,2,0,A
제12회 (사)대한스쿼시연맹회장배 질리언스포츠컵 전국 스쿼시 동호인대회 / 비등록 동호인대회,201901,2019-03-09,BU16 P,개인전,토너먼트,준준준결승경기３,왕정은,981927000028,,김상숙,981927000054,,1,2,B
제12회 (사)대한스쿼시연맹회장배 질리언스포츠컵 전국 스쿼시 동호인대회 / 비등록 동호인대회,201901,2019-03-09,BU16 P,개인전,토너먼트,준준준결승경기４,김주연,981927000004,,강가희,981927000011,,0,2,B
제12회 (사)대한스쿼시연맹회장배 질리언스포츠컵 전국 스쿼시 동호인대회 / 비등록 동호인대회,201901,2019-03-09,BU16 P,개인전,토너먼트,준준준결승경기５,최석희,981827000140,,윤순옥,981927000064,,0,2,B
제12회 (사)대한스쿼시연맹회장배 질리언스포츠컵 전국 스쿼시 동호인대회 / 비등록 동호인대회,201901,2019-03-09,BU16 P,개인전,토너먼트,준준준결승경기６,박미선,981827000085,,강미영,981627000010,,1,2,B
제12회 (사)대한스쿼시연맹회장배 질리언스포츠컵 전국 스쿼시 동호인대회 / 비등록 동호인대회,201901,2019-03-09,BU16 P,개인전,토너먼트,준준준결승경기７,김은영,981827000124,,고영옥,981727000078,,2,0,A
제12회 (사)대한스쿼시연맹회장배 질리언스포츠컵 전국 스쿼시 동호인대회 / 비등록 동호인대회,201901,2019-03-09,BU16 P,개인전,토너먼트,준준준결승경기８,성진희,981827000096,,최은혜,981927000008,,0,2,B
제12회 (사)대한스쿼시연맹회장배 질리언스포츠컵 전국 스쿼시 동호인대회 / 비등록 동호인대회,201901,2019-03-09,BU16 P,개인전,토너먼트,준준결승경기１,김아영,981827000039,,김별,981827000024,,0,2,B
제12회 (사)대한스쿼시연맹회장배 질리언스포츠컵 전국 스쿼시 동호인대회 / 비등록 동호인대회,201901,2019-03-09,BU16 P,개인전,토너먼트,준준결승경기２,김상숙,981927000054,,강가희,981927000011,,0,2,B
제12회 (사)대한스쿼시연맹회장배 질리언스포츠컵 전국 스쿼시 동호인대회 / 비등록 동호인대회,201901,2019-03-09,BU16 P,개인전,토너먼트,준준결승경기３,윤순옥,981927000064,,강미영,981627000010,,2,0,A
제12회 (사)대한스쿼시연맹회장배 질리언스포츠컵 전국 스쿼시 동호인대회 / 비등록 동호인대회,201901,2019-03-09,BU16 P,개인전,토너먼트,준준결승경기４,김은영,981827000124,,최은혜,981927000008,,0,2,B
제12회 (사)대한스쿼시연맹회장배 질리언스포츠컵 전국 스쿼시 동호인대회 / 비등록 동호인대회,201901,2019-03-10,GU15,혼합복식,리그전,1R / A조,"김명곤, 이은하",,,"김창영, 이미화",,,2,0,A
제12회 (사)대한스쿼시연맹회장배 질리언스포츠컵 전국 스쿼시 동호인대회 / 비등록 동호인대회,201901,2019-03-10,GU15,혼합복식,리그전,1R / A조,"김은조, 최병창",,,"김창영, 이미화",,,0,0,A
제12회 (사)대한스쿼시연맹회장배 질리언스포츠컵 전국 스쿼시 동호인대회 / 비등록 동호인대회,201901,2019-03-10,GU15,혼합복식,리그전,1R / A조,"김은조, 최병창",,,"김명곤, 이은하",,,2,0,A
제12회 (사)대한스쿼시연맹회장배 질리언스포츠컵 전국 스쿼시 동호인대회 / 비등록 동호인대회,201901,2019-03-10,GU17,개인전,토너먼트,준결승경기１,홍흥기,981527000105,,진교철,981527000035,,2,0,A
제12회 (사)대한스쿼시연맹회장배 질리언스포츠컵 전국 스쿼시 동호인대회 / 비등록 동호인대회,201901,2019-03-10,GU17,개인전,토너먼트,준결승경기２,김성태,981627000016,,김진오,981827000026,,2,0,A
제12회 (사)대한스쿼시연맹회장배 질리언스포츠컵 전국 스쿼시 동호인대회 / 비등록 동호인대회,201901,2019-03-10,GU17,개인전,토너먼트,결승,홍흥기,981527000105,,김성태,981627000016,,0,2,B
제12회 (사)대한스쿼시연맹회장배 질리언스포츠컵 전국 스쿼시 동호인대회 / 비등록 동호인대회,201901,2019-03-10,BU11 CP,개인전,토너먼트,준결승경기１,김광문,981527000140,,장현수,981727000052,,0,0,A
제12회 (사)대한스쿼시연맹회장배 질리언스포츠컵 전국 스쿼시 동호인대회 / 비등록 동호인대회,201901,2019-03-10,BU11 CP,개인전,토너먼트,준결승경기２,이용하,981627000169,,박문수,981527000039,,1,2,B
제12회 (사)대한스쿼시연맹회장배 질리언스포츠컵 전국 스쿼시 동호인대회 / 비등록 동호인대회,201901,2019-03-10,BU11 CP,개인전,토너먼트,결승,김광문,981527000140,,박문수,981527000039,,2,0,A
제12회 (사)대한스쿼시연맹회장배 질리언스포츠컵 전국 스쿼시 동호인대회 / 비등록 동호인대회,201901,2019-03-10,BU13 P,개인전,토너먼트,준결승경기１,박송이,981627000040,,이은영,981527000072,,2,1,A
제12회 (사)대한스쿼시연맹회장배 질리언스포츠컵 전국 스쿼시 동호인대회 / 비등록 동호인대회,201901,2019-03-10,BU13 P,개인전,토너먼트,준결승경기２,박경아,981527000032,,유은영,981627000003,,0,2,B
제12회 (사)대한스쿼시연맹회장배 질리언스포츠컵 전국 스쿼시 동호인대회 / 비등록 동호인대회,201901,2019-03-10,BU13 P,개인전,토너먼트,결승,박송이,981627000040,,유은영,981627000003,,0,2,B
제12회 (사)대한스쿼시연맹회장배 질리언스포츠컵 전국 스쿼시 동호인대회 / 비등록 동호인대회,201901,2019-03-10,BU13 CP,개인전,토너먼트,준결승경기１,이지형,981827000082,,허양회,981927000061,,2,1,A
제12회 (사)대한스쿼시연맹회장배 질리언스포츠컵 전국 스쿼시 동호인대회 / 비등록 동호인대회,201901,2019-03-10,BU13 CP,개인전,토너먼트,준결승경기２,강석진,981527000151,,최재성,981527000091,,1,2,B
제12회 (사)대한스쿼시연맹회장배 질리언스포츠컵 전국 스쿼시 동호인대회 / 비등록 동호인대회,201901,2019-03-10,BU13 CP,개인전,토너먼트,결승,이지형,981827000082,,최재성,981527000091,,1,2,B
제12회 (사)대한스쿼시연맹회장배 질리언스포츠컵 전국 스쿼시 동호인대회 / 비등록 동호인대회,201901,2019-03-10,BU15 P,개인전,토너먼트,준결승경기１,한경하,981627000278,,김행미,981827000077,,2,0,A
제12회 (사)대한스쿼시연맹회장배 질리언스포츠컵 전국 스쿼시 동호인대회 / 비등록 동호인대회,201901,2019-03-10,BU15 P,개인전,토너먼트,준결승경기２,김윤경,981927000043,,송윤정,981727000071,,0,2,B
제12회 (사)대한스쿼시연맹회장배 질리언스포츠컵 전국 스쿼시 동호인대회 / 비등록 동호인대회,201901,2019-03-10,BU15 P,개인전,토너먼트,결승,한경하,981627000278,,송윤정,981727000071,,0,2,B
제12회 (사)대한스쿼시연맹회장배 질리언스포츠컵 전국 스쿼시 동호인대회 / 비등록 동호인대회,201901,2019-03-10,BU15 CP,개인전,토너먼트,준준결승경기１,이종현,981927000031,,이병하,981927000002,,2,1,A
제12회 (사)대한스쿼시연맹회장배 질리언스포츠컵 전국 스쿼시 동호인대회 / 비등록 동호인대회,201901,2019-03-10,BU15 CP,개인전,토너먼트,준준결승경기２,서봉종,981927000025,,정지훈,981627000219,,2,0,A
제12회 (사)대한스쿼시연맹회장배 질리언스포츠컵 전국 스쿼시 동호인대회 / 비등록 동호인대회,201901,2019-03-10,BU15 CP,개인전,토너먼트,준준결승경기３,박종배,981827000168,,문창범,981927000033,,0,2,B
제12회 (사)대한스쿼시연맹회장배 질리언스포츠컵 전국 스쿼시 동호인대회 / 비등록 동호인대회,201901,2019-03-10,BU15 CP,개인전,토너먼트,준준결승경기４,김현호,981827000009,,김광수,981927000012,,1,2,B
제12회 (사)대한스쿼시연맹회장배 질리언스포츠컵 전국 스쿼시 동호인대회 / 비등록 동호인대회,201901,2019-03-10,BU15 CP,개인전,토너먼트,준결승경기１,이종현,981927000031,,서봉종,981927000025,,0,2,B
제12회 (사)대한스쿼시연맹회장배 질리언스포츠컵 전국 스쿼시 동호인대회 / 비등록 동호인대회,201901,2019-03-10,BU15 CP,개인전,토너먼트,준결승경기２,문창범,981927000033,,김광수,981927000012,,2,0,A
제12회 (사)대한스쿼시연맹회장배 질리언스포츠컵 전국 스쿼시 동호인대회 / 비등록 동호인대회,201901,2019-03-10,BU15 CP,개인전,토너먼트,결승,서봉종,981927000025,,문창범,981927000033,,2,0,A
제12회 (사)대한스쿼시연맹회장배 질리언스포츠컵 전국 스쿼시 동호인대회 / 비등록 동호인대회,201901,2019-03-10,BU16 P,개인전,토너먼트,준결승경기１,김별,981827000024,,강가희,981927000011,,0,2,B
제12회 (사)대한스쿼시연맹회장배 질리언스포츠컵 전국 스쿼시 동호인대회 / 비등록 동호인대회,201901,2019-03-10,BU16 P,개인전,토너먼트,준결승경기２,윤순옥,981927000064,,최은혜,981927000008,,2,1,A
제12회 (사)대한스쿼시연맹회장배 질리언스포츠컵 전국 스쿼시 동호인대회 / 비등록 동호인대회,201901,2019-03-10,BU16 P,개인전,토너먼트,결승,강가희,981927000011,,윤순옥,981927000064,,2,0,A
제15회 대한체육회장배 전국 스쿼시 선수권대회 / 대한체육회 공인대회,201902,2019-03-23,GU11 P,개인전,토너먼트,예선경기２,나우영,201902002440,,이용욱,201902003971,,0,3,B
제15회 대한체육회장배 전국 스쿼시 선수권대회 / 대한체육회 공인대회,201902,2019-03-23,GU11 P,개인전,토너먼트,예선경기３,임주안,201803013833,,곽서준,201903006257,,3,0,A
제15회 대한체육회장배 전국 스쿼시 선수권대회 / 대한체육회 공인대회,201902,2019-03-26,여자 대학부,개인전,토너먼트,준준준결승경기１,최유라,200703026440,,박은옥,200312004918,,3,1,A
제15회 대한체육회장배 전국 스쿼시 선수권대회 / 대한체육회 공인대회,201902,2019-03-26,여자 대학부,개인전,토너먼트,준준준결승경기２,김미진,201503004586,,김규리,201302011406,,3,2,A
제15회 대한체육회장배 전국 스쿼시 선수권대회 / 대한체육회 공인대회,201902,2019-03-26,여자 대학부,개인전,토너먼트,준준준결승경기３,엄화영,201002007702,,장유진,201012000986,,3,0,A
제15회 대한체육회장배 전국 스쿼시 선수권대회 / 대한체육회 공인대회,201902,2019-03-26,여자 대학부,개인전,토너먼트,준준준결승경기４,박민주,200606004565,,김가혜,200312004260,,0,3,B
제15회 대한체육회장배 전국 스쿼시 선수권대회 / 대한체육회 공인대회,201902,2019-03-26,여자 대학부,개인전,토너먼트,준준준결승경기５,양연수,200409006651,,송선미,200504008897,,3,0,A
제15회 대한체육회장배 전국 스쿼시 선수권대회 / 대한체육회 공인대회,201902,2019-03-26,여자 대학부,개인전,토너먼트,준준준결승경기６,박미림,200312007885,,이영욱,200905002411,,3,1,A
제15회 대한체육회장배 전국 스쿼시 선수권대회 / 대한체육회 공인대회,201902,2019-03-26,여자 대학부,개인전,토너먼트,준준준결승경기７,이해경,200402015564,,허민경,201103015212,,3,1,A
제15회 대한체육회장배 전국 스쿼시 선수권대회 / 대한체육회 공인대회,201902,2019-03-26,여자 대학부,개인전,토너먼트,준준준결승경기８,김가람,200505000922,,이지현,200504008455,,0,3,B
제15회 대한체육회장배 전국 스쿼시 선수권대회 / 대한체육회 공인대회,201902,2019-03-28,남자 12세이하부,개인전,토너먼트,예선경기２,박민준,201902005286,,정성보,201804000821,,3,2,A
제15회 대한체육회장배 전국 스쿼시 선수권대회 / 대한체육회 공인대회,201902,2019-03-28,남자 12세이하부,개인전,토너먼트,예선경기３,이지석,201703004879,,xuyuanlong,201703015442,,3,0,A
제15회 대한체육회장배 전국 스쿼시 선수권대회 / 대한체육회 공인대회,201902,2019-03-28,남자 12세이하부,개인전,토너먼트,예선경기４,이라온,201602011151,,박시형,201702007823,,3,0,A
제15회 대한체육회장배 전국 스쿼시 선수권대회 / 대한체육회 공인대회,201902,2019-03-28,남자 12세이하부,개인전,토너먼트,예선경기６,한종수,201503002226,,박준하,201302011134,,3,0,A
제15회 대한체육회장배 전국 스쿼시 선수권대회 / 대한체육회 공인대회,201902,2019-03-28,남자 12세이하부,개인전,토너먼트,예선경기７,이동규,201606000580,,박경민,201504006889,,3,0,A
제15회 대한체육회장배 전국 스쿼시 선수권대회 / 대한체육회 공인대회,201902,2019-03-28,남자 12세이하부,개인전,토너먼트,예선경기１０,유민석,201708001690,,지동현,201507002321,,0,3,B
제15회 대한체육회장배 전국 스쿼시 선수권대회 / 대한체육회 공인대회,201902,2019-03-28,남자 12세이하부,개인전,토너먼트,예선경기１１,김승현,201403012359,,이민규,201606000586,,3,0,A
제15회 대한체육회장배 전국 스쿼시 선수권대회 / 대한체육회 공인대회,201902,2019-03-28,남자 12세이하부,개인전,토너먼트,예선경기１４,이민우,201407000924,,최현우,201703014575,,3,0,A
제15회 대한체육회장배 전국 스쿼시 선수권대회 / 대한체육회 공인대회,201902,2019-03-28,남자 12세이하부,개인전,토너먼트,예선경기１５,서무진,201505003630,,최호진,201306001130,,0,3,B
제15회 대한체육회장배 전국 스쿼시 선수권대회 / 대한체육회 공인대회,201902,2019-03-28,남자 12세이하부,개인전,토너먼트,준준준결승경기１,박승민,201702006829,,박민준,201902005286,,3,0,A
제15회 대한체육회장배 전국 스쿼시 선수권대회 / 대한체육회 공인대회,201902,2019-03-28,남자 12세이하부,개인전,토너먼트,준준준결승경기２,이지석,201703004879,,이라온,201602011151,,0,3,B
제15회 대한체육회장배 전국 스쿼시 선수권대회 / 대한체육회 공인대회,201902,2019-03-28,남자 12세이하부,개인전,토너먼트,준준준결승경기３,권숙빈,201802004973,,한종수,201503002226,,0,3,B
제15회 대한체육회장배 전국 스쿼시 선수권대회 / 대한체육회 공인대회,201902,2019-03-28,남자 12세이하부,개인전,토너먼트,준준준결승경기４,이동규,201606000580,,김사무엘,201505001195,,0,3,B
제15회 대한체육회장배 전국 스쿼시 선수권대회 / 대한체육회 공인대회,201902,2019-03-28,남자 12세이하부,개인전,토너먼트,준준준결승경기５,김지환,201303020397,,지동현,201507002321,,1,3,B
제15회 대한체육회장배 전국 스쿼시 선수권대회 / 대한체육회 공인대회,201902,2019-03-28,남자 12세이하부,개인전,토너먼트,준준준결승경기６,김승현,201403012359,,유정민,201505003438,,1,3,B
제15회 대한체육회장배 전국 스쿼시 선수권대회 / 대한체육회 공인대회,201902,2019-03-28,남자 12세이하부,개인전,토너먼트,준준준결승경기７,오대건,201903004224,,이민우,201407000924,,0,3,B
제15회 대한체육회장배 전국 스쿼시 선수권대회 / 대한체육회 공인대회,201902,2019-03-28,남자 12세이하부,개인전,토너먼트,준준준결승경기８,최호진,201306001130,,강우석,201302005902,,0,3,B
제15회 대한체육회장배 전국 스쿼시 선수권대회 / 대한체육회 공인대회,201902,2019-03-28,남자 12세이하부,복식,리그전,1R / A조,"김승현, 김지환",,,"박승민, 이민우",,,2,0,A
제15회 대한체육회장배 전국 스쿼시 선수권대회 / 대한체육회 공인대회,201902,2019-03-28,남자 12세이하부,복식,리그전,1R / A조,"김승현, 김지환",,,"박시형, 유정민",,,2,0,A
제15회 대한체육회장배 전국 스쿼시 선수권대회 / 대한체육회 공인대회,201902,2019-03-28,여자 15세이하부,개인전,토너먼트,예선경기２,문석호,201402009240,,탁형진,201012000985,,3,1,A
제15회 대한체육회장배 전국 스쿼시 선수권대회 / 대한체육회 공인대회,201902,2019-03-28,여자 15세이하부,개인전,토너먼트,예선경기１５,유한서,201704001245,,심규영,201504001319,,0,3,B
제15회 대한체육회장배 전국 스쿼시 선수권대회 / 대한체육회 공인대회,201902,2019-03-28,여자 15세이하부,개인전,토너먼트,준준준결승경기１,유덕재,201104000837,,문석호,201402009240,,3,0,A
제15회 대한체육회장배 전국 스쿼시 선수권대회 / 대한체육회 공인대회,201902,2019-03-28,여자 15세이하부,개인전,토너먼트,준준준결승경기２,김현인,201602013447,,박정식,201103008064,,0,0,B
제15회 대한체육회장배 전국 스쿼시 선수권대회 / 대한체육회 공인대회,201902,2019-03-28,여자 15세이하부,개인전,토너먼트,준준준결승경기３,한승호,201402009248,,김정원,201302011502,,1,3,B
제15회 대한체육회장배 전국 스쿼시 선수권대회 / 대한체육회 공인대회,201902,2019-03-28,여자 15세이하부,개인전,토너먼트,준준준결승경기４,원준호,201104000840,,구성진,201302009824,,3,2,A
제15회 대한체육회장배 전국 스쿼시 선수권대회 / 대한체육회 공인대회,201902,2019-03-28,여자 15세이하부,개인전,토너먼트,준준준결승경기５,윤호진,200903026746,,김태현,201302005947,,1,3,B
제15회 대한체육회장배 전국 스쿼시 선수권대회 / 대한체육회 공인대회,201902,2019-03-28,여자 15세이하부,개인전,토너먼트,준준준결승경기６,박성찬,201006002472,,이승훈,201005005675,,3,0,A
제15회 대한체육회장배 전국 스쿼시 선수권대회 / 대한체육회 공인대회,201902,2019-03-28,여자 15세이하부,개인전,토너먼트,준준준결승경기７,탁효진,201104003468,,김진성,201402005833,,0,0,A
제15회 대한체육회장배 전국 스쿼시 선수권대회 / 대한체육회 공인대회,201902,2019-03-28,여자 15세이하부,개인전,토너먼트,준준준결승경기８,심규영,201504001319,,강현범,201302006321,,0,3,B
제15회 대한체육회장배 전국 스쿼시 선수권대회 / 대한체육회 공인대회,201902,2019-03-28,여자 15세이하부,복식,토너먼트,예선경기２,"원준호, 김태현",,,"이승훈, 한승호",,,2,1,A
제15회 대한체육회장배 전국 스쿼시 선수권대회 / 대한체육회 공인대회,201902,2019-03-28,여자 15세이하부,복식,토너먼트,예선경기３,"박성찬, 구성진",,,"강현범, 문석호",,,0,0,A
제15회 대한체육회장배 전국 스쿼시 선수권대회 / 대한체육회 공인대회,201902,2019-03-28,남자 15세이하부,개인전,토너먼트,예선경기２,최규희,200409010818,,김성집,200707000159,,1,3,B
제15회 대한체육회장배 전국 스쿼시 선수권대회 / 대한체육회 공인대회,201902,2019-03-28,남자 15세이하부,개인전,토너먼트,준준준준결승 1,이승택,200505000724,,김성집,200707000159,,3,0,A
제15회 대한체육회장배 전국 스쿼시 선수권대회 / 대한체육회 공인대회,201902,2019-03-28,남자 15세이하부,개인전,토너먼트,준준준준결승 2,이동준,201302010744,,한승철,201501001406,,0,3,B
제15회 대한체육회장배 전국 스쿼시 선수권대회 / 대한체육회 공인대회,201902,2019-03-28,남자 15세이하부,개인전,토너먼트,준준준준결승 3,유용민,200312009768,,조영훈,200905003169,,0,0,B
제15회 대한체육회장배 전국 스쿼시 선수권대회 / 대한체육회 공인대회,201902,2019-03-28,남자 15세이하부,개인전,토너먼트,준준준준결승 4,김광원,200312033621,,우창욱,200505000725,,0,0,B
제15회 대한체육회장배 전국 스쿼시 선수권대회 / 대한체육회 공인대회,201902,2019-03-28,남자 15세이하부,개인전,토너먼트,준준준준결승 5,유승한,200312005692,,황중원,200312034030,,1,3,B
제15회 대한체육회장배 전국 스쿼시 선수권대회 / 대한체육회 공인대회,201902,2019-03-28,남자 15세이하부,개인전,토너먼트,준준준준결승 6,정대훈,200504009468,,이승호,200705003660,,3,0,A
제15회 대한체육회장배 전국 스쿼시 선수권대회 / 대한체육회 공인대회,201902,2019-03-28,남자 15세이하부,개인전,토너먼트,준준준준결승 7,문병준,201205001262,,김창하,201602010896,,3,0,A
제15회 대한체육회장배 전국 스쿼시 선수권대회 / 대한체육회 공인대회,201902,2019-03-28,남자 15세이하부,개인전,토너먼트,준준준준결승 8,백승엽,200312034382,,고영조,200506001863,,1,3,B
제15회 대한체육회장배 전국 스쿼시 선수권대회 / 대한체육회 공인대회,201902,2019-03-28,남자 15세이하부,개인전,토너먼트,준준준준결승 9,이건동,200312007919,,황중찬,200706002344,,3,1,A
제15회 대한체육회장배 전국 스쿼시 선수권대회 / 대한체육회 공인대회,201902,2019-03-28,남자 15세이하부,개인전,토너먼트,준준준준결승 10,진승우,200312004753,,박한솔,200705000520,,3,0,A
제15회 대한체육회장배 전국 스쿼시 선수권대회 / 대한체육회 공인대회,201902,2019-03-28,남자 15세이하부,개인전,토너먼트,준준준준결승 11,한성수,200312017223,,김성영,200402011049,,0,3,B
제15회 대한체육회장배 전국 스쿼시 선수권대회 / 대한체육회 공인대회,201902,2019-03-28,남자 15세이하부,개인전,토너먼트,준준준준결승 12,임지훈,200408000585,,이년호,200312006064,,0,0,B
제15회 대한체육회장배 전국 스쿼시 선수권대회 / 대한체육회 공인대회,201902,2019-03-28,남자 15세이하부,개인전,토너먼트,준준준준결승 13,이종호,200806001477,,안성수,200312013357,,3,0,A
제15회 대한체육회장배 전국 스쿼시 선수권대회 / 대한체육회 공인대회,201902,2019-03-28,남자 15세이하부,개인전,토너먼트,준준준준결승 14,최원석,200506000847,,이세현,200504008934,,0,3,B
제15회 대한체육회장배 전국 스쿼시 선수권대회 / 대한체육회 공인대회,201902,2019-03-28,남자 15세이하부,개인전,토너먼트,준준준준결승 15,이동민,201302010757,,김현동,200312010625,,1,3,B
제15회 대한체육회장배 전국 스쿼시 선수권대회 / 대한체육회 공인대회,201902,2019-03-28,남자 15세이하부,개인전,토너먼트,준준준준결승 16,오민재,200805001140,,박종명,200803023360,,0,3,B
제15회 대한체육회장배 전국 스쿼시 선수권대회 / 대한체육회 공인대회,201902,2019-03-28,여자 18세이하부,개인전,토너먼트,예선경기３,김현지,201903003718,,박주현,201804004072,,0,3,B
제15회 대한체육회장배 전국 스쿼시 선수권대회 / 대한체육회 공인대회,201902,2019-03-28,여자 18세이하부,개인전,토너먼트,예선경기６,서효린,201605000828,,서하민,201703008633,,1,3,B
제15회 대한체육회장배 전국 스쿼시 선수권대회 / 대한체육회 공인대회,201902,2019-03-28,남자 18세이하부,개인전,토너먼트,예선경기３,이승연,201405001347,,문혜연,201203009845,,0,3,B
제15회 대한체육회장배 전국 스쿼시 선수권대회 / 대한체육회 공인대회,201902,2019-03-28,남자 18세이하부,복식,리그전,1R / A조,"오승희, 이승연",,,"송동주, 송채원",,,1,2,B
제15회 대한체육회장배 전국 스쿼시 선수권대회 / 대한체육회 공인대회,201902,2019-03-28,남자 18세이하부,복식,리그전,1R / A조,"김민희, 류보람",,,"오승희, 이승연",,,2,1,A
제15회 대한체육회장배 전국 스쿼시 선수권대회 / 대한체육회 공인대회,201902,2019-03-28,여자 대학부,개인전,토너먼트,예선경기２,김아현,200312015283,,박은옥,200312004918,,1,3,B
제15회 대한체육회장배 전국 스쿼시 선수권대회 / 대한체육회 공인대회,201902,2019-03-28,여자 대학부,개인전,토너먼트,예선경기３,김미진,201503004586,,강영진,200312004530,,3,1,A
제15회 대한체육회장배 전국 스쿼시 선수권대회 / 대한체육회 공인대회,201902,2019-03-28,여자 대학부,개인전,토너먼트,예선경기６,김하은,201302005893,,장유진,201012000986,,1,3,B
제15회 대한체육회장배 전국 스쿼시 선수권대회 / 대한체육회 공인대회,201902,2019-03-28,여자 대학부,개인전,토너먼트,예선경기７,조강빈,201606003147,,박민주,200606004565,,0,0,B
제15회 대한체육회장배 전국 스쿼시 선수권대회 / 대한체육회 공인대회,201902,2019-03-28,여자 대학부,개인전,토너먼트,예선경기１０,박상은,201404002146,,송선미,200504008897,,0,3,B
제15회 대한체육회장배 전국 스쿼시 선수권대회 / 대한체육회 공인대회,201902,2019-03-28,여자 대학부,개인전,토너먼트,예선경기１１,김다정,200506003985,,박미림,200312007885,,0,3,B
제15회 대한체육회장배 전국 스쿼시 선수권대회 / 대한체육회 공인대회,201902,2019-03-28,여자 대학부,개인전,토너먼트,예선경기１４,허민경,201103015212,,배찬미,200506004011,,3,0,A
제15회 대한체육회장배 전국 스쿼시 선수권대회 / 대한체육회 공인대회,201902,2019-03-28,여자 대학부,개인전,토너먼트,예선경기１５,박다나,200504008890,,김가람,200505000922,,0,3,B
제15회 대한체육회장배 전국 스쿼시 선수권대회 / 대한체육회 공인대회,201902,2019-03-28,GU13 P,개인전,토너먼트,예선경기３,유정욱,201603018160,,김병관,201708000163,,0,3,B
제15회 대한체육회장배 전국 스쿼시 선수권대회 / 대한체육회 공인대회,201902,2019-03-29,남자 12세이하부,개인전,토너먼트,준준결승경기１,박승민,201702006829,,이라온,201602011151,,3,0,A
제15회 대한체육회장배 전국 스쿼시 선수권대회 / 대한체육회 공인대회,201902,2019-03-29,남자 12세이하부,개인전,토너먼트,준준결승경기２,한종수,201503002226,,김사무엘,201505001195,,3,0,A
제15회 대한체육회장배 전국 스쿼시 선수권대회 / 대한체육회 공인대회,201902,2019-03-29,남자 12세이하부,개인전,토너먼트,준준결승경기３,지동현,201507002321,,유정민,201505003438,,0,3,B
제15회 대한체육회장배 전국 스쿼시 선수권대회 / 대한체육회 공인대회,201902,2019-03-29,남자 12세이하부,개인전,토너먼트,준준결승경기４,이민우,201407000924,,강우석,201302005902,,3,0,A
제15회 대한체육회장배 전국 스쿼시 선수권대회 / 대한체육회 공인대회,201902,2019-03-29,남자 12세이하부,개인전,토너먼트,준결승경기１,박승민,201702006829,,한종수,201503002226,,3,1,A
제15회 대한체육회장배 전국 스쿼시 선수권대회 / 대한체육회 공인대회,201902,2019-03-29,남자 12세이하부,개인전,토너먼트,준결승경기２,유정민,201505003438,,이민우,201407000924,,0,3,B
제15회 대한체육회장배 전국 스쿼시 선수권대회 / 대한체육회 공인대회,201902,2019-03-29,남자 12세이하부,단체전,토너먼트,예선경기２,김해생명과학고등학교,,,대광발명과학고등학교,,,1,0,A
제15회 대한체육회장배 전국 스쿼시 선수권대회 / 대한체육회 공인대회,201902,2019-03-29,남자 12세이하부,단체전,토너먼트,예선경기３,백영고등학교,,,언양고등학교,,,1,0,A
제15회 대한체육회장배 전국 스쿼시 선수권대회 / 대한체육회 공인대회,201902,2019-03-29,남자 12세이하부,복식,리그전,1R / A조,"박시형, 유정민",,,"박승민, 이민우",,,0,2,B
제15회 대한체육회장배 전국 스쿼시 선수권대회 / 대한체육회 공인대회,201902,2019-03-29,여자 15세이하부,개인전,토너먼트,준준결승경기１,유덕재,201104000837,,박정식,201103008064,,3,0,A
제15회 대한체육회장배 전국 스쿼시 선수권대회 / 대한체육회 공인대회,201902,2019-03-29,여자 15세이하부,개인전,토너먼트,준준결승경기２,김정원,201302011502,,원준호,201104000840,,2,3,B
제15회 대한체육회장배 전국 스쿼시 선수권대회 / 대한체육회 공인대회,201902,2019-03-29,여자 15세이하부,개인전,토너먼트,준준결승경기３,김태현,201302005947,,박성찬,201006002472,,1,3,B
제15회 대한체육회장배 전국 스쿼시 선수권대회 / 대한체육회 공인대회,201902,2019-03-29,여자 15세이하부,개인전,토너먼트,준준결승경기４,탁효진,201104003468,,강현범,201302006321,,1,3,B
제15회 대한체육회장배 전국 스쿼시 선수권대회 / 대한체육회 공인대회,201902,2019-03-29,여자 15세이하부,개인전,토너먼트,준결승경기１,유덕재,201104000837,,원준호,201104000840,,3,1,A
제15회 대한체육회장배 전국 스쿼시 선수권대회 / 대한체육회 공인대회,201902,2019-03-29,여자 15세이하부,개인전,토너먼트,준결승경기２,박성찬,201006002472,,강현범,201302006321,,3,1,A
제15회 대한체육회장배 전국 스쿼시 선수권대회 / 대한체육회 공인대회,201902,2019-03-29,여자 15세이하부,복식,토너먼트,준결승경기１,"심규영, 윤호진",,,"원준호, 김태현",,,2,1,A
제15회 대한체육회장배 전국 스쿼시 선수권대회 / 대한체육회 공인대회,201902,2019-03-29,여자 15세이하부,복식,토너먼트,준결승경기２,"박성찬, 구성진",,,"김정원, 탁형진",,,2,1,A
제15회 대한체육회장배 전국 스쿼시 선수권대회 / 대한체육회 공인대회,201902,2019-03-29,남자 15세이하부,개인전,토너먼트,준준준결승경기１,이승택,200505000724,,한승철,201501001406,,2,3,B
제15회 대한체육회장배 전국 스쿼시 선수권대회 / 대한체육회 공인대회,201902,2019-03-29,남자 15세이하부,개인전,토너먼트,준준준결승경기２,조영훈,200905003169,,우창욱,200505000725,,2,3,B
제15회 대한체육회장배 전국 스쿼시 선수권대회 / 대한체육회 공인대회,201902,2019-03-29,남자 15세이하부,개인전,토너먼트,준준준결승경기３,황중원,200312034030,,정대훈,200504009468,,3,0,A
제15회 대한체육회장배 전국 스쿼시 선수권대회 / 대한체육회 공인대회,201902,2019-03-29,남자 15세이하부,개인전,토너먼트,준준준결승경기４,문병준,201205001262,,고영조,200506001863,,0,3,B
제15회 대한체육회장배 전국 스쿼시 선수권대회 / 대한체육회 공인대회,201902,2019-03-29,남자 15세이하부,개인전,토너먼트,준준준결승경기５,이건동,200312007919,,진승우,200312004753,,3,0,A
제15회 대한체육회장배 전국 스쿼시 선수권대회 / 대한체육회 공인대회,201902,2019-03-29,남자 15세이하부,개인전,토너먼트,준준준결승경기６,김성영,200402011049,,이년호,200312006064,,2,3,B
제15회 대한체육회장배 전국 스쿼시 선수권대회 / 대한체육회 공인대회,201902,2019-03-29,남자 15세이하부,개인전,토너먼트,준준준결승경기７,이종호,200806001477,,이세현,200504008934,,0,0,B
제15회 대한체육회장배 전국 스쿼시 선수권대회 / 대한체육회 공인대회,201902,2019-03-29,남자 15세이하부,개인전,토너먼트,준준준결승경기８,김현동,200312010625,,박종명,200803023360,,0,3,B
제15회 대한체육회장배 전국 스쿼시 선수권대회 / 대한체육회 공인대회,201902,2019-03-29,남자 15세이하부,개인전,토너먼트,준준결승경기１,한승철,201501001406,,우창욱,200505000725,,3,0,A
제15회 대한체육회장배 전국 스쿼시 선수권대회 / 대한체육회 공인대회,201902,2019-03-29,남자 15세이하부,개인전,토너먼트,준준결승경기２,황중원,200312034030,,고영조,200506001863,,0,3,B
제15회 대한체육회장배 전국 스쿼시 선수권대회 / 대한체육회 공인대회,201902,2019-03-29,남자 15세이하부,개인전,토너먼트,준준결승경기３,이건동,200312007919,,이년호,200312006064,,3,1,A
제15회 대한체육회장배 전국 스쿼시 선수권대회 / 대한체육회 공인대회,201902,2019-03-29,남자 15세이하부,개인전,토너먼트,준준결승경기４,이세현,200504008934,,박종명,200803023360,,3,1,A
제15회 대한체육회장배 전국 스쿼시 선수권대회 / 대한체육회 공인대회,201902,2019-03-29,여자 18세이하부,개인전,토너먼트,준준결승경기１,곽다연,201302006626,,신유진,201602007698,,3,0,A
제15회 대한체육회장배 전국 스쿼시 선수권대회 / 대한체육회 공인대회,201902,2019-03-29,여자 18세이하부,개인전,토너먼트,준준결승경기２,박주현,201804004072,,하수정,201602007494,,0,3,B
제15회 대한체육회장배 전국 스쿼시 선수권대회 / 대한체육회 공인대회,201902,2019-03-29,여자 18세이하부,개인전,토너먼트,준준결승경기３,노윤진,201702011015,,서하민,201703008633,,1,3,B
제15회 대한체육회장배 전국 스쿼시 선수권대회 / 대한체육회 공인대회,201902,2019-03-29,여자 18세이하부,개인전,토너먼트,준준결승경기４,구보경,201902004370,,장예원,201601000670,,0,3,B
제15회 대한체육회장배 전국 스쿼시 선수권대회 / 대한체육회 공인대회,201902,2019-03-29,여자 18세이하부,개인전,토너먼트,준결승경기１,곽다연,201302006626,,하수정,201602007494,,3,0,A
제15회 대한체육회장배 전국 스쿼시 선수권대회 / 대한체육회 공인대회,201902,2019-03-29,여자 18세이하부,개인전,토너먼트,준결승경기２,서하민,201703008633,,장예원,201601000670,,0,3,B
제15회 대한체육회장배 전국 스쿼시 선수권대회 / 대한체육회 공인대회,201902,2019-03-29,남자 18세이하부,개인전,토너먼트,준준결승경기１,오승희,201209002253,,류보람,201503023001,,3,1,A
제15회 대한체육회장배 전국 스쿼시 선수권대회 / 대한체육회 공인대회,201902,2019-03-29,남자 18세이하부,개인전,토너먼트,준준결승경기２,문혜연,201203009845,,문빈,201604002747,,3,0,A
제15회 대한체육회장배 전국 스쿼시 선수권대회 / 대한체육회 공인대회,201902,2019-03-29,남자 18세이하부,개인전,토너먼트,준준결승경기３,송채원,200903026922,,김민희,201402004905,,3,1,A
제15회 대한체육회장배 전국 스쿼시 선수권대회 / 대한체육회 공인대회,201902,2019-03-29,남자 18세이하부,개인전,토너먼트,준준결승경기４,이가희,201602000993,,송동주,201205000983,,0,3,B
제15회 대한체육회장배 전국 스쿼시 선수권대회 / 대한체육회 공인대회,201902,2019-03-29,남자 18세이하부,개인전,토너먼트,준결승경기１,오승희,201209002253,,문혜연,201203009845,,3,1,A
제15회 대한체육회장배 전국 스쿼시 선수권대회 / 대한체육회 공인대회,201902,2019-03-29,남자 18세이하부,개인전,토너먼트,준결승경기２,송채원,200903026922,,송동주,201205000983,,1,3,B
제15회 대한체육회장배 전국 스쿼시 선수권대회 / 대한체육회 공인대회,201902,2019-03-29,여자 대학부,개인전,토너먼트,준준결승경기１,최유라,200703026440,,김미진,201503004586,,3,0,A
제15회 대한체육회장배 전국 스쿼시 선수권대회 / 대한체육회 공인대회,201902,2019-03-29,여자 대학부,개인전,토너먼트,준준결승경기２,엄화영,201002007702,,김가혜,200312004260,,0,3,B
제15회 대한체육회장배 전국 스쿼시 선수권대회 / 대한체육회 공인대회,201902,2019-03-29,여자 대학부,개인전,토너먼트,준준결승경기３,양연수,200409006651,,박미림,200312007885,,3,0,A
제15회 대한체육회장배 전국 스쿼시 선수권대회 / 대한체육회 공인대회,201902,2019-03-29,여자 대학부,개인전,토너먼트,준준결승경기４,이해경,200402015564,,이지현,200504008455,,0,3,B
제15회 대한체육회장배 전국 스쿼시 선수권대회 / 대한체육회 공인대회,201902,2019-03-29,여자 대학부,개인전,토너먼트,준결승경기１,최유라,200703026440,,김가혜,200312004260,,3,2,A
제15회 대한체육회장배 전국 스쿼시 선수권대회 / 대한체육회 공인대회,201902,2019-03-29,여자 대학부,개인전,토너먼트,준결승경기２,양연수,200409006651,,이지현,200504008455,,3,2,A
제15회 대한체육회장배 전국 스쿼시 선수권대회 / 대한체육회 공인대회,201902,2019-03-29,GU11 P,개인전,토너먼트,준결승경기１,이종혁,201803007682,,이용욱,201902003971,,3,0,A
제15회 대한체육회장배 전국 스쿼시 선수권대회 / 대한체육회 공인대회,201902,2019-03-29,GU11 P,개인전,토너먼트,준결승경기２,임주안,201803013833,,어지웅,201703016477,,3,1,A
제15회 대한체육회장배 전국 스쿼시 선수권대회 / 대한체육회 공인대회,201902,2019-03-29,GU13 P,개인전,토너먼트,준준결승경기１,김건,201503006845,,박지훈,201706000549,,3,0,A
제15회 대한체육회장배 전국 스쿼시 선수권대회 / 대한체육회 공인대회,201902,2019-03-29,GU13 P,개인전,토너먼트,준준결승경기２,김병관,201708000163,,이강인,201808001789,,1,3,B
제15회 대한체육회장배 전국 스쿼시 선수권대회 / 대한체육회 공인대회,201902,2019-03-29,GU13 P,개인전,토너먼트,준준결승경기３,김보민,201707002221,,오서진,201605004663,,0,3,B
제15회 대한체육회장배 전국 스쿼시 선수권대회 / 대한체육회 공인대회,201902,2019-03-29,GU13 P,개인전,토너먼트,준준결승경기４,나주영,201602006877,,정태경,201606000617,,3,1,A
제15회 대한체육회장배 전국 스쿼시 선수권대회 / 대한체육회 공인대회,201902,2019-03-29,GU13 P,개인전,토너먼트,준결승경기１,김건,201503006845,,이강인,201808001789,,3,0,A
제15회 대한체육회장배 전국 스쿼시 선수권대회 / 대한체육회 공인대회,201902,2019-03-29,GU13 P,개인전,토너먼트,준결승경기２,오서진,201605004663,,나주영,201602006877,,3,1,A
제15회 대한체육회장배 전국 스쿼시 선수권대회 / 대한체육회 공인대회,201902,2019-03-29,GU16 P,개인전,토너먼트,예선경기２,김하연,201503006905,,엄준,201804000231,,0,0,A
제15회 대한체육회장배 전국 스쿼시 선수권대회 / 대한체육회 공인대회,201902,2019-03-29,GU16 P,개인전,토너먼트,예선경기３,어수빈,201503012548,,김민주,201404001152,,3,0,A
제15회 대한체육회장배 전국 스쿼시 선수권대회 / 대한체육회 공인대회,201902,2019-03-29,GU16 P,개인전,토너먼트,준결승경기１,김다미,201107004502,,김하연,201503006905,,3,0,A
제15회 대한체육회장배 전국 스쿼시 선수권대회 / 대한체육회 공인대회,201902,2019-03-29,GU16 P,개인전,토너먼트,준결승경기２,어수빈,201503012548,,이소진,201503029527,,3,1,A
제15회 대한체육회장배 전국 스쿼시 선수권대회 / 대한체육회 공인대회,201902,2019-03-30,남자 12세이하부,개인전,토너먼트,결승,박승민,201702006829,,이민우,201407000924,,1,3,B
제15회 대한체육회장배 전국 스쿼시 선수권대회 / 대한체육회 공인대회,201902,2019-03-30,남자 12세이하부,단체전,토너먼트,준결승경기１,와룡고등학교,,,김해생명과학고등학교,,,0,1,B
제15회 대한체육회장배 전국 스쿼시 선수권대회 / 대한체육회 공인대회,201902,2019-03-30,남자 12세이하부,단체전,토너먼트,준결승경기２,백영고등학교,,,인천 대건고등학교,,,3,0,A
제15회 대한체육회장배 전국 스쿼시 선수권대회 / 대한체육회 공인대회,201902,2019-03-30,남자 12세이하부,단체전,토너먼트,결승,김해생명과학고등학교,,,백영고등학교,,,1,0,A
제15회 대한체육회장배 전국 스쿼시 선수권대회 / 대한체육회 공인대회,201902,2019-03-30,여자 15세이하부,개인전,토너먼트,결승,유덕재,201104000837,,박성찬,201006002472,,0,0,
제15회 대한체육회장배 전국 스쿼시 선수권대회 / 대한체육회 공인대회,201902,2019-03-30,여자 15세이하부,복식,토너먼트,결승,"심규영, 윤호진",,,"박성찬, 구성진",,,2,1,A
제15회 대한체육회장배 전국 스쿼시 선수권대회 / 대한체육회 공인대회,201902,2019-03-30,남자 15세이하부,개인전,토너먼트,준결승경기１,한승철,201501001406,,고영조,200506001863,,0,3,B
제15회 대한체육회장배 전국 스쿼시 선수권대회 / 대한체육회 공인대회,201902,2019-03-30,남자 15세이하부,개인전,토너먼트,준결승경기２,이건동,200312007919,,이세현,200504008934,,0,0,B
제15회 대한체육회장배 전국 스쿼시 선수권대회 / 대한체육회 공인대회,201902,2019-03-30,남자 15세이하부,개인전,토너먼트,결승,고영조,200506001863,,이세현,200504008934,,3,0,A
제15회 대한체육회장배 전국 스쿼시 선수권대회 / 대한체육회 공인대회,201902,2019-03-30,여자 18세이하부,개인전,토너먼트,결승,곽다연,201302006626,,장예원,201601000670,,3,1,A
제15회 대한체육회장배 전국 스쿼시 선수권대회 / 대한체육회 공인대회,201902,2019-03-30,남자 18세이하부,개인전,토너먼트,결승,오승희,201209002253,,송동주,201205000983,,3,1,A
제15회 대한체육회장배 전국 스쿼시 선수권대회 / 대한체육회 공인대회,201902,2019-03-30,남자 18세이하부,복식,리그전,1R / A조,"김민희, 류보람",,,"송동주, 송채원",,,1,2,B
제15회 대한체육회장배 전국 스쿼시 선수권대회 / 대한체육회 공인대회,201902,2019-03-30,여자 대학부,개인전,토너먼트,결승,최유라,200703026440,,양연수,200409006651,,0,3,B
제15회 대한체육회장배 전국 스쿼시 선수권대회 / 대한체육회 공인대회,201902,2019-03-30,GU11 P,개인전,토너먼트,결승,이종혁,201803007682,,임주안,201803013833,,3,0,A
제15회 대한체육회장배 전국 스쿼시 선수권대회 / 대한체육회 공인대회,201902,2019-03-30,GU13 P,개인전,토너먼트,결승,김건,201503006845,,오서진,201605004663,,1,3,B
제15회 대한체육회장배 전국 스쿼시 선수권대회 / 대한체육회 공인대회,201902,2019-03-30,GU16 P,개인전,토너먼트,결승,김다미,201107004502,,어수빈,201503012548,,0,3,B
제13회 회장배 전국 스쿼시 선수권대회 / 대한체육회 공인대회,201903,2019-04-18,남자 12세이하부,개인전,토너먼트,예선경기５,NAM ZACHARIAS HONG SHIK,201804002451,,xuyuanlong,201703015442,,3,0,A
제13회 회장배 전국 스쿼시 선수권대회 / 대한체육회 공인대회,201903,2019-04-18,남자 12세이하부,개인전,토너먼트,예선경기１０,김지환,201303020397,,유민석,201708001690,,3,0,A
제13회 회장배 전국 스쿼시 선수권대회 / 대한체육회 공인대회,201903,2019-04-18,남자 12세이하부,개인전,토너먼트,예선경기１５,이라온,201602011151,,박시형,201702007823,,3,0,A
제13회 회장배 전국 스쿼시 선수권대회 / 대한체육회 공인대회,201903,2019-04-18,남자 12세이하부,개인전,토너먼트,준준준결승경기１,이민우,201407000924,,박민준,201902005286,,3,0,A
제13회 회장배 전국 스쿼시 선수권대회 / 대한체육회 공인대회,201903,2019-04-18,남자 12세이하부,개인전,토너먼트,준준준결승경기２,지동현,201507002321,,김승현,201403012359,,1,3,B
제13회 회장배 전국 스쿼시 선수권대회 / 대한체육회 공인대회,201903,2019-04-18,남자 12세이하부,개인전,토너먼트,준준준결승경기３,NAM ZACHARIAS HONG SHIK,201804002451,,서무진,201505003630,,3,0,A
제13회 회장배 전국 스쿼시 선수권대회 / 대한체육회 공인대회,201903,2019-04-18,남자 12세이하부,개인전,토너먼트,준준준결승경기４,유정민,201505003438,,이동규,201606000580,,3,0,A
제13회 회장배 전국 스쿼시 선수권대회 / 대한체육회 공인대회,201903,2019-04-18,남자 12세이하부,개인전,토너먼트,준준준결승경기５,한종수,201503002226,,김지환,201303020397,,0,3,B
제13회 회장배 전국 스쿼시 선수권대회 / 대한체육회 공인대회,201903,2019-04-18,남자 12세이하부,개인전,토너먼트,준준준결승경기６,정성보,201804000821,,김사무엘,201505001195,,0,3,B
제13회 회장배 전국 스쿼시 선수권대회 / 대한체육회 공인대회,201903,2019-04-18,남자 12세이하부,개인전,토너먼트,준준준결승경기７,최호진,201306001130,,박승민,201702006829,,0,3,B
제13회 회장배 전국 스쿼시 선수권대회 / 대한체육회 공인대회,201903,2019-04-18,남자 12세이하부,개인전,토너먼트,준준준결승경기８,이라온,201602011151,,강우석,201302005902,,0,3,B
제13회 회장배 전국 스쿼시 선수권대회 / 대한체육회 공인대회,201903,2019-04-18,남자 12세이하부,복식,토너먼트,예선경기２,"지동현, 최호진",,,"이민규, 권숙빈",,,2,1,A
제13회 회장배 전국 스쿼시 선수권대회 / 대한체육회 공인대회,201903,2019-04-18,남자 12세이하부,복식,토너먼트,준결승경기１,"김지환, 김승현",,,"지동현, 최호진",,,2,1,A
제13회 회장배 전국 스쿼시 선수권대회 / 대한체육회 공인대회,201903,2019-04-18,남자 12세이하부,복식,토너먼트,준결승경기２,"강우석, 박민준",,,"박승민, 이민우",,,0,2,B
제13회 회장배 전국 스쿼시 선수권대회 / 대한체육회 공인대회,201903,2019-04-18,여자 15세이하부,개인전,토너먼트,예선경기１,유덕재,201104000837,,한승호,201402009248,,3,0,A
제13회 회장배 전국 스쿼시 선수권대회 / 대한체육회 공인대회,201903,2019-04-18,여자 15세이하부,개인전,토너먼트,예선경기２,김태현,201302005947,,박정식,201103008064,,1,3,B
제13회 회장배 전국 스쿼시 선수권대회 / 대한체육회 공인대회,201903,2019-04-18,여자 15세이하부,개인전,토너먼트,예선경기３,문석호,201402009240,,김현인,201602013447,,3,0,A
제13회 회장배 전국 스쿼시 선수권대회 / 대한체육회 공인대회,201903,2019-04-18,여자 15세이하부,개인전,토너먼트,예선경기４,탁효진,201104003468,,이승훈,201005005675,,3,1,A
제13회 회장배 전국 스쿼시 선수권대회 / 대한체육회 공인대회,201903,2019-04-18,여자 15세이하부,개인전,토너먼트,예선경기５,원준호,201104000840,,구성진,201302009824,,0,3,B
제13회 회장배 전국 스쿼시 선수권대회 / 대한체육회 공인대회,201903,2019-04-18,여자 15세이하부,개인전,토너먼트,예선경기６,박성찬,201006002472,,윤호진,200903026746,,3,0,A
제13회 회장배 전국 스쿼시 선수권대회 / 대한체육회 공인대회,201903,2019-04-18,여자 15세이하부,개인전,토너먼트,예선경기７,이시훈,201603006399,,강현범,201302006321,,0,3,B
제13회 회장배 전국 스쿼시 선수권대회 / 대한체육회 공인대회,201903,2019-04-18,여자 15세이하부,개인전,토너먼트,예선경기８,심규영,201504001319,,탁형진,201012000985,,0,3,B
제13회 회장배 전국 스쿼시 선수권대회 / 대한체육회 공인대회,201903,2019-04-18,여자 15세이하부,단체전,리그전,1R / A조,중앙대학교 제2캠퍼스(안성)A,,,중앙대학교 제2캠퍼스(안성)B,,,3,0,A
제13회 회장배 전국 스쿼시 선수권대회 / 대한체육회 공인대회,201903,2019-04-18,남자 15세이하부,개인전,토너먼트,예선경기２,최규희,200409010818,,이동민,201302010757,,0,3,B
제13회 회장배 전국 스쿼시 선수권대회 / 대한체육회 공인대회,201903,2019-04-18,남자 15세이하부,개인전,토너먼트,예선경기３,박한솔,200705000520,,김광원,200312033621,,1,3,B
제13회 회장배 전국 스쿼시 선수권대회 / 대한체육회 공인대회,201903,2019-04-18,남자 15세이하부,개인전,토너먼트,예선경기４,백승엽,200312034382,,조영훈,200905003169,,3,2,A
제13회 회장배 전국 스쿼시 선수권대회 / 대한체육회 공인대회,201903,2019-04-18,남자 15세이하부,개인전,토너먼트,예선경기５,허대길,201901003150,,김성영,200402011049,,0,3,B
제13회 회장배 전국 스쿼시 선수권대회 / 대한체육회 공인대회,201903,2019-04-18,남자 15세이하부,개인전,토너먼트,예선경기６,한성수,200312017223,,김현동,200312010625,,0,3,B
제13회 회장배 전국 스쿼시 선수권대회 / 대한체육회 공인대회,201903,2019-04-18,남자 15세이하부,개인전,토너먼트,예선경기７,정대훈,200504009468,,유승한,200312005692,,3,0,A
제13회 회장배 전국 스쿼시 선수권대회 / 대한체육회 공인대회,201903,2019-04-18,남자 15세이하부,개인전,토너먼트,예선경기８,한승철,201501001406,,우창욱,200505000725,,3,1,A
제13회 회장배 전국 스쿼시 선수권대회 / 대한체육회 공인대회,201903,2019-04-18,남자 15세이하부,개인전,토너먼트,예선경기９,이년호,200312006064,,유용민,200312009768,,3,2,A
제13회 회장배 전국 스쿼시 선수권대회 / 대한체육회 공인대회,201903,2019-04-18,남자 15세이하부,개인전,토너먼트,예선경기１０,김성집,200707000159,,김동우,201503028559,,3,0,A
제13회 회장배 전국 스쿼시 선수권대회 / 대한체육회 공인대회,201903,2019-04-18,남자 15세이하부,개인전,토너먼트,예선경기１１,권오석,200408001260,,이건동,200312007919,,0,0,B
제13회 회장배 전국 스쿼시 선수권대회 / 대한체육회 공인대회,201903,2019-04-18,남자 15세이하부,개인전,토너먼트,예선경기１２,오민재,200805001140,,이승호,200705003660,,3,0,A
제13회 회장배 전국 스쿼시 선수권대회 / 대한체육회 공인대회,201903,2019-04-18,남자 15세이하부,개인전,토너먼트,예선경기１３,진승우,200312004753,,이동준,201302010744,,2,3,B
제13회 회장배 전국 스쿼시 선수권대회 / 대한체육회 공인대회,201903,2019-04-18,남자 15세이하부,개인전,토너먼트,예선경기１４,문병준,201205001262,,유승용,200907002704,,0,3,B
제13회 회장배 전국 스쿼시 선수권대회 / 대한체육회 공인대회,201903,2019-04-18,남자 15세이하부,개인전,토너먼트,예선경기１５,김현용,201003010456,,이종호,200806001477,,3,0,A
제13회 회장배 전국 스쿼시 선수권대회 / 대한체육회 공인대회,201903,2019-04-18,남자 15세이하부,개인전,토너먼트,준준준결승경기１,이승택,200505000724,,이동민,201302010757,,3,0,A
제13회 회장배 전국 스쿼시 선수권대회 / 대한체육회 공인대회,201903,2019-04-18,남자 15세이하부,개인전,토너먼트,준준준결승경기２,김광원,200312033621,,백승엽,200312034382,,3,2,A
제13회 회장배 전국 스쿼시 선수권대회 / 대한체육회 공인대회,201903,2019-04-18,남자 15세이하부,개인전,토너먼트,준준준결승경기３,김성영,200402011049,,김현동,200312010625,,1,3,B
제13회 회장배 전국 스쿼시 선수권대회 / 대한체육회 공인대회,201903,2019-04-18,남자 15세이하부,개인전,토너먼트,준준준결승경기４,정대훈,200504009468,,한승철,201501001406,,1,3,B
제13회 회장배 전국 스쿼시 선수권대회 / 대한체육회 공인대회,201903,2019-04-18,남자 15세이하부,개인전,토너먼트,준준준결승경기５,이년호,200312006064,,김성집,200707000159,,3,0,A
제13회 회장배 전국 스쿼시 선수권대회 / 대한체육회 공인대회,201903,2019-04-18,남자 15세이하부,개인전,토너먼트,준준준결승경기６,이건동,200312007919,,오민재,200805001140,,1,3,B
제13회 회장배 전국 스쿼시 선수권대회 / 대한체육회 공인대회,201903,2019-04-18,남자 15세이하부,개인전,토너먼트,준준준결승경기７,이동준,201302010744,,유승용,200907002704,,3,1,A
제13회 회장배 전국 스쿼시 선수권대회 / 대한체육회 공인대회,201903,2019-04-18,남자 15세이하부,개인전,토너먼트,준준준결승경기８,김현용,201003010456,,황중원,200312034030,,1,3,B
제13회 회장배 전국 스쿼시 선수권대회 / 대한체육회 공인대회,201903,2019-04-18,여자 18세이하부,개인전,토너먼트,예선경기２,신지수,201806002537,,곽민지,201805000058,,1,3,B
제13회 회장배 전국 스쿼시 선수권대회 / 대한체육회 공인대회,201903,2019-04-18,여자 18세이하부,개인전,토너먼트,예선경기７,신유진,201602007698,,서효린,201605000828,,3,0,A
제13회 회장배 전국 스쿼시 선수권대회 / 대한체육회 공인대회,201903,2019-04-18,여자 18세이하부,개인전,토너먼트,준준결승경기１,곽다연,201302006626,,곽민지,201805000058,,3,0,A
제13회 회장배 전국 스쿼시 선수권대회 / 대한체육회 공인대회,201903,2019-04-18,여자 18세이하부,개인전,토너먼트,준준결승경기２,하수정,201602007494,,김현지,201903003718,,0,0,A
제13회 회장배 전국 스쿼시 선수권대회 / 대한체육회 공인대회,201903,2019-04-18,여자 18세이하부,개인전,토너먼트,준준결승경기３,장예원,201601000670,,노윤진,201702011015,,3,0,A
제13회 회장배 전국 스쿼시 선수권대회 / 대한체육회 공인대회,201903,2019-04-18,여자 18세이하부,개인전,토너먼트,준준결승경기４,신유진,201602007698,,서하민,201703008633,,3,0,A
제13회 회장배 전국 스쿼시 선수권대회 / 대한체육회 공인대회,201903,2019-04-18,남자 18세이하부,개인전,토너먼트,예선경기２,문빈,201604002747,,류보람,201503023001,,0,0,B
제13회 회장배 전국 스쿼시 선수권대회 / 대한체육회 공인대회,201903,2019-04-18,남자 18세이하부,개인전,토너먼트,예선경기６,문혜연,201203009845,,김민영,201306001318,,3,0,A
제13회 회장배 전국 스쿼시 선수권대회 / 대한체육회 공인대회,201903,2019-04-18,남자 18세이하부,개인전,토너먼트,예선경기７,박주아,201503000329,,이승연,201405001347,,2,3,B
제13회 회장배 전국 스쿼시 선수권대회 / 대한체육회 공인대회,201903,2019-04-18,남자 18세이하부,개인전,토너먼트,준준결승경기１,오승희,201209002253,,류보람,201503023001,,3,0,A
제13회 회장배 전국 스쿼시 선수권대회 / 대한체육회 공인대회,201903,2019-04-18,남자 18세이하부,개인전,토너먼트,준준결승경기２,송채원,200903026922,,이가희,201602000993,,3,1,A
제13회 회장배 전국 스쿼시 선수권대회 / 대한체육회 공인대회,201903,2019-04-18,남자 18세이하부,개인전,토너먼트,준준결승경기３,김민희,201402004905,,문혜연,201203009845,,1,3,B
제13회 회장배 전국 스쿼시 선수권대회 / 대한체육회 공인대회,201903,2019-04-18,남자 18세이하부,개인전,토너먼트,준준결승경기４,이승연,201405001347,,송동주,201205000983,,1,3,B
제13회 회장배 전국 스쿼시 선수권대회 / 대한체육회 공인대회,201903,2019-04-18,여자 대학부,개인전,토너먼트,예선경기２,장유진,201012000986,,김하은,201302005893,,3,1,A
제13회 회장배 전국 스쿼시 선수권대회 / 대한체육회 공인대회,201903,2019-04-18,여자 대학부,개인전,토너먼트,예선경기３,김가람,200505000922,,배찬미,200506004011,,1,3,B
제13회 회장배 전국 스쿼시 선수권대회 / 대한체육회 공인대회,201903,2019-04-18,여자 대학부,개인전,토너먼트,예선경기７,박상은,201404002146,,김규리,201302011406,,0,3,B
제13회 회장배 전국 스쿼시 선수권대회 / 대한체육회 공인대회,201903,2019-04-18,여자 대학부,개인전,토너먼트,예선경기１０,조강빈,201606003147,,이영욱,200905002411,,0,3,B
제13회 회장배 전국 스쿼시 선수권대회 / 대한체육회 공인대회,201903,2019-04-18,여자 대학부,개인전,토너먼트,예선경기１５,이보라,200312015404,,안예진,200906002374,,0,0,A
제13회 회장배 전국 스쿼시 선수권대회 / 대한체육회 공인대회,201903,2019-04-18,여자 대학부,개인전,토너먼트,준준준결승경기１,김가혜,200312004260,,장유진,201012000986,,3,0,A
제13회 회장배 전국 스쿼시 선수권대회 / 대한체육회 공인대회,201903,2019-04-18,여자 대학부,개인전,토너먼트,준준준결승경기２,배찬미,200506004011,,박다나,200504008890,,3,0,A
제13회 회장배 전국 스쿼시 선수권대회 / 대한체육회 공인대회,201903,2019-04-18,여자 대학부,개인전,토너먼트,준준준결승경기３,허민경,201103015212,,유지영,201405002923,,3,0,A
제13회 회장배 전국 스쿼시 선수권대회 / 대한체육회 공인대회,201903,2019-04-18,여자 대학부,개인전,토너먼트,준준준결승경기４,김규리,201302011406,,김아현,200312015283,,1,3,B
제13회 회장배 전국 스쿼시 선수권대회 / 대한체육회 공인대회,201903,2019-04-18,여자 대학부,개인전,토너먼트,준준준결승경기５,엄화영,201002007702,,이영욱,200905002411,,3,0,A
제13회 회장배 전국 스쿼시 선수권대회 / 대한체육회 공인대회,201903,2019-04-18,여자 대학부,개인전,토너먼트,준준준결승경기６,김진희,200504012003,,박진주,200505000920,,1,3,B
제13회 회장배 전국 스쿼시 선수권대회 / 대한체육회 공인대회,201903,2019-04-18,여자 대학부,개인전,토너먼트,준준준결승경기７,박미림,200312007885,,김다정,200506003985,,3,0,A
제13회 회장배 전국 스쿼시 선수권대회 / 대한체육회 공인대회,201903,2019-04-18,여자 대학부,개인전,토너먼트,준준준결승경기８,이보라,200312015404,,박은옥,200312004918,,0,3,B
제13회 회장배 전국 스쿼시 선수권대회 / 대한체육회 공인대회,201903,2019-04-18,GU13 P,개인전,토너먼트,예선경기２,정태경,201606000617,,박지훈,201706000549,,3,0,A
제13회 회장배 전국 스쿼시 선수권대회 / 대한체육회 공인대회,201903,2019-04-18,GU13 P,개인전,토너먼트,준준결승경기１,김건,201503006845,,정태경,201606000617,,3,0,A
제13회 회장배 전국 스쿼시 선수권대회 / 대한체육회 공인대회,201903,2019-04-18,GU13 P,개인전,토너먼트,준준결승경기２,김병관,201708000163,,유정욱,201603018160,,3,0,A
제13회 회장배 전국 스쿼시 선수권대회 / 대한체육회 공인대회,201903,2019-04-18,GU13 P,개인전,토너먼트,준준결승경기３,김보민,201707002221,,오서진,201605004663,,0,3,B
제13회 회장배 전국 스쿼시 선수권대회 / 대한체육회 공인대회,201903,2019-04-18,GU13 P,개인전,토너먼트,준준결승경기４,나주영,201602006877,,이강인,201808001789,,3,0,A
제13회 회장배 전국 스쿼시 선수권대회 / 대한체육회 공인대회,201903,2019-04-19,남자 12세이하부,개인전,토너먼트,준준결승경기１,이민우,201407000924,,김승현,201403012359,,3,1,A
제13회 회장배 전국 스쿼시 선수권대회 / 대한체육회 공인대회,201903,2019-04-19,남자 12세이하부,개인전,토너먼트,준준결승경기２,NAM ZACHARIAS HONG SHIK,201804002451,,유정민,201505003438,,0,3,B
제13회 회장배 전국 스쿼시 선수권대회 / 대한체육회 공인대회,201903,2019-04-19,남자 12세이하부,개인전,토너먼트,준준결승경기３,김지환,201303020397,,김사무엘,201505001195,,2,3,B
제13회 회장배 전국 스쿼시 선수권대회 / 대한체육회 공인대회,201903,2019-04-19,남자 12세이하부,개인전,토너먼트,준준결승경기４,박승민,201702006829,,강우석,201302005902,,3,1,A
제13회 회장배 전국 스쿼시 선수권대회 / 대한체육회 공인대회,201903,2019-04-19,남자 12세이하부,개인전,토너먼트,준결승경기１,이민우,201407000924,,유정민,201505003438,,3,0,A
제13회 회장배 전국 스쿼시 선수권대회 / 대한체육회 공인대회,201903,2019-04-19,남자 12세이하부,개인전,토너먼트,준결승경기２,김사무엘,201505001195,,박승민,201702006829,,1,3,B
제13회 회장배 전국 스쿼시 선수권대회 / 대한체육회 공인대회,201903,2019-04-19,남자 12세이하부,단체전,토너먼트,예선경기１,동일미래과학고등학교,,,인천 대건고등학교,,,2,0,A
제13회 회장배 전국 스쿼시 선수권대회 / 대한체육회 공인대회,201903,2019-04-19,남자 12세이하부,단체전,토너먼트,예선경기２,백영고등학교,,,와룡고등학교,,,2,0,A
제13회 회장배 전국 스쿼시 선수권대회 / 대한체육회 공인대회,201903,2019-04-19,남자 12세이하부,복식,토너먼트,결승,"김지환, 김승현",,,"박승민, 이민우",,,2,1,A
제13회 회장배 전국 스쿼시 선수권대회 / 대한체육회 공인대회,201903,2019-04-19,여자 15세이하부,개인전,토너먼트,준준결승경기１,유덕재,201104000837,,박정식,201103008064,,3,0,A
제13회 회장배 전국 스쿼시 선수권대회 / 대한체육회 공인대회,201903,2019-04-19,여자 15세이하부,개인전,토너먼트,준준결승경기２,문석호,201402009240,,탁효진,201104003468,,3,1,A
제13회 회장배 전국 스쿼시 선수권대회 / 대한체육회 공인대회,201903,2019-04-19,여자 15세이하부,개인전,토너먼트,준준결승경기３,구성진,201302009824,,박성찬,201006002472,,0,3,B
제13회 회장배 전국 스쿼시 선수권대회 / 대한체육회 공인대회,201903,2019-04-19,여자 15세이하부,개인전,토너먼트,준준결승경기４,강현범,201302006321,,탁형진,201012000985,,3,1,A
제13회 회장배 전국 스쿼시 선수권대회 / 대한체육회 공인대회,201903,2019-04-19,여자 15세이하부,개인전,토너먼트,준결승경기１,유덕재,201104000837,,문석호,201402009240,,3,0,A
제13회 회장배 전국 스쿼시 선수권대회 / 대한체육회 공인대회,201903,2019-04-19,여자 15세이하부,개인전,토너먼트,준결승경기２,박성찬,201006002472,,강현범,201302006321,,1,3,B
제13회 회장배 전국 스쿼시 선수권대회 / 대한체육회 공인대회,201903,2019-04-19,여자 15세이하부,단체전,리그전,1R / A조,중앙대학교 제2캠퍼스(안성)B,,,동원과학기술대학교,,,0,1,B
제13회 회장배 전국 스쿼시 선수권대회 / 대한체육회 공인대회,201903,2019-04-19,여자 15세이하부,복식,토너먼트,예선경기１,"김현인, 이시훈",,,"강현범, 문석호",,,0,0,A
제13회 회장배 전국 스쿼시 선수권대회 / 대한체육회 공인대회,201903,2019-04-19,여자 15세이하부,복식,토너먼트,예선경기２,"심규영, 윤호진",,,"한승호, 이승훈",,,2,1,A
제13회 회장배 전국 스쿼시 선수권대회 / 대한체육회 공인대회,201903,2019-04-19,남자 15세이하부,개인전,토너먼트,준준결승경기１,이승택,200505000724,,김광원,200312033621,,3,0,A
제13회 회장배 전국 스쿼시 선수권대회 / 대한체육회 공인대회,201903,2019-04-19,남자 15세이하부,개인전,토너먼트,준준결승경기２,김현동,200312010625,,한승철,201501001406,,0,3,B
제13회 회장배 전국 스쿼시 선수권대회 / 대한체육회 공인대회,201903,2019-04-19,남자 15세이하부,개인전,토너먼트,준준결승경기３,이년호,200312006064,,오민재,200805001140,,0,3,B
제13회 회장배 전국 스쿼시 선수권대회 / 대한체육회 공인대회,201903,2019-04-19,남자 15세이하부,개인전,토너먼트,준준결승경기４,이동준,201302010744,,황중원,200312034030,,3,2,A
제13회 회장배 전국 스쿼시 선수권대회 / 대한체육회 공인대회,201903,2019-04-19,남자 15세이하부,개인전,토너먼트,준결승경기１,이승택,200505000724,,한승철,201501001406,,3,1,A
제13회 회장배 전국 스쿼시 선수권대회 / 대한체육회 공인대회,201903,2019-04-19,남자 15세이하부,개인전,토너먼트,준결승경기２,오민재,200805001140,,이동준,201302010744,,1,3,B
제13회 회장배 전국 스쿼시 선수권대회 / 대한체육회 공인대회,201903,2019-04-19,여자 18세이하부,개인전,토너먼트,준결승경기１,곽다연,201302006626,,하수정,201602007494,,3,0,A
제13회 회장배 전국 스쿼시 선수권대회 / 대한체육회 공인대회,201903,2019-04-19,여자 18세이하부,개인전,토너먼트,준결승경기２,장예원,201601000670,,신유진,201602007698,,1,3,B
제13회 회장배 전국 스쿼시 선수권대회 / 대한체육회 공인대회,201903,2019-04-19,남자 18세이하부,개인전,토너먼트,준결승경기１,오승희,201209002253,,송채원,200903026922,,3,1,A
제13회 회장배 전국 스쿼시 선수권대회 / 대한체육회 공인대회,201903,2019-04-19,남자 18세이하부,개인전,토너먼트,준결승경기２,문혜연,201203009845,,송동주,201205000983,,0,3,B
제13회 회장배 전국 스쿼시 선수권대회 / 대한체육회 공인대회,201903,2019-04-19,남자 18세이하부,복식,토너먼트,예선경기１,"문혜연, 송동주",,,"박다영, 박주아",,,2,1,A
제13회 회장배 전국 스쿼시 선수권대회 / 대한체육회 공인대회,201903,2019-04-19,남자 18세이하부,복식,토너먼트,예선경기２,"오승희, 김민영",,,"김민희, 류보람",,,2,1,A
제13회 회장배 전국 스쿼시 선수권대회 / 대한체육회 공인대회,201903,2019-04-19,남자 18세이하부,복식,토너먼트,결승,"문혜연, 송동주",,,"오승희, 김민영",,,2,1,A
제13회 회장배 전국 스쿼시 선수권대회 / 대한체육회 공인대회,201903,2019-04-19,여자 대학부,개인전,토너먼트,준준결승경기１,김가혜,200312004260,,배찬미,200506004011,,3,0,A
제13회 회장배 전국 스쿼시 선수권대회 / 대한체육회 공인대회,201903,2019-04-19,여자 대학부,개인전,토너먼트,준준결승경기２,허민경,201103015212,,김아현,200312015283,,2,3,B
제13회 회장배 전국 스쿼시 선수권대회 / 대한체육회 공인대회,201903,2019-04-19,여자 대학부,개인전,토너먼트,준준결승경기３,엄화영,201002007702,,박진주,200505000920,,3,0,A
제13회 회장배 전국 스쿼시 선수권대회 / 대한체육회 공인대회,201903,2019-04-19,여자 대학부,개인전,토너먼트,준준결승경기４,박미림,200312007885,,박은옥,200312004918,,3,2,A
제13회 회장배 전국 스쿼시 선수권대회 / 대한체육회 공인대회,201903,2019-04-19,여자 대학부,개인전,토너먼트,준결승경기１,김가혜,200312004260,,김아현,200312015283,,3,0,A
제13회 회장배 전국 스쿼시 선수권대회 / 대한체육회 공인대회,201903,2019-04-19,여자 대학부,개인전,토너먼트,준결승경기２,엄화영,201002007702,,박미림,200312007885,,3,0,A
제13회 회장배 전국 스쿼시 선수권대회 / 대한체육회 공인대회,201903,2019-04-19,GU11 P,개인전,토너먼트,예선경기２,이종혁,201803007682,,남경식,201904000651,,3,0,A
제13회 회장배 전국 스쿼시 선수권대회 / 대한체육회 공인대회,201903,2019-04-19,GU11 P,개인전,토너먼트,예선경기３,곽서준,201903006257,,송나율,201904000357,,1,3,B
제13회 회장배 전국 스쿼시 선수권대회 / 대한체육회 공인대회,201903,2019-04-19,GU11 P,개인전,토너먼트,예선경기４,나우영,201902002440,,임주안,201803013833,,0,0,A
제13회 회장배 전국 스쿼시 선수권대회 / 대한체육회 공인대회,201903,2019-04-19,GU11 P,개인전,토너먼트,준결승경기１,어지웅,201703016477,,이종혁,201803007682,,0,3,B
제13회 회장배 전국 스쿼시 선수권대회 / 대한체육회 공인대회,201903,2019-04-19,GU11 P,개인전,토너먼트,준결승경기２,송나율,201904000357,,나우영,201902002440,,3,0,A
제13회 회장배 전국 스쿼시 선수권대회 / 대한체육회 공인대회,201903,2019-04-19,GU13 P,개인전,토너먼트,준결승경기１,김건,201503006845,,김병관,201708000163,,3,1,A
제13회 회장배 전국 스쿼시 선수권대회 / 대한체육회 공인대회,201903,2019-04-19,GU13 P,개인전,토너먼트,준결승경기２,오서진,201605004663,,나주영,201602006877,,3,1,A
제13회 회장배 전국 스쿼시 선수권대회 / 대한체육회 공인대회,201903,2019-04-19,GU16 P,개인전,토너먼트,예선경기１,이소진,201503029527,,김민주,201404001152,,3,0,A
제13회 회장배 전국 스쿼시 선수권대회 / 대한체육회 공인대회,201903,2019-04-19,GU16 P,개인전,토너먼트,예선경기２,김하연,201503006905,,어수빈,201503012548,,0,3,B
제13회 회장배 전국 스쿼시 선수권대회 / 대한체육회 공인대회,201903,2019-04-20,남자 12세이하부,개인전,토너먼트,결승,이민우,201407000924,,박승민,201702006829,,3,0,A
제13회 회장배 전국 스쿼시 선수권대회 / 대한체육회 공인대회,201903,2019-04-20,남자 12세이하부,단체전,토너먼트,결승,동일미래과학고등학교,,,백영고등학교,,,1,2,B
제13회 회장배 전국 스쿼시 선수권대회 / 대한체육회 공인대회,201903,2019-04-20,여자 15세이하부,개인전,토너먼트,결승,유덕재,201104000837,,강현범,201302006321,,3,1,A
제13회 회장배 전국 스쿼시 선수권대회 / 대한체육회 공인대회,201903,2019-04-20,여자 15세이하부,단체전,리그전,1R / A조,중앙대학교 제2캠퍼스(안성)A,,,동원과학기술대학교,,,3,0,A
제13회 회장배 전국 스쿼시 선수권대회 / 대한체육회 공인대회,201903,2019-04-20,여자 15세이하부,복식,토너먼트,결승,"김현인, 이시훈",,,"심규영, 윤호진",,,0,2,B
제13회 회장배 전국 스쿼시 선수권대회 / 대한체육회 공인대회,201903,2019-04-20,남자 15세이하부,개인전,토너먼트,결승,이승택,200505000724,,이동준,201302010744,,3,0,A
제13회 회장배 전국 스쿼시 선수권대회 / 대한체육회 공인대회,201903,2019-04-20,여자 18세이하부,개인전,토너먼트,결승,곽다연,201302006626,,신유진,201602007698,,3,2,A
제13회 회장배 전국 스쿼시 선수권대회 / 대한체육회 공인대회,201903,2019-04-20,남자 18세이하부,개인전,토너먼트,결승,오승희,201209002253,,송동주,201205000983,,3,1,A
제13회 회장배 전국 스쿼시 선수권대회 / 대한체육회 공인대회,201903,2019-04-20,여자 대학부,개인전,토너먼트,결승,김가혜,200312004260,,엄화영,201002007702,,3,0,A
제13회 회장배 전국 스쿼시 선수권대회 / 대한체육회 공인대회,201903,2019-04-20,GU11 P,개인전,토너먼트,결승,이종혁,201803007682,,송나율,201904000357,,3,0,A
제13회 회장배 전국 스쿼시 선수권대회 / 대한체육회 공인대회,201903,2019-04-20,GU13 P,개인전,토너먼트,결승,김건,201503006845,,오서진,201605004663,,3,2,A
제13회 회장배 전국 스쿼시 선수권대회 / 대한체육회 공인대회,201903,2019-04-20,GU16 P,개인전,토너먼트,결승,이소진,201503029527,,어수빈,201503012548,,1,3,B
제22회 금곡배 전국 초.중.고 스쿼시 선수권대회 / 대한체육회 공인대회,201903316,2019-05-23,남자 12세이하부,개인전,토너먼트,예선경기２,이라온,201602011151,,유민석,201708001690,,3,0,A
제22회 금곡배 전국 초.중.고 스쿼시 선수권대회 / 대한체육회 공인대회,201903316,2019-05-23,남자 12세이하부,개인전,토너먼트,예선경기６,이동규,201606000580,,xuyuanlong,201703015442,,3,0,A
제22회 금곡배 전국 초.중.고 스쿼시 선수권대회 / 대한체육회 공인대회,201903316,2019-05-23,남자 12세이하부,개인전,토너먼트,예선경기７,지동현,201507002321,,오대건,201903004224,,3,0,A
제22회 금곡배 전국 초.중.고 스쿼시 선수권대회 / 대한체육회 공인대회,201903316,2019-05-23,남자 12세이하부,개인전,토너먼트,예선경기１０,박민준,201902005286,,김사무엘,201505001195,,0,3,B
제22회 금곡배 전국 초.중.고 스쿼시 선수권대회 / 대한체육회 공인대회,201903316,2019-05-23,남자 12세이하부,개인전,토너먼트,예선경기１１,정성보,201804000821,,최현우,201703014575,,1,3,B
제22회 금곡배 전국 초.중.고 스쿼시 선수권대회 / 대한체육회 공인대회,201903316,2019-05-23,남자 12세이하부,개인전,토너먼트,예선경기１３,박승민,201702006829,,박경민,201504006889,,3,0,A
제22회 금곡배 전국 초.중.고 스쿼시 선수권대회 / 대한체육회 공인대회,201903316,2019-05-23,남자 12세이하부,개인전,토너먼트,예선경기１５,박시형,201702007823,,한종수,201503002226,,1,3,B
제22회 금곡배 전국 초.중.고 스쿼시 선수권대회 / 대한체육회 공인대회,201903316,2019-05-23,남자 12세이하부,개인전,토너먼트,준준준결승경기１,이민우,201407000924,,이라온,201602011151,,3,0,A
제22회 금곡배 전국 초.중.고 스쿼시 선수권대회 / 대한체육회 공인대회,201903316,2019-05-23,남자 12세이하부,개인전,토너먼트,준준준결승경기２,이지석,201703004879,,최호진,201306001130,,1,3,B
제22회 금곡배 전국 초.중.고 스쿼시 선수권대회 / 대한체육회 공인대회,201903316,2019-05-23,남자 12세이하부,개인전,토너먼트,준준준결승경기３,김지환,201303020397,,이동규,201606000580,,3,0,A
제22회 금곡배 전국 초.중.고 스쿼시 선수권대회 / 대한체육회 공인대회,201903316,2019-05-23,남자 12세이하부,개인전,토너먼트,준준준결승경기４,지동현,201507002321,,김승현,201403012359,,1,3,B
제22회 금곡배 전국 초.중.고 스쿼시 선수권대회 / 대한체육회 공인대회,201903316,2019-05-23,남자 12세이하부,개인전,토너먼트,준준준결승경기５,서무진,201505003630,,김사무엘,201505001195,,0,3,B
제22회 금곡배 전국 초.중.고 스쿼시 선수권대회 / 대한체육회 공인대회,201903316,2019-05-23,남자 12세이하부,개인전,토너먼트,준준준결승경기６,최현우,201703014575,,유정민,201505003438,,0,3,B
제22회 금곡배 전국 초.중.고 스쿼시 선수권대회 / 대한체육회 공인대회,201903316,2019-05-23,남자 12세이하부,개인전,토너먼트,준준준결승경기７,박승민,201702006829,,박준하,201302011134,,3,0,A
제22회 금곡배 전국 초.중.고 스쿼시 선수권대회 / 대한체육회 공인대회,201903316,2019-05-23,남자 12세이하부,개인전,토너먼트,준준준결승경기８,한종수,201503002226,,강우석,201302005902,,0,3,B
제22회 금곡배 전국 초.중.고 스쿼시 선수권대회 / 대한체육회 공인대회,201903316,2019-05-23,남자 12세이하부,단체전,토너먼트,예선경기２,김해생명과학고등학교,,,백영고등학교,,,1,2,B
제22회 금곡배 전국 초.중.고 스쿼시 선수권대회 / 대한체육회 공인대회,201903316,2019-05-23,남자 12세이하부,복식,토너먼트,예선경기２,"강우석, 박민준",,,"최현우, 오대건",,,2,0,A
제22회 금곡배 전국 초.중.고 스쿼시 선수권대회 / 대한체육회 공인대회,201903316,2019-05-23,남자 12세이하부,복식,토너먼트,예선경기３,"이지석, 박준하",,,"권숙빈, 이민규",,,2,0,A
제22회 금곡배 전국 초.중.고 스쿼시 선수권대회 / 대한체육회 공인대회,201903316,2019-05-23,남자 12세이하부,복식,토너먼트,예선경기４,"김승현, 김지환",,,"박시형, 유정민",,,2,1,A
제22회 금곡배 전국 초.중.고 스쿼시 선수권대회 / 대한체육회 공인대회,201903316,2019-05-23,여자 18세이하부,개인전,토너먼트,예선경기２,곽다연,201302006626,,박세현,201904001138,,3,0,A
제22회 금곡배 전국 초.중.고 스쿼시 선수권대회 / 대한체육회 공인대회,201903316,2019-05-23,여자 18세이하부,개인전,토너먼트,예선경기３,노윤진,201702011015,,신유진,201602007698,,0,3,B
제22회 금곡배 전국 초.중.고 스쿼시 선수권대회 / 대한체육회 공인대회,201903316,2019-05-23,여자 18세이하부,개인전,토너먼트,예선경기６,하수정,201602007494,,장예원,201601000670,,3,0,A
제22회 금곡배 전국 초.중.고 스쿼시 선수권대회 / 대한체육회 공인대회,201903316,2019-05-23,여자 18세이하부,개인전,토너먼트,준준결승경기１,구보경,201902004370,,곽다연,201302006626,,0,3,B
제22회 금곡배 전국 초.중.고 스쿼시 선수권대회 / 대한체육회 공인대회,201903316,2019-05-23,여자 18세이하부,개인전,토너먼트,준준결승경기２,신유진,201602007698,,김현지,201903003718,,3,0,A
제22회 금곡배 전국 초.중.고 스쿼시 선수권대회 / 대한체육회 공인대회,201903316,2019-05-23,여자 18세이하부,개인전,토너먼트,준준결승경기３,서하민,201703008633,,하수정,201602007494,,1,3,B
제22회 금곡배 전국 초.중.고 스쿼시 선수권대회 / 대한체육회 공인대회,201903316,2019-05-23,여자 18세이하부,개인전,토너먼트,준준결승경기４,신지수,201806002537,,서효린,201605000828,,0,3,B
제22회 금곡배 전국 초.중.고 스쿼시 선수권대회 / 대한체육회 공인대회,201903316,2019-05-23,GU13 P,개인전,토너먼트,예선경기２,오서진,201605004663,,손우주,201902004585,,3,0,A
제22회 금곡배 전국 초.중.고 스쿼시 선수권대회 / 대한체육회 공인대회,201903316,2019-05-23,GU13 P,개인전,토너먼트,예선경기３,이강인,201808001789,,나주영,201602006877,,0,3,B
제22회 금곡배 전국 초.중.고 스쿼시 선수권대회 / 대한체육회 공인대회,201903316,2019-05-23,GU13 P,개인전,토너먼트,예선경기４,김건,201503006845,,김병관,201708000163,,3,0,A
제22회 금곡배 전국 초.중.고 스쿼시 선수권대회 / 대한체육회 공인대회,201903316,2019-05-23,GU16 P,개인전,토너먼트,예선경기２,엄준,201804000231,,김민주,201404001152,,0,3,B
제22회 금곡배 전국 초.중.고 스쿼시 선수권대회 / 대한체육회 공인대회,201903316,2019-05-23,GU16 P,개인전,토너먼트,예선경기３,김하연,201503006905,,이채리,201902002892,,3,0,A
제22회 금곡배 전국 초.중.고 스쿼시 선수권대회 / 대한체육회 공인대회,201903316,2019-05-24,남자 12세이하부,개인전,토너먼트,준준결승경기１,이민우,201407000924,,최호진,201306001130,,3,1,A
제22회 금곡배 전국 초.중.고 스쿼시 선수권대회 / 대한체육회 공인대회,201903316,2019-05-24,남자 12세이하부,개인전,토너먼트,준준결승경기２,김지환,201303020397,,김승현,201403012359,,0,3,B
제22회 금곡배 전국 초.중.고 스쿼시 선수권대회 / 대한체육회 공인대회,201903316,2019-05-24,남자 12세이하부,개인전,토너먼트,준준결승경기３,김사무엘,201505001195,,유정민,201505003438,,0,3,B
제22회 금곡배 전국 초.중.고 스쿼시 선수권대회 / 대한체육회 공인대회,201903316,2019-05-24,남자 12세이하부,개인전,토너먼트,준준결승경기４,박승민,201702006829,,강우석,201302005902,,1,3,B
제22회 금곡배 전국 초.중.고 스쿼시 선수권대회 / 대한체육회 공인대회,201903316,2019-05-24,남자 12세이하부,개인전,토너먼트,준결승경기１,이민우,201407000924,,김승현,201403012359,,3,0,A
제22회 금곡배 전국 초.중.고 스쿼시 선수권대회 / 대한체육회 공인대회,201903316,2019-05-24,남자 12세이하부,개인전,토너먼트,준결승경기２,유정민,201505003438,,강우석,201302005902,,3,1,A
제22회 금곡배 전국 초.중.고 스쿼시 선수권대회 / 대한체육회 공인대회,201903316,2019-05-24,남자 12세이하부,단체전,토너먼트,예선경기１,인천 대건고등학교,,,와룡고등학교,,,0,3,B
제22회 금곡배 전국 초.중.고 스쿼시 선수권대회 / 대한체육회 공인대회,201903316,2019-05-24,남자 12세이하부,단체전,토너먼트,결승,와룡고등학교,,,백영고등학교,,,1,2,B
제22회 금곡배 전국 초.중.고 스쿼시 선수권대회 / 대한체육회 공인대회,201903316,2019-05-24,남자 12세이하부,복식,토너먼트,준결승경기１,"이민우, 박승민",,,"강우석, 박민준",,,0,0,A
제22회 금곡배 전국 초.중.고 스쿼시 선수권대회 / 대한체육회 공인대회,201903316,2019-05-24,남자 12세이하부,복식,토너먼트,준결승경기２,"이지석, 박준하",,,"김승현, 김지환",,,2,1,A
제22회 금곡배 전국 초.중.고 스쿼시 선수권대회 / 대한체육회 공인대회,201903316,2019-05-24,남자 12세이하부,복식,토너먼트,결승,"이민우, 박승민",,,"이지석, 박준하",,,2,0,A
제22회 금곡배 전국 초.중.고 스쿼시 선수권대회 / 대한체육회 공인대회,201903316,2019-05-24,여자 18세이하부,개인전,토너먼트,준결승경기１,곽다연,201302006626,,신유진,201602007698,,3,0,A
제22회 금곡배 전국 초.중.고 스쿼시 선수권대회 / 대한체육회 공인대회,201903316,2019-05-24,여자 18세이하부,개인전,토너먼트,준결승경기２,하수정,201602007494,,서효린,201605000828,,3,0,A
제22회 금곡배 전국 초.중.고 스쿼시 선수권대회 / 대한체육회 공인대회,201903316,2019-05-24,GU11 P,개인전,토너먼트,예선경기２,임주안,201803013833,,곽서준,201903006257,,3,0,A
제22회 금곡배 전국 초.중.고 스쿼시 선수권대회 / 대한체육회 공인대회,201903316,2019-05-24,GU11 P,개인전,토너먼트,예선경기３,이용욱,201902003971,,어지웅,201703016477,,3,0,A
제22회 금곡배 전국 초.중.고 스쿼시 선수권대회 / 대한체육회 공인대회,201903316,2019-05-24,GU11 P,개인전,토너먼트,예선경기４,이종혁,201803007682,,김서준,201904001822,,0,0,A
제22회 금곡배 전국 초.중.고 스쿼시 선수권대회 / 대한체육회 공인대회,201903316,2019-05-24,GU11 P,개인전,토너먼트,준결승경기１,나우영,201902002440,,임주안,201803013833,,0,3,B
제22회 금곡배 전국 초.중.고 스쿼시 선수권대회 / 대한체육회 공인대회,201903316,2019-05-24,GU11 P,개인전,토너먼트,준결승경기２,이용욱,201902003971,,이종혁,201803007682,,0,3,B
제22회 금곡배 전국 초.중.고 스쿼시 선수권대회 / 대한체육회 공인대회,201903316,2019-05-24,GU13 P,개인전,토너먼트,준결승경기１,정태경,201606000617,,오서진,201605004663,,1,3,B
제22회 금곡배 전국 초.중.고 스쿼시 선수권대회 / 대한체육회 공인대회,201903316,2019-05-24,GU13 P,개인전,토너먼트,준결승경기２,나주영,201602006877,,김건,201503006845,,0,3,B
제22회 금곡배 전국 초.중.고 스쿼시 선수권대회 / 대한체육회 공인대회,201903316,2019-05-24,GU16 P,개인전,토너먼트,준결승경기１,이소진,201503029527,,김민주,201404001152,,3,0,A
제22회 금곡배 전국 초.중.고 스쿼시 선수권대회 / 대한체육회 공인대회,201903316,2019-05-24,GU16 P,개인전,토너먼트,준결승경기２,김하연,201503006905,,어수빈,201503012548,,1,3,B
제22회 금곡배 전국 초.중.고 스쿼시 선수권대회 / 대한체육회 공인대회,201903316,2019-05-25,남자 12세이하부,개인전,토너먼트,결승,이민우,201407000924,,유정민,201505003438,,3,1,A
제22회 금곡배 전국 초.중.고 스쿼시 선수권대회 / 대한체육회 공인대회,201903316,2019-05-25,여자 18세이하부,개인전,토너먼트,결승,곽다연,201302006626,,하수정,201602007494,,3,0,A
제22회 금곡배 전국 초.중.고 스쿼시 선수권대회 / 대한체육회 공인대회,201903316,2019-05-25,GU11 P,개인전,토너먼트,결승,임주안,201803013833,,이종혁,201803007682,,0,3,B
제22회 금곡배 전국 초.중.고 스쿼시 선수권대회 / 대한체육회 공인대회,201903316,2019-05-25,GU13 P,개인전,토너먼트,결승,오서진,201605004663,,김건,201503006845,,0,3,B
제22회 금곡배 전국 초.중.고 스쿼시 선수권대회 / 대한체육회 공인대회,201903316,2019-05-25,GU16 P,개인전,토너먼트,결승,이소진,201503029527,,어수빈,201503012548,,1,3,B
제19회 회장배 전 한국 스쿼시 선수권대회 / 대한체육회 공인대회,201903590,2019-07-03,남자 15세이하부,개인전,토너먼트,예선경기２,김성집,200707000159,,허대길,201901003150,,3,1,A
제19회 회장배 전 한국 스쿼시 선수권대회 / 대한체육회 공인대회,201903590,2019-07-03,남자 15세이하부,개인전,토너먼트,예선경기３,이인우,201005000191,,박종명,200803023360,,4,0,A
제19회 회장배 전 한국 스쿼시 선수권대회 / 대한체육회 공인대회,201903590,2019-07-03,남자 15세이하부,개인전,토너먼트,예선경기 31,김현용,201003010456,,김광원,200312033621,,1,3,B
제19회 회장배 전 한국 스쿼시 선수권대회 / 대한체육회 공인대회,201903590,2019-07-04,남자 12세이하부,개인전,토너먼트,예선경기２,김승현,201403012359,,xuyuanlong,201703015442,,3,0,A
제19회 회장배 전 한국 스쿼시 선수권대회 / 대한체육회 공인대회,201903590,2019-07-04,남자 12세이하부,개인전,토너먼트,예선경기１０,정성보,201804000821,,이라온,201602011151,,0,3,B
제19회 회장배 전 한국 스쿼시 선수권대회 / 대한체육회 공인대회,201903590,2019-07-04,남자 12세이하부,개인전,토너먼트,예선경기１５,이지석,201703004879,,유민석,201708001690,,3,0,A
제19회 회장배 전 한국 스쿼시 선수권대회 / 대한체육회 공인대회,201903590,2019-07-04,남자 12세이하부,개인전,토너먼트,준준준결승경기１,이민우,201407000924,,김승현,201403012359,,3,1,A
제19회 회장배 전 한국 스쿼시 선수권대회 / 대한체육회 공인대회,201903590,2019-07-04,남자 12세이하부,개인전,토너먼트,준준준결승경기２,최호진,201306001130,,박승민,201702006829,,2,3,B
제19회 회장배 전 한국 스쿼시 선수권대회 / 대한체육회 공인대회,201903590,2019-07-04,남자 12세이하부,개인전,토너먼트,준준준결승경기３,지동현,201507002321,,한종수,201503002226,,3,0,A
제19회 회장배 전 한국 스쿼시 선수권대회 / 대한체육회 공인대회,201903590,2019-07-04,남자 12세이하부,개인전,토너먼트,준준준결승경기４,김사무엘,201505001195,,임재혁,201203006410,,3,0,A
제19회 회장배 전 한국 스쿼시 선수권대회 / 대한체육회 공인대회,201903590,2019-07-04,남자 12세이하부,개인전,토너먼트,준준준결승경기５,박민준,201902005286,,이라온,201602011151,,0,3,B
제19회 회장배 전 한국 스쿼시 선수권대회 / 대한체육회 공인대회,201903590,2019-07-04,남자 12세이하부,개인전,토너먼트,준준준결승경기６,서무진,201505003630,,김지환,201303020397,,1,3,B
제19회 회장배 전 한국 스쿼시 선수권대회 / 대한체육회 공인대회,201903590,2019-07-04,남자 12세이하부,개인전,토너먼트,준준준결승경기７,강우석,201302005902,,이동규,201606000580,,3,0,A
제19회 회장배 전 한국 스쿼시 선수권대회 / 대한체육회 공인대회,201903590,2019-07-04,남자 12세이하부,개인전,토너먼트,준준준결승경기８,이지석,201703004879,,유정민,201505003438,,0,3,B
제19회 회장배 전 한국 스쿼시 선수권대회 / 대한체육회 공인대회,201903590,2019-07-04,남자 12세이하부,단체전,토너먼트,예선경기１,대광발명과학고등학교,,,인천 대건고등학교,,,3,0,A
제19회 회장배 전 한국 스쿼시 선수권대회 / 대한체육회 공인대회,201903590,2019-07-04,남자 12세이하부,단체전,토너먼트,예선경기２,와룡고등학교,,,백영고등학교,,,1,2,B
제19회 회장배 전 한국 스쿼시 선수권대회 / 대한체육회 공인대회,201903590,2019-07-04,남자 12세이하부,복식,토너먼트,예선경기２,"권숙빈, 이민규",,,"최현우, 박준하",,,1,2,B
제19회 회장배 전 한국 스쿼시 선수권대회 / 대한체육회 공인대회,201903590,2019-07-04,남자 12세이하부,복식,토너먼트,예선경기３,"강우석, 박민준",,,"지동현, 최호진",,,1,2,B
제19회 회장배 전 한국 스쿼시 선수권대회 / 대한체육회 공인대회,201903590,2019-07-04,여자 15세이하부,개인전,토너먼트,예선경기２,심규영,201504001319,,김정원,201302011502,,1,3,B
제19회 회장배 전 한국 스쿼시 선수권대회 / 대한체육회 공인대회,201903590,2019-07-04,여자 15세이하부,개인전,토너먼트,예선경기３,한승호,201402009248,,강현범,201302006321,,0,3,B
제19회 회장배 전 한국 스쿼시 선수권대회 / 대한체육회 공인대회,201903590,2019-07-04,여자 15세이하부,개인전,토너먼트,예선경기４,박정식,201103008064,,탁효진,201104003468,,0,3,B
제19회 회장배 전 한국 스쿼시 선수권대회 / 대한체육회 공인대회,201903590,2019-07-04,여자 15세이하부,개인전,토너먼트,예선경기５,구성진,201302009824,,이승훈,201005005675,,0,3,B
제19회 회장배 전 한국 스쿼시 선수권대회 / 대한체육회 공인대회,201903590,2019-07-04,여자 15세이하부,개인전,토너먼트,예선경기６,윤호진,200903026746,,문석호,201402009240,,0,3,B
제19회 회장배 전 한국 스쿼시 선수권대회 / 대한체육회 공인대회,201903590,2019-07-04,여자 15세이하부,개인전,토너먼트,예선경기７,박성찬,201006002472,,김현인,201602013447,,3,1,A
제19회 회장배 전 한국 스쿼시 선수권대회 / 대한체육회 공인대회,201903590,2019-07-04,여자 15세이하부,개인전,토너먼트,준준결승경기１,유덕재,201104000837,,김정원,201302011502,,3,1,A
제19회 회장배 전 한국 스쿼시 선수권대회 / 대한체육회 공인대회,201903590,2019-07-04,여자 15세이하부,개인전,토너먼트,준준결승경기２,강현범,201302006321,,탁효진,201104003468,,3,2,A
제19회 회장배 전 한국 스쿼시 선수권대회 / 대한체육회 공인대회,201903590,2019-07-04,여자 15세이하부,개인전,토너먼트,준준결승경기３,이승훈,201005005675,,문석호,201402009240,,0,3,B
제19회 회장배 전 한국 스쿼시 선수권대회 / 대한체육회 공인대회,201903590,2019-07-04,여자 15세이하부,개인전,토너먼트,준준결승경기４,박성찬,201006002472,,탁형진,201012000985,,3,1,A
제19회 회장배 전 한국 스쿼시 선수권대회 / 대한체육회 공인대회,201903590,2019-07-04,여자 15세이하부,복식,토너먼트,예선경기２,"이승훈, 한승호",,,"탁효진, 탁형진",,,2,1,A
제19회 회장배 전 한국 스쿼시 선수권대회 / 대한체육회 공인대회,201903590,2019-07-04,남자 15세이하부,개인전,토너먼트,준준준준결승 1,이년호,200312006064,,김성집,200707000159,,3,2,A
제19회 회장배 전 한국 스쿼시 선수권대회 / 대한체육회 공인대회,201903590,2019-07-04,남자 15세이하부,개인전,토너먼트,준준준준결승 2,이인우,201005000191,,우창욱,200505000725,,3,1,A
제19회 회장배 전 한국 스쿼시 선수권대회 / 대한체육회 공인대회,201903590,2019-07-04,남자 15세이하부,개인전,토너먼트,준준준준결승 3,김성영,200402011049,,권오석,200408001260,,3,1,A
제19회 회장배 전 한국 스쿼시 선수권대회 / 대한체육회 공인대회,201903590,2019-07-04,남자 15세이하부,개인전,토너먼트,준준준준결승 4,김성태,981627000016,,한승철,201501001406,,0,3,B
제19회 회장배 전 한국 스쿼시 선수권대회 / 대한체육회 공인대회,201903590,2019-07-04,남자 15세이하부,개인전,토너먼트,준준준준결승 5,황중찬,200706002344,,백승엽,200312034382,,3,0,A
제19회 회장배 전 한국 스쿼시 선수권대회 / 대한체육회 공인대회,201903590,2019-07-04,남자 15세이하부,개인전,토너먼트,준준준준결승 6,유승한,200312005692,,길재호,201104010290,,3,0,A
제19회 회장배 전 한국 스쿼시 선수권대회 / 대한체육회 공인대회,201903590,2019-07-04,남자 15세이하부,개인전,토너먼트,준준준준결승 7,한성수,200312017223,,이건동,200312007919,,0,3,B
제19회 회장배 전 한국 스쿼시 선수권대회 / 대한체육회 공인대회,201903590,2019-07-04,남자 15세이하부,개인전,토너먼트,준준준준결승 8,최상철,200312007530,,고영조,200506001863,,0,0,A
제19회 회장배 전 한국 스쿼시 선수권대회 / 대한체육회 공인대회,201903590,2019-07-04,남자 15세이하부,개인전,토너먼트,준준준준결승 9,황중원,200312034030,,김현동,200312010625,,0,3,B
제19회 회장배 전 한국 스쿼시 선수권대회 / 대한체육회 공인대회,201903590,2019-07-04,남자 15세이하부,개인전,토너먼트,준준준준결승 10,유용민,200312009768,,문병준,201205001262,,3,0,A
제19회 회장배 전 한국 스쿼시 선수권대회 / 대한체육회 공인대회,201903590,2019-07-04,남자 15세이하부,개인전,토너먼트,준준준준결승 11,진승우,200312004753,,조영훈,200905003169,,3,0,A
제19회 회장배 전 한국 스쿼시 선수권대회 / 대한체육회 공인대회,201903590,2019-07-04,남자 15세이하부,개인전,토너먼트,준준준준결승 12,이동준,201302010744,,박한솔,200705000520,,3,0,A
제19회 회장배 전 한국 스쿼시 선수권대회 / 대한체육회 공인대회,201903590,2019-07-04,남자 15세이하부,개인전,토너먼트,준준준준결승 13,김창하,201602010896,,이승택,200505000724,,0,3,B
제19회 회장배 전 한국 스쿼시 선수권대회 / 대한체육회 공인대회,201903590,2019-07-04,남자 15세이하부,개인전,토너먼트,준준준준결승 14,최동훈,981927000071,,이승호,200705003660,,0,3,B
제19회 회장배 전 한국 스쿼시 선수권대회 / 대한체육회 공인대회,201903590,2019-07-04,남자 15세이하부,개인전,토너먼트,준준준준결승 15,오민재,200805001140,,정대훈,200504009468,,2,3,B
제19회 회장배 전 한국 스쿼시 선수권대회 / 대한체육회 공인대회,201903590,2019-07-04,남자 15세이하부,개인전,토너먼트,준준준준결승 16,김광원,200312033621,,이세현,200504008934,,0,3,B
제19회 회장배 전 한국 스쿼시 선수권대회 / 대한체육회 공인대회,201903590,2019-07-04,남자 15세이하부,개인전,토너먼트,준준준결승경기１,이년호,200312006064,,이인우,201005000191,,3,1,A
제19회 회장배 전 한국 스쿼시 선수권대회 / 대한체육회 공인대회,201903590,2019-07-04,남자 15세이하부,개인전,토너먼트,준준준결승경기２,김성영,200402011049,,한승철,201501001406,,1,3,B
제19회 회장배 전 한국 스쿼시 선수권대회 / 대한체육회 공인대회,201903590,2019-07-04,남자 15세이하부,개인전,토너먼트,준준준결승경기３,황중찬,200706002344,,유승한,200312005692,,0,3,B
제19회 회장배 전 한국 스쿼시 선수권대회 / 대한체육회 공인대회,201903590,2019-07-04,남자 15세이하부,개인전,토너먼트,준준준결승경기４,이건동,200312007919,,최상철,200312007530,,3,0,A
제19회 회장배 전 한국 스쿼시 선수권대회 / 대한체육회 공인대회,201903590,2019-07-04,남자 15세이하부,개인전,토너먼트,준준준결승경기５,김현동,200312010625,,유용민,200312009768,,3,0,A
제19회 회장배 전 한국 스쿼시 선수권대회 / 대한체육회 공인대회,201903590,2019-07-04,남자 15세이하부,개인전,토너먼트,준준준결승경기６,진승우,200312004753,,이동준,201302010744,,3,2,A
제19회 회장배 전 한국 스쿼시 선수권대회 / 대한체육회 공인대회,201903590,2019-07-04,남자 15세이하부,개인전,토너먼트,준준준결승경기７,이승택,200505000724,,이승호,200705003660,,3,0,A
제19회 회장배 전 한국 스쿼시 선수권대회 / 대한체육회 공인대회,201903590,2019-07-04,남자 15세이하부,개인전,토너먼트,준준준결승경기８,정대훈,200504009468,,이세현,200504008934,,0,3,B
제19회 회장배 전 한국 스쿼시 선수권대회 / 대한체육회 공인대회,201903590,2019-07-04,여자 18세이하부,개인전,토너먼트,예선경기５,서하민,201703008633,,김현지,201903003718,,2,1,A
제19회 회장배 전 한국 스쿼시 선수권대회 / 대한체육회 공인대회,201903590,2019-07-04,여자 18세이하부,개인전,토너먼트,준준결승경기１,신유진,201602007698,,하수정,201602007494,,3,0,A
제19회 회장배 전 한국 스쿼시 선수권대회 / 대한체육회 공인대회,201903590,2019-07-04,여자 18세이하부,개인전,토너먼트,준준결승경기２,구보경,201902004370,,곽다연,201302006626,,0,3,B
제19회 회장배 전 한국 스쿼시 선수권대회 / 대한체육회 공인대회,201903590,2019-07-04,여자 18세이하부,개인전,토너먼트,준준결승경기３,서하민,201703008633,,서효린,201605000828,,3,0,A
제19회 회장배 전 한국 스쿼시 선수권대회 / 대한체육회 공인대회,201903590,2019-07-04,여자 18세이하부,개인전,토너먼트,준준결승경기４,장예원,201601000670,,박세현,201904001138,,3,0,A
제19회 회장배 전 한국 스쿼시 선수권대회 / 대한체육회 공인대회,201903590,2019-07-04,남자 18세이하부,개인전,토너먼트,예선경기２,송채원,200903026922,,이승연,201405001347,,3,0,A
제19회 회장배 전 한국 스쿼시 선수권대회 / 대한체육회 공인대회,201903590,2019-07-04,남자 18세이하부,개인전,토너먼트,예선경기７,박다영,201005000963,,문빈,201604002747,,3,1,A
제19회 회장배 전 한국 스쿼시 선수권대회 / 대한체육회 공인대회,201903590,2019-07-04,남자 18세이하부,개인전,토너먼트,준준결승경기１,오승희,201209002253,,송채원,200903026922,,3,0,A
제19회 회장배 전 한국 스쿼시 선수권대회 / 대한체육회 공인대회,201903590,2019-07-04,남자 18세이하부,개인전,토너먼트,준준결승경기２,류보람,201503023001,,박주아,201503000329,,3,0,A
제19회 회장배 전 한국 스쿼시 선수권대회 / 대한체육회 공인대회,201903590,2019-07-04,남자 18세이하부,개인전,토너먼트,준준결승경기３,문혜연,201203009845,,김민희,201402004905,,2,3,B
제19회 회장배 전 한국 스쿼시 선수권대회 / 대한체육회 공인대회,201903590,2019-07-04,남자 18세이하부,개인전,토너먼트,준준결승경기４,박다영,201005000963,,송동주,201205000983,,0,3,B
제19회 회장배 전 한국 스쿼시 선수권대회 / 대한체육회 공인대회,201903590,2019-07-04,남자 18세이하부,복식,리그전,1R / A조,"박주아, 박다영",,,"김민희, 류보람",,,2,0,A
제19회 회장배 전 한국 스쿼시 선수권대회 / 대한체육회 공인대회,201903590,2019-07-04,여자 대학부,개인전,토너먼트,예선경기２,이해경,200402015564,,김하은,201302005893,,3,0,A
제19회 회장배 전 한국 스쿼시 선수권대회 / 대한체육회 공인대회,201903590,2019-07-04,여자 대학부,개인전,토너먼트,예선경기３,허정연,200506000402,,강영진,200312004530,,0,3,B
제19회 회장배 전 한국 스쿼시 선수권대회 / 대한체육회 공인대회,201903590,2019-07-04,여자 대학부,개인전,토너먼트,예선경기６,장유진,201012000986,,최수지,200605008295,,3,0,A
제19회 회장배 전 한국 스쿼시 선수권대회 / 대한체육회 공인대회,201903590,2019-07-04,여자 대학부,개인전,토너먼트,예선경기７,안예진,200906002374,,유지영,201405002923,,0,0,B
제19회 회장배 전 한국 스쿼시 선수권대회 / 대한체육회 공인대회,201903590,2019-07-04,여자 대학부,개인전,토너먼트,예선경기１０,허민경,201103015212,,김가람,200505000922,,3,0,A
제19회 회장배 전 한국 스쿼시 선수권대회 / 대한체육회 공인대회,201903590,2019-07-04,여자 대학부,개인전,토너먼트,예선경기１１,엄화영,201002007702,,김규리,201302011406,,3,0,A
제19회 회장배 전 한국 스쿼시 선수권대회 / 대한체육회 공인대회,201903590,2019-07-04,여자 대학부,개인전,토너먼트,예선경기１４,박은옥,200312004918,,김진희,200504012003,,3,0,A
제19회 회장배 전 한국 스쿼시 선수권대회 / 대한체육회 공인대회,201903590,2019-07-04,여자 대학부,개인전,토너먼트,예선경기１５,이지현,200504008455,,박진주,200505000920,,3,0,A
제19회 회장배 전 한국 스쿼시 선수권대회 / 대한체육회 공인대회,201903590,2019-07-04,여자 대학부,개인전,토너먼트,준준준결승경기１,김가혜,200312004260,,이해경,200402015564,,3,2,A
제19회 회장배 전 한국 스쿼시 선수권대회 / 대한체육회 공인대회,201903590,2019-07-04,여자 대학부,개인전,토너먼트,준준준결승경기２,강영진,200312004530,,이영욱,200905002411,,0,0,A
제19회 회장배 전 한국 스쿼시 선수권대회 / 대한체육회 공인대회,201903590,2019-07-04,여자 대학부,개인전,토너먼트,준준준결승경기３,박상은,201404002146,,장유진,201012000986,,1,3,B
제19회 회장배 전 한국 스쿼시 선수권대회 / 대한체육회 공인대회,201903590,2019-07-04,여자 대학부,개인전,토너먼트,준준준결승경기４,유지영,201405002923,,양연수,200409006651,,0,0,A
제19회 회장배 전 한국 스쿼시 선수권대회 / 대한체육회 공인대회,201903590,2019-07-04,여자 대학부,개인전,토너먼트,준준준결승경기５,배찬미,200506004011,,허민경,201103015212,,2,3,B
제19회 회장배 전 한국 스쿼시 선수권대회 / 대한체육회 공인대회,201903590,2019-07-04,여자 대학부,개인전,토너먼트,준준준결승경기６,엄화영,201002007702,,김다정,200506003985,,3,0,A
제19회 회장배 전 한국 스쿼시 선수권대회 / 대한체육회 공인대회,201903590,2019-07-04,여자 대학부,개인전,토너먼트,준준준결승경기７,송선미,200504008897,,박은옥,200312004918,,0,0,B
제19회 회장배 전 한국 스쿼시 선수권대회 / 대한체육회 공인대회,201903590,2019-07-04,여자 대학부,개인전,토너먼트,준준준결승경기８,이지현,200504008455,,최유라,200703026440,,1,3,B
제19회 회장배 전 한국 스쿼시 선수권대회 / 대한체육회 공인대회,201903590,2019-07-05,남자 12세이하부,개인전,토너먼트,준준결승경기１,이민우,201407000924,,박승민,201702006829,,3,0,A
제19회 회장배 전 한국 스쿼시 선수권대회 / 대한체육회 공인대회,201903590,2019-07-05,남자 12세이하부,개인전,토너먼트,준준결승경기２,지동현,201507002321,,김사무엘,201505001195,,3,1,A
제19회 회장배 전 한국 스쿼시 선수권대회 / 대한체육회 공인대회,201903590,2019-07-05,남자 12세이하부,개인전,토너먼트,준준결승경기３,이라온,201602011151,,김지환,201303020397,,0,3,B
제19회 회장배 전 한국 스쿼시 선수권대회 / 대한체육회 공인대회,201903590,2019-07-05,남자 12세이하부,개인전,토너먼트,준준결승경기４,강우석,201302005902,,유정민,201505003438,,3,1,A
제19회 회장배 전 한국 스쿼시 선수권대회 / 대한체육회 공인대회,201903590,2019-07-05,남자 12세이하부,개인전,토너먼트,준결승경기１,이민우,201407000924,,지동현,201507002321,,3,0,A
제19회 회장배 전 한국 스쿼시 선수권대회 / 대한체육회 공인대회,201903590,2019-07-05,남자 12세이하부,개인전,토너먼트,준결승경기２,김지환,201303020397,,강우석,201302005902,,1,3,B
제19회 회장배 전 한국 스쿼시 선수권대회 / 대한체육회 공인대회,201903590,2019-07-05,남자 12세이하부,단체전,토너먼트,결승,대광발명과학고등학교,,,백영고등학교,,,0,2,B
제19회 회장배 전 한국 스쿼시 선수권대회 / 대한체육회 공인대회,201903590,2019-07-05,남자 12세이하부,복식,토너먼트,준결승경기１,"이민우, 박승민",,,"최현우, 박준하",,,2,0,A
제19회 회장배 전 한국 스쿼시 선수권대회 / 대한체육회 공인대회,201903590,2019-07-05,남자 12세이하부,복식,토너먼트,준결승경기２,"지동현, 최호진",,,"김지환, 김승현",,,0,0,B
제19회 회장배 전 한국 스쿼시 선수권대회 / 대한체육회 공인대회,201903590,2019-07-05,여자 15세이하부,개인전,토너먼트,준결승경기１,유덕재,201104000837,,강현범,201302006321,,2,3,B
제19회 회장배 전 한국 스쿼시 선수권대회 / 대한체육회 공인대회,201903590,2019-07-05,여자 15세이하부,개인전,토너먼트,준결승경기２,문석호,201402009240,,박성찬,201006002472,,1,3,B
제19회 회장배 전 한국 스쿼시 선수권대회 / 대한체육회 공인대회,201903590,2019-07-05,여자 15세이하부,복식,토너먼트,준결승경기１,"강현범, 문석호",,,"이승훈, 한승호",,,1,2,B
제19회 회장배 전 한국 스쿼시 선수권대회 / 대한체육회 공인대회,201903590,2019-07-05,여자 15세이하부,복식,토너먼트,준결승경기２,"심규영, 윤호진",,,"구성진, 김정원",,,1,2,B
제19회 회장배 전 한국 스쿼시 선수권대회 / 대한체육회 공인대회,201903590,2019-07-05,남자 15세이하부,개인전,토너먼트,준준결승경기１,이년호,200312006064,,한승철,201501001406,,2,3,B
제19회 회장배 전 한국 스쿼시 선수권대회 / 대한체육회 공인대회,201903590,2019-07-05,남자 15세이하부,개인전,토너먼트,준준결승경기２,유승한,200312005692,,이건동,200312007919,,2,3,B
제19회 회장배 전 한국 스쿼시 선수권대회 / 대한체육회 공인대회,201903590,2019-07-05,남자 15세이하부,개인전,토너먼트,준준결승경기３,김현동,200312010625,,진승우,200312004753,,2,3,B
제19회 회장배 전 한국 스쿼시 선수권대회 / 대한체육회 공인대회,201903590,2019-07-05,남자 15세이하부,개인전,토너먼트,준준결승경기４,이승택,200505000724,,이세현,200504008934,,0,3,B
제19회 회장배 전 한국 스쿼시 선수권대회 / 대한체육회 공인대회,201903590,2019-07-05,남자 15세이하부,개인전,토너먼트,준결승경기１,한승철,201501001406,,이건동,200312007919,,3,0,A
제19회 회장배 전 한국 스쿼시 선수권대회 / 대한체육회 공인대회,201903590,2019-07-05,남자 15세이하부,개인전,토너먼트,준결승경기２,진승우,200312004753,,이세현,200504008934,,0,3,B
제19회 회장배 전 한국 스쿼시 선수권대회 / 대한체육회 공인대회,201903590,2019-07-05,여자 18세이하부,개인전,토너먼트,준결승경기１,신유진,201602007698,,곽다연,201302006626,,3,1,A
제19회 회장배 전 한국 스쿼시 선수권대회 / 대한체육회 공인대회,201903590,2019-07-05,여자 18세이하부,개인전,토너먼트,준결승경기２,서하민,201703008633,,장예원,201601000670,,1,3,B
제19회 회장배 전 한국 스쿼시 선수권대회 / 대한체육회 공인대회,201903590,2019-07-05,남자 18세이하부,개인전,토너먼트,준결승경기１,오승희,201209002253,,류보람,201503023001,,3,1,A
제19회 회장배 전 한국 스쿼시 선수권대회 / 대한체육회 공인대회,201903590,2019-07-05,남자 18세이하부,개인전,토너먼트,준결승경기２,김민희,201402004905,,송동주,201205000983,,0,3,B
제19회 회장배 전 한국 스쿼시 선수권대회 / 대한체육회 공인대회,201903590,2019-07-05,남자 18세이하부,복식,리그전,1R / A조,"김민희, 류보람",,,"문혜연, 송채원",,,0,2,B
제19회 회장배 전 한국 스쿼시 선수권대회 / 대한체육회 공인대회,201903590,2019-07-05,남자 18세이하부,복식,리그전,1R / A조,"박주아, 박다영",,,"문혜연, 송채원",,,1,2,B
제19회 회장배 전 한국 스쿼시 선수권대회 / 대한체육회 공인대회,201903590,2019-07-05,여자 대학부,개인전,토너먼트,준준결승경기１,김가혜,200312004260,,강영진,200312004530,,3,1,A
제19회 회장배 전 한국 스쿼시 선수권대회 / 대한체육회 공인대회,201903590,2019-07-05,여자 대학부,개인전,토너먼트,준준결승경기２,장유진,201012000986,,유지영,201405002923,,3,0,A
제19회 회장배 전 한국 스쿼시 선수권대회 / 대한체육회 공인대회,201903590,2019-07-05,여자 대학부,개인전,토너먼트,준준결승경기３,허민경,201103015212,,엄화영,201002007702,,0,3,B
제19회 회장배 전 한국 스쿼시 선수권대회 / 대한체육회 공인대회,201903590,2019-07-05,여자 대학부,개인전,토너먼트,준준결승경기４,박은옥,200312004918,,최유라,200703026440,,0,3,B
제19회 회장배 전 한국 스쿼시 선수권대회 / 대한체육회 공인대회,201903590,2019-07-05,여자 대학부,개인전,토너먼트,준결승경기１,김가혜,200312004260,,장유진,201012000986,,3,0,A
제19회 회장배 전 한국 스쿼시 선수권대회 / 대한체육회 공인대회,201903590,2019-07-05,여자 대학부,개인전,토너먼트,준결승경기２,엄화영,201002007702,,최유라,200703026440,,2,3,B
제19회 회장배 전 한국 스쿼시 선수권대회 / 대한체육회 공인대회,201903590,2019-07-05,GU11 P,개인전,토너먼트,예선경기２,하승현,981927000072,,어지웅,201703016477,,2,3,B
제19회 회장배 전 한국 스쿼시 선수권대회 / 대한체육회 공인대회,201903590,2019-07-05,GU11 P,개인전,토너먼트,예선경기３,임주안,201803013833,,김용욱,201803011345,,3,0,A
제19회 회장배 전 한국 스쿼시 선수권대회 / 대한체육회 공인대회,201903590,2019-07-05,GU11 P,개인전,토너먼트,예선경기４,나우영,201902002440,,이승훈,981927000069,,0,0,A
제19회 회장배 전 한국 스쿼시 선수권대회 / 대한체육회 공인대회,201903590,2019-07-05,GU11 P,개인전,토너먼트,준결승경기１,이종혁,201803007682,,어지웅,201703016477,,3,0,A
제19회 회장배 전 한국 스쿼시 선수권대회 / 대한체육회 공인대회,201903590,2019-07-05,GU11 P,개인전,토너먼트,준결승경기２,임주안,201803013833,,나우영,201902002440,,3,0,A
제19회 회장배 전 한국 스쿼시 선수권대회 / 대한체육회 공인대회,201903590,2019-07-05,GU13 P,개인전,토너먼트,예선경기２,나주영,201602006877,,정태경,201606000617,,3,0,A
제19회 회장배 전 한국 스쿼시 선수권대회 / 대한체육회 공인대회,201903590,2019-07-05,GU13 P,개인전,토너먼트,예선경기３,오서진,201605004663,,김병관,201708000163,,3,0,A
제19회 회장배 전 한국 스쿼시 선수권대회 / 대한체육회 공인대회,201903590,2019-07-05,GU13 P,개인전,토너먼트,예선경기４,이강인,201808001789,,유정욱,201603018160,,3,0,A
제19회 회장배 전 한국 스쿼시 선수권대회 / 대한체육회 공인대회,201903590,2019-07-05,GU13 P,개인전,토너먼트,준결승경기１,김건,201503006845,,나주영,201602006877,,3,1,A
제19회 회장배 전 한국 스쿼시 선수권대회 / 대한체육회 공인대회,201903590,2019-07-05,GU13 P,개인전,토너먼트,준결승경기２,오서진,201605004663,,이강인,201808001789,,3,0,A
제19회 회장배 전 한국 스쿼시 선수권대회 / 대한체육회 공인대회,201903590,2019-07-05,GU13 CP,개인전,리그전,1R / A조,현수민,201802000099,,서승아,981927000068,,3,0,A
제19회 회장배 전 한국 스쿼시 선수권대회 / 대한체육회 공인대회,201903590,2019-07-05,GU13 CP,개인전,리그전,1R / A조,김하나,981927000070,,서승아,981927000068,,0,3,B
제19회 회장배 전 한국 스쿼시 선수권대회 / 대한체육회 공인대회,201903590,2019-07-05,GU13 CP,개인전,리그전,1R / A조,김하나,981927000070,,현수민,201802000099,,0,3,B
제19회 회장배 전 한국 스쿼시 선수권대회 / 대한체육회 공인대회,201903590,2019-07-05,GU16 P,개인전,토너먼트,예선경기２,김하연,201503006905,,이소진,201503029527,,0,3,B
제19회 회장배 전 한국 스쿼시 선수권대회 / 대한체육회 공인대회,201903590,2019-07-05,GU16 P,개인전,토너먼트,준결승경기１,김다미,201107004502,,이소진,201503029527,,0,3,B
제19회 회장배 전 한국 스쿼시 선수권대회 / 대한체육회 공인대회,201903590,2019-07-05,GU16 P,개인전,토너먼트,준결승경기２,김민주,201404001152,,어수빈,201503012548,,0,0,B
제19회 회장배 전 한국 스쿼시 선수권대회 / 대한체육회 공인대회,201903590,2019-07-06,남자 12세이하부,개인전,토너먼트,결승,이민우,201407000924,,강우석,201302005902,,3,1,A
제19회 회장배 전 한국 스쿼시 선수권대회 / 대한체육회 공인대회,201903590,2019-07-06,남자 12세이하부,복식,토너먼트,결승,"이민우, 박승민",,,"김지환, 김승현",,,2,1,A
제19회 회장배 전 한국 스쿼시 선수권대회 / 대한체육회 공인대회,201903590,2019-07-06,여자 15세이하부,개인전,토너먼트,결승,강현범,201302006321,,박성찬,201006002472,,0,3,B
제19회 회장배 전 한국 스쿼시 선수권대회 / 대한체육회 공인대회,201903590,2019-07-06,여자 15세이하부,복식,토너먼트,결승,"이승훈, 한승호",,,"구성진, 김정원",,,1,2,B
제19회 회장배 전 한국 스쿼시 선수권대회 / 대한체육회 공인대회,201903590,2019-07-06,남자 15세이하부,개인전,토너먼트,결승,한승철,201501001406,,이세현,200504008934,,2,3,B
제19회 회장배 전 한국 스쿼시 선수권대회 / 대한체육회 공인대회,201903590,2019-07-06,여자 18세이하부,개인전,토너먼트,결승,신유진,201602007698,,장예원,201601000670,,3,1,A
제19회 회장배 전 한국 스쿼시 선수권대회 / 대한체육회 공인대회,201903590,2019-07-06,남자 18세이하부,개인전,토너먼트,결승,오승희,201209002253,,송동주,201205000983,,3,0,A
제19회 회장배 전 한국 스쿼시 선수권대회 / 대한체육회 공인대회,201903590,2019-07-06,여자 대학부,개인전,토너먼트,결승,김가혜,200312004260,,최유라,200703026440,,3,0,A
제19회 회장배 전 한국 스쿼시 선수권대회 / 대한체육회 공인대회,201903590,2019-07-06,GU11 P,개인전,토너먼트,결승,이종혁,201803007682,,임주안,201803013833,,3,0,A
제19회 회장배 전 한국 스쿼시 선수권대회 / 대한체육회 공인대회,201903590,2019-07-06,GU13 P,개인전,토너먼트,결승,김건,201503006845,,오서진,201605004663,,3,1,A
제19회 회장배 전 한국 스쿼시 선수권대회 / 대한체육회 공인대회,201903590,2019-07-06,GU16 P,개인전,토너먼트,결승,이소진,201503029527,,어수빈,201503012548,,3,1,A
제16회 회장배 전국 학생 스쿼시 선수권대회 / 대한체육회 공인대회,201903648,2019-07-18,남자 12세이하부,개인전,토너먼트,예선경기４,박경민,201504006889,,강우석,201302005902,,0,3,B
제16회 회장배 전국 학생 스쿼시 선수권대회 / 대한체육회 공인대회,201903648,2019-07-18,남자 12세이하부,개인전,토너먼트,예선경기６,오대건,201903004224,,최호진,201306001130,,0,0,B
제16회 회장배 전국 학생 스쿼시 선수권대회 / 대한체육회 공인대회,201903648,2019-07-18,남자 12세이하부,개인전,토너먼트,예선경기１２,이지석,201703004879,,이라온,201602011151,,3,2,A
제16회 회장배 전국 학생 스쿼시 선수권대회 / 대한체육회 공인대회,201903648,2019-07-18,남자 12세이하부,개인전,토너먼트,예선경기１４,박승민,201702006829,,임재혁,201203006410,,3,0,A
제16회 회장배 전국 학생 스쿼시 선수권대회 / 대한체육회 공인대회,201903648,2019-07-18,남자 12세이하부,개인전,토너먼트,예선경기１５,박민준,201902005286,,유민석,201708001690,,0,0,B
제16회 회장배 전국 학생 스쿼시 선수권대회 / 대한체육회 공인대회,201903648,2019-07-18,남자 12세이하부,개인전,토너먼트,준준준결승경기１,이민우,201407000924,,한종수,201503002226,,3,0,A
제16회 회장배 전국 학생 스쿼시 선수권대회 / 대한체육회 공인대회,201903648,2019-07-18,남자 12세이하부,개인전,토너먼트,준준준결승경기２,김승현,201403012359,,강우석,201302005902,,0,3,B
제16회 회장배 전국 학생 스쿼시 선수권대회 / 대한체육회 공인대회,201903648,2019-07-18,남자 12세이하부,개인전,토너먼트,준준준결승경기３,정성보,201804000821,,최호진,201306001130,,0,3,B
제16회 회장배 전국 학생 스쿼시 선수권대회 / 대한체육회 공인대회,201903648,2019-07-18,남자 12세이하부,개인전,토너먼트,준준준결승경기４,xuyuanlong,201703015442,,김지환,201303020397,,0,3,B
제16회 회장배 전국 학생 스쿼시 선수권대회 / 대한체육회 공인대회,201903648,2019-07-18,남자 12세이하부,개인전,토너먼트,준준준결승경기５,김사무엘,201505001195,,박시형,201702007823,,3,0,A
제16회 회장배 전국 학생 스쿼시 선수권대회 / 대한체육회 공인대회,201903648,2019-07-18,남자 12세이하부,개인전,토너먼트,준준준결승경기６,이동규,201606000580,,이지석,201703004879,,0,3,B
제16회 회장배 전국 학생 스쿼시 선수권대회 / 대한체육회 공인대회,201903648,2019-07-18,남자 12세이하부,개인전,토너먼트,준준준결승경기７,지동현,201507002321,,박승민,201702006829,,0,3,B
제16회 회장배 전국 학생 스쿼시 선수권대회 / 대한체육회 공인대회,201903648,2019-07-18,남자 12세이하부,개인전,토너먼트,준준준결승경기８,유민석,201708001690,,유정민,201505003438,,0,3,B
제16회 회장배 전국 학생 스쿼시 선수권대회 / 대한체육회 공인대회,201903648,2019-07-18,남자 12세이하부,단체전,토너먼트,예선경기２,인천 대건고등학교,,,동일미래과학고등학교,,,0,3,B
제16회 회장배 전국 학생 스쿼시 선수권대회 / 대한체육회 공인대회,201903648,2019-07-18,남자 12세이하부,복식,토너먼트,예선경기２,"박준하, 최현우",,,"권숙빈, 이민규",,,2,0,A
제16회 회장배 전국 학생 스쿼시 선수권대회 / 대한체육회 공인대회,201903648,2019-07-18,남자 12세이하부,복식,토너먼트,예선경기３,"강우석, 박민준",,,"지동현, 최호진",,,0,0,B
제16회 회장배 전국 학생 스쿼시 선수권대회 / 대한체육회 공인대회,201903648,2019-07-18,여자 15세이하부,개인전,토너먼트,예선경기２,구성진,201302009824,,문석호,201402009240,,0,0,A
제16회 회장배 전국 학생 스쿼시 선수권대회 / 대한체육회 공인대회,201903648,2019-07-18,여자 15세이하부,개인전,토너먼트,예선경기３,이승훈,201005005675,,탁형진,201012000985,,0,3,B
제16회 회장배 전국 학생 스쿼시 선수권대회 / 대한체육회 공인대회,201903648,2019-07-18,여자 15세이하부,개인전,토너먼트,예선경기４,김현인,201602013447,,김태현,201302005947,,0,3,B
제16회 회장배 전국 학생 스쿼시 선수권대회 / 대한체육회 공인대회,201903648,2019-07-18,여자 15세이하부,개인전,토너먼트,예선경기５,김정원,201302011502,,심규영,201504001319,,3,1,A
제16회 회장배 전국 학생 스쿼시 선수권대회 / 대한체육회 공인대회,201903648,2019-07-18,여자 15세이하부,개인전,토너먼트,예선경기６,탁효진,201104003468,,원준호,201104000840,,3,2,A
제16회 회장배 전국 학생 스쿼시 선수권대회 / 대한체육회 공인대회,201903648,2019-07-18,여자 15세이하부,개인전,토너먼트,예선경기７,한승호,201402009248,,윤호진,200903026746,,0,3,B
제16회 회장배 전국 학생 스쿼시 선수권대회 / 대한체육회 공인대회,201903648,2019-07-18,여자 15세이하부,개인전,토너먼트,예선경기８,박정식,201103008064,,강현범,201302006321,,1,3,B
제16회 회장배 전국 학생 스쿼시 선수권대회 / 대한체육회 공인대회,201903648,2019-07-18,여자 15세이하부,개인전,토너먼트,준준결승경기１,유덕재,201104000837,,구성진,201302009824,,3,1,A
제16회 회장배 전국 학생 스쿼시 선수권대회 / 대한체육회 공인대회,201903648,2019-07-18,여자 15세이하부,개인전,토너먼트,준준결승경기２,탁형진,201012000985,,김태현,201302005947,,3,1,A
제16회 회장배 전국 학생 스쿼시 선수권대회 / 대한체육회 공인대회,201903648,2019-07-18,여자 15세이하부,개인전,토너먼트,준준결승경기３,김정원,201302011502,,탁효진,201104003468,,1,3,B
제16회 회장배 전국 학생 스쿼시 선수권대회 / 대한체육회 공인대회,201903648,2019-07-18,여자 15세이하부,개인전,토너먼트,준준결승경기４,윤호진,200903026746,,강현범,201302006321,,0,3,B
제16회 회장배 전국 학생 스쿼시 선수권대회 / 대한체육회 공인대회,201903648,2019-07-18,여자 15세이하부,복식,토너먼트,예선경기２,"구성진, 김정원",,,"이승훈, 한승호",,,1,2,B
제16회 회장배 전국 학생 스쿼시 선수권대회 / 대한체육회 공인대회,201903648,2019-07-18,여자 15세이하부,복식,토너먼트,예선경기３,"강현범, 문석호",,,"탁형진, 탁효진",,,0,0,B
제16회 회장배 전국 학생 스쿼시 선수권대회 / 대한체육회 공인대회,201903648,2019-07-18,여자 18세이하부,개인전,토너먼트,예선경기３,하수정,201602007494,,김현지,201903003718,,3,0,A
제16회 회장배 전국 학생 스쿼시 선수권대회 / 대한체육회 공인대회,201903648,2019-07-18,여자 18세이하부,개인전,토너먼트,예선경기６,박세현,201904001138,,서하민,201703008633,,0,3,B
제16회 회장배 전국 학생 스쿼시 선수권대회 / 대한체육회 공인대회,201903648,2019-07-18,여자 18세이하부,개인전,토너먼트,준준결승경기１,곽다연,201302006626,,노윤진,201702011015,,3,0,A
제16회 회장배 전국 학생 스쿼시 선수권대회 / 대한체육회 공인대회,201903648,2019-07-18,여자 18세이하부,개인전,토너먼트,준준결승경기２,하수정,201602007494,,신지수,201806002537,,3,0,A
제16회 회장배 전국 학생 스쿼시 선수권대회 / 대한체육회 공인대회,201903648,2019-07-18,여자 18세이하부,개인전,토너먼트,준준결승경기３,서효린,201605000828,,서하민,201703008633,,0,3,B
제16회 회장배 전국 학생 스쿼시 선수권대회 / 대한체육회 공인대회,201903648,2019-07-18,여자 18세이하부,개인전,토너먼트,준준결승경기４,유하은,201807001529,,장예원,201601000670,,0,3,B
제16회 회장배 전국 학생 스쿼시 선수권대회 / 대한체육회 공인대회,201903648,2019-07-18,남자 18세이하부,개인전,토너먼트,예선경기２,이승연,201405001347,,송동주,201205000983,,0,3,B
제16회 회장배 전국 학생 스쿼시 선수권대회 / 대한체육회 공인대회,201903648,2019-07-18,남자 18세이하부,개인전,토너먼트,예선경기３,문빈,201604002747,,송채원,200903026922,,0,3,B
제16회 회장배 전국 학생 스쿼시 선수권대회 / 대한체육회 공인대회,201903648,2019-07-18,GU13 P,개인전,토너먼트,예선경기１,나주영,201602006877,,김병관,201708000163,,3,0,A
제16회 회장배 전국 학생 스쿼시 선수권대회 / 대한체육회 공인대회,201903648,2019-07-18,GU13 P,개인전,토너먼트,예선경기２,박지훈,201706000549,,우경찬,201906002104,,3,0,A
제16회 회장배 전국 학생 스쿼시 선수권대회 / 대한체육회 공인대회,201903648,2019-07-18,GU13 P,개인전,토너먼트,예선경기３,이강인,201808001789,,유정욱,201603018160,,3,0,A
제16회 회장배 전국 학생 스쿼시 선수권대회 / 대한체육회 공인대회,201903648,2019-07-18,GU13 P,개인전,토너먼트,예선경기４,이영주,201906002103,,정태경,201606000617,,0,3,B
제16회 회장배 전국 학생 스쿼시 선수권대회 / 대한체육회 공인대회,201903648,2019-07-19,남자 12세이하부,개인전,토너먼트,준준결승경기１,이민우,201407000924,,강우석,201302005902,,3,1,A
제16회 회장배 전국 학생 스쿼시 선수권대회 / 대한체육회 공인대회,201903648,2019-07-19,남자 12세이하부,개인전,토너먼트,준준결승경기２,최호진,201306001130,,김지환,201303020397,,2,3,B
제16회 회장배 전국 학생 스쿼시 선수권대회 / 대한체육회 공인대회,201903648,2019-07-19,남자 12세이하부,개인전,토너먼트,준준결승경기３,김사무엘,201505001195,,이지석,201703004879,,3,0,A
제16회 회장배 전국 학생 스쿼시 선수권대회 / 대한체육회 공인대회,201903648,2019-07-19,남자 12세이하부,개인전,토너먼트,준준결승경기４,박승민,201702006829,,유정민,201505003438,,3,0,A
제16회 회장배 전국 학생 스쿼시 선수권대회 / 대한체육회 공인대회,201903648,2019-07-19,남자 12세이하부,개인전,토너먼트,준결승경기１,이민우,201407000924,,김지환,201303020397,,3,0,A
제16회 회장배 전국 학생 스쿼시 선수권대회 / 대한체육회 공인대회,201903648,2019-07-19,남자 12세이하부,개인전,토너먼트,준결승경기２,김사무엘,201505001195,,박승민,201702006829,,0,3,B
제16회 회장배 전국 학생 스쿼시 선수권대회 / 대한체육회 공인대회,201903648,2019-07-19,남자 12세이하부,단체전,토너먼트,준결승경기１,대광발명과학고등학교,,,동일미래과학고등학교,,,3,0,A
제16회 회장배 전국 학생 스쿼시 선수권대회 / 대한체육회 공인대회,201903648,2019-07-19,남자 12세이하부,단체전,토너먼트,준결승경기２,와룡고등학교,,,백영고등학교,,,0,2,B
제16회 회장배 전국 학생 스쿼시 선수권대회 / 대한체육회 공인대회,201903648,2019-07-19,남자 12세이하부,복식,토너먼트,준결승경기１,"이민우, 박승민",,,"박준하, 최현우",,,2,0,A
제16회 회장배 전국 학생 스쿼시 선수권대회 / 대한체육회 공인대회,201903648,2019-07-19,남자 12세이하부,복식,토너먼트,준결승경기２,"지동현, 최호진",,,"김승현, 김지환",,,1,2,B
제16회 회장배 전국 학생 스쿼시 선수권대회 / 대한체육회 공인대회,201903648,2019-07-19,여자 15세이하부,개인전,토너먼트,준결승경기１,유덕재,201104000837,,탁형진,201012000985,,3,0,A
제16회 회장배 전국 학생 스쿼시 선수권대회 / 대한체육회 공인대회,201903648,2019-07-19,여자 15세이하부,개인전,토너먼트,준결승경기２,탁효진,201104003468,,강현범,201302006321,,0,3,B
제16회 회장배 전국 학생 스쿼시 선수권대회 / 대한체육회 공인대회,201903648,2019-07-19,여자 15세이하부,복식,토너먼트,준결승경기１,"원준호, 김태현",,,"이승훈, 한승호",,,1,2,B
제16회 회장배 전국 학생 스쿼시 선수권대회 / 대한체육회 공인대회,201903648,2019-07-19,여자 15세이하부,복식,토너먼트,준결승경기２,"탁형진, 탁효진",,,"윤호진, 심규영",,,2,0,A
제16회 회장배 전국 학생 스쿼시 선수권대회 / 대한체육회 공인대회,201903648,2019-07-19,여자 15세이하부,복식,토너먼트,결승,"이승훈, 한승호",,,"탁형진, 탁효진",,,1,2,B
제16회 회장배 전국 학생 스쿼시 선수권대회 / 대한체육회 공인대회,201903648,2019-07-19,여자 18세이하부,개인전,토너먼트,준결승경기１,곽다연,201302006626,,하수정,201602007494,,3,1,A
제16회 회장배 전국 학생 스쿼시 선수권대회 / 대한체육회 공인대회,201903648,2019-07-19,여자 18세이하부,개인전,토너먼트,준결승경기２,서하민,201703008633,,장예원,201601000670,,3,2,A
제16회 회장배 전국 학생 스쿼시 선수권대회 / 대한체육회 공인대회,201903648,2019-07-19,남자 18세이하부,개인전,토너먼트,준결승경기１,김민희,201402004905,,송동주,201205000983,,1,3,B
제16회 회장배 전국 학생 스쿼시 선수권대회 / 대한체육회 공인대회,201903648,2019-07-19,남자 18세이하부,개인전,토너먼트,준결승경기２,송채원,200903026922,,류보람,201503023001,,3,2,A
제16회 회장배 전국 학생 스쿼시 선수권대회 / 대한체육회 공인대회,201903648,2019-07-19,GU11 P,개인전,토너먼트,예선경기２,김정운,201703008662,,송나율,201904000357,,3,0,A
제16회 회장배 전국 학생 스쿼시 선수권대회 / 대한체육회 공인대회,201903648,2019-07-19,GU11 P,개인전,토너먼트,예선경기３,나우영,201902002440,,김용욱,201803011345,,0,3,B
제16회 회장배 전국 학생 스쿼시 선수권대회 / 대한체육회 공인대회,201903648,2019-07-19,GU11 P,개인전,토너먼트,예선경기４,어지웅,201703016477,,임주안,201803013833,,0,3,B
제16회 회장배 전국 학생 스쿼시 선수권대회 / 대한체육회 공인대회,201903648,2019-07-19,GU11 P,개인전,토너먼트,준결승경기１,하승현,201802001159,,김정운,201703008662,,0,3,B
제16회 회장배 전국 학생 스쿼시 선수권대회 / 대한체육회 공인대회,201903648,2019-07-19,GU11 P,개인전,토너먼트,준결승경기２,김용욱,201803011345,,임주안,201803013833,,0,3,B
제16회 회장배 전국 학생 스쿼시 선수권대회 / 대한체육회 공인대회,201903648,2019-07-19,GU13 P,개인전,토너먼트,준결승경기１,나주영,201602006877,,박지훈,201706000549,,3,0,A
제16회 회장배 전국 학생 스쿼시 선수권대회 / 대한체육회 공인대회,201903648,2019-07-19,GU13 P,개인전,토너먼트,준결승경기２,이강인,201808001789,,정태경,201606000617,,3,2,A
제16회 회장배 전국 학생 스쿼시 선수권대회 / 대한체육회 공인대회,201903648,2019-07-19,GU13 CP,개인전,토너먼트,예선경기２,현수민,201802000099,,김슬아,201906002232,,3,1,A
제16회 회장배 전국 학생 스쿼시 선수권대회 / 대한체육회 공인대회,201903648,2019-07-19,GU13 CP,개인전,토너먼트,예선경기３,김나경,201907000591,,서승아,201906003325,,0,3,B
제16회 회장배 전국 학생 스쿼시 선수권대회 / 대한체육회 공인대회,201903648,2019-07-19,GU13 CP,개인전,토너먼트,준결승경기１,김하경,201907000645,,현수민,201802000099,,0,3,B
제16회 회장배 전국 학생 스쿼시 선수권대회 / 대한체육회 공인대회,201903648,2019-07-19,GU13 CP,개인전,토너먼트,준결승경기２,서승아,201906003325,,하연주,201907000510,,3,0,A
제16회 회장배 전국 학생 스쿼시 선수권대회 / 대한체육회 공인대회,201903648,2019-07-19,GU16 P,개인전,토너먼트,예선경기１,이소진,201503029527,,김하연,201503006905,,0,0,A
제16회 회장배 전국 학생 스쿼시 선수권대회 / 대한체육회 공인대회,201903648,2019-07-19,GU16 P,개인전,토너먼트,예선경기２,김민주,201404001152,,어수빈,201503012548,,0,0,B
제16회 회장배 전국 학생 스쿼시 선수권대회 / 대한체육회 공인대회,201903648,2019-07-20,남자 12세이하부,개인전,토너먼트,결승,이민우,201407000924,,박승민,201702006829,,3,1,A
제16회 회장배 전국 학생 스쿼시 선수권대회 / 대한체육회 공인대회,201903648,2019-07-20,남자 12세이하부,단체전,토너먼트,결승,대광발명과학고등학교,,,백영고등학교,,,1,2,B
제16회 회장배 전국 학생 스쿼시 선수권대회 / 대한체육회 공인대회,201903648,2019-07-20,남자 12세이하부,복식,토너먼트,결승,"이민우, 박승민",,,"김승현, 김지환",,,1,2,B
제16회 회장배 전국 학생 스쿼시 선수권대회 / 대한체육회 공인대회,201903648,2019-07-20,여자 15세이하부,개인전,토너먼트,결승,유덕재,201104000837,,강현범,201302006321,,2,3,B
제16회 회장배 전국 학생 스쿼시 선수권대회 / 대한체육회 공인대회,201903648,2019-07-20,여자 18세이하부,개인전,토너먼트,결승,곽다연,201302006626,,서하민,201703008633,,3,1,A
제16회 회장배 전국 학생 스쿼시 선수권대회 / 대한체육회 공인대회,201903648,2019-07-20,남자 18세이하부,개인전,토너먼트,결승,송동주,201205000983,,송채원,200903026922,,3,0,A
제16회 회장배 전국 학생 스쿼시 선수권대회 / 대한체육회 공인대회,201903648,2019-07-20,GU11 P,개인전,토너먼트,결승,김정운,201703008662,,임주안,201803013833,,3,0,A
제16회 회장배 전국 학생 스쿼시 선수권대회 / 대한체육회 공인대회,201903648,2019-07-20,GU13 P,개인전,토너먼트,결승,나주영,201602006877,,이강인,201808001789,,3,0,A
제16회 회장배 전국 학생 스쿼시 선수권대회 / 대한체육회 공인대회,201903648,2019-07-20,GU13 CP,개인전,토너먼트,결승,현수민,201802000099,,서승아,201906003325,,3,0,A
제16회 회장배 전국 학생 스쿼시 선수권대회 / 대한체육회 공인대회,201903648,2019-07-20,GU16 P,개인전,토너먼트,결승,이소진,201503029527,,어수빈,201503012548,,3,0,A
제12회 코리아 오픈 스쿼시 챔피언쉽,201903731,2019-08-17,GU11,개인전,토너먼트,예선경기２,원준호,201104000840,,황중찬,200706002344,,0,3,B
제12회 코리아 오픈 스쿼시 챔피언쉽,201903731,2019-08-17,GU11,개인전,토너먼트,예선경기３,김창하,201602010896,,길재호,201104010290,,1,3,B
제12회 코리아 오픈 스쿼시 챔피언쉽,201903731,2019-08-17,GU11,개인전,토너먼트,예선경기４,문석호,201402009240,,조영훈,200905003169,,0,3,B
제12회 코리아 오픈 스쿼시 챔피언쉽,201903731,2019-08-17,GU11,개인전,토너먼트,예선경기５,한승철,201501001406,,김성집,200707000159,,3,0,A
제12회 코리아 오픈 스쿼시 챔피언쉽,201903731,2019-08-17,GU11,개인전,토너먼트,예선경기６,이승택,200505000724,,김현용,201003010456,,0,0,A
제12회 코리아 오픈 스쿼시 챔피언쉽,201903731,2019-08-17,GU11,개인전,토너먼트,예선경기７,한대희,981927000067,,김광원,200312033621,,0,3,B
제12회 코리아 오픈 스쿼시 챔피언쉽,201903731,2019-08-17,GU11,개인전,토너먼트,예선경기１０,이인우,201005000191,,유승용,200907002704,,3,0,A
제12회 코리아 오픈 스쿼시 챔피언쉽,201903731,2019-08-17,GU11,개인전,토너먼트,예선경기１１,정대훈,200504009468,,이동민,201302010757,,3,1,A
제12회 코리아 오픈 스쿼시 챔피언쉽,201903731,2019-08-17,GU11,개인전,토너먼트,예선경기１２,탁형진,201012000985,,유용민,200312009768,,1,3,B
제12회 코리아 오픈 스쿼시 챔피언쉽,201903731,2019-08-17,GU11,개인전,토너먼트,예선경기１３,Masaki Suzuki,701308000003,,최원석,200506000847,,3,1,A
제12회 코리아 오픈 스쿼시 챔피언쉽,201903731,2019-08-17,GU11,개인전,토너먼트,예선경기１４,문병준,201205001262,,김현인,201602013447,,3,0,A
제12회 코리아 오픈 스쿼시 챔피언쉽,201903731,2019-08-17,GU11,개인전,토너먼트,예선경기１５,허대길,201901003150,,김성영,200402011049,,3,1,A
제12회 코리아 오픈 스쿼시 챔피언쉽,201903731,2019-08-17,GU11,개인전,토너먼트,예선경기１８,최규희,200409010818,,구성진,201302009824,,0,0,B
제12회 코리아 오픈 스쿼시 챔피언쉽,201903731,2019-08-17,GU11,개인전,토너먼트,예선경기２０,박정식,201103008064,,임지훈,200408000585,,3,0,A
제12회 코리아 오픈 스쿼시 챔피언쉽,201903731,2019-08-17,GU11,개인전,토너먼트,예선경기 21,최상철,200312007530,,박종명,200803023360,,0,0,B
제12회 코리아 오픈 스쿼시 챔피언쉽,201903731,2019-08-17,GU11,개인전,토너먼트,예선경기 22,오민재,200805001140,,백승엽,200312034382,,3,1,A
제12회 코리아 오픈 스쿼시 챔피언쉽,201903731,2019-08-17,GU11,개인전,토너먼트,예선경기 23,이동준,201302010744,,김정원,201302011502,,3,0,A
제12회 코리아 오픈 스쿼시 챔피언쉽,201903731,2019-08-17,GU11,개인전,토너먼트,예선경기 26,한승호,201402009248,,박성찬,201006002472,,0,4,B
제12회 코리아 오픈 스쿼시 챔피언쉽,201903731,2019-08-17,GU11,개인전,토너먼트,예선경기 27,우창욱,200505000725,,이상훈,200809000849,,3,0,A
제12회 코리아 오픈 스쿼시 챔피언쉽,201903731,2019-08-17,GU11,개인전,토너먼트,예선경기 28,유승한,200312005692,,한성수,200312017223,,3,1,A
제12회 코리아 오픈 스쿼시 챔피언쉽,201903731,2019-08-17,GU11,개인전,토너먼트,예선경기 29,이승호,200705003660,,윤호진,200903026746,,3,2,A
제12회 코리아 오픈 스쿼시 챔피언쉽,201903731,2019-08-17,GU11,개인전,토너먼트,예선경기 31,심규영,201504001319,,김동우,201503028559,,0,3,B
제12회 코리아 오픈 스쿼시 챔피언쉽,201903731,2019-08-17,GU11,개인전,토너먼트,준준준준결승 1,고영조,200506001863,,황중찬,200706002344,,3,0,A
제12회 코리아 오픈 스쿼시 챔피언쉽,201903731,2019-08-17,GU11,개인전,토너먼트,준준준준결승 2,길재호,201104010290,,조영훈,200905003169,,0,3,B
제12회 코리아 오픈 스쿼시 챔피언쉽,201903731,2019-08-17,GU11,개인전,토너먼트,준준준준결승 3,한승철,201501001406,,이승택,200505000724,,1,3,B
제12회 코리아 오픈 스쿼시 챔피언쉽,201903731,2019-08-17,GU11,개인전,토너먼트,준준준준결승 4,김광원,200312033621,,유재진,200504008874,,2,3,B
제12회 코리아 오픈 스쿼시 챔피언쉽,201903731,2019-08-17,GU11,개인전,토너먼트,준준준준결승 5,강현범,201302006321,,이인우,201005000191,,3,1,A
제12회 코리아 오픈 스쿼시 챔피언쉽,201903731,2019-08-17,GU11,개인전,토너먼트,준준준준결승 6,정대훈,200504009468,,유용민,200312009768,,3,1,A
제12회 코리아 오픈 스쿼시 챔피언쉽,201903731,2019-08-17,GU11,개인전,토너먼트,준준준준결승 7,Masaki Suzuki,701308000003,,문병준,201205001262,,3,0,A
제12회 코리아 오픈 스쿼시 챔피언쉽,201903731,2019-08-17,GU11,개인전,토너먼트,준준준준결승 8,허대길,201901003150,,진승우,200312004753,,0,3,B
제12회 코리아 오픈 스쿼시 챔피언쉽,201903731,2019-08-17,GU11,개인전,토너먼트,준준준준결승 9,이세현,200504008934,,구성진,201302009824,,3,0,A
제12회 코리아 오픈 스쿼시 챔피언쉽,201903731,2019-08-17,GU11,개인전,토너먼트,준준준준결승 10,이건동,200312007919,,박정식,201103008064,,0,0,B
제12회 코리아 오픈 스쿼시 챔피언쉽,201903731,2019-08-17,GU11,개인전,토너먼트,준준준준결승 11,박종명,200803023360,,오민재,200805001140,,0,3,B
제12회 코리아 오픈 스쿼시 챔피언쉽,201903731,2019-08-17,GU11,개인전,토너먼트,준준준준결승 12,이동준,201302010744,,유덕재,201104000837,,3,2,A
제12회 코리아 오픈 스쿼시 챔피언쉽,201903731,2019-08-17,GU11,개인전,토너먼트,준준준준결승 13,이년호,200312006064,,박성찬,201006002472,,3,0,A
제12회 코리아 오픈 스쿼시 챔피언쉽,201903731,2019-08-17,GU11,개인전,토너먼트,준준준준결승 14,우창욱,200505000725,,유승한,200312005692,,3,0,A
제12회 코리아 오픈 스쿼시 챔피언쉽,201903731,2019-08-17,GU11,개인전,토너먼트,준준준준결승 15,이승호,200705003660,,김현동,200312010625,,0,3,B
제12회 코리아 오픈 스쿼시 챔피언쉽,201903731,2019-08-17,GU11,개인전,토너먼트,준준준준결승 16,김동우,201503028559,,황중원,200312034030,,2,3,B
제12회 코리아 오픈 스쿼시 챔피언쉽,201903731,2019-08-17,GU13,개인전,토너먼트,예선경기２,최수지,200605008295,,박민주,200606004565,,0,3,B
제12회 코리아 오픈 스쿼시 챔피언쉽,201903731,2019-08-17,GU13,개인전,토너먼트,예선경기 31,김하은,201302005893,,박진주,200505000920,,1,3,B
제12회 코리아 오픈 스쿼시 챔피언쉽,201903731,2019-08-17,GU13,개인전,토너먼트,준준준준결승 1,김가혜,200312004260,,박민주,200606004565,,3,0,A
제12회 코리아 오픈 스쿼시 챔피언쉽,201903731,2019-08-17,GU13,개인전,토너먼트,준준준준결승 2,안예진,200906002374,,이보라,200312015404,,0,3,B
제12회 코리아 오픈 스쿼시 챔피언쉽,201903731,2019-08-17,GU13,개인전,토너먼트,준준준준결승 3,이영욱,200905002411,,김민희,201402004905,,0,0,B
제12회 코리아 오픈 스쿼시 챔피언쉽,201903731,2019-08-17,GU13,개인전,토너먼트,준준준준결승 4,장유진,201012000986,,허정연,200506000402,,3,0,A
제12회 코리아 오픈 스쿼시 챔피언쉽,201903731,2019-08-17,GU13,개인전,토너먼트,준준준준결승 5,Matsuzawa Ayaka,970500100068,,강영진,200312004530,,2,3,B
제12회 코리아 오픈 스쿼시 챔피언쉽,201903731,2019-08-17,GU13,개인전,토너먼트,준준준준결승 6,오승희,201209002253,,문혜연,201203009845,,3,0,A
제12회 코리아 오픈 스쿼시 챔피언쉽,201903731,2019-08-17,GU13,개인전,토너먼트,준준준준결승 7,최유라,200703026440,,배찬미,200506004011,,3,1,A
제12회 코리아 오픈 스쿼시 챔피언쉽,201903731,2019-08-17,GU13,개인전,토너먼트,준준준준결승 8,김규리,201302011406,,서효주,201402001683,,2,3,B
제12회 코리아 오픈 스쿼시 챔피언쉽,201903731,2019-08-17,GU13,개인전,토너먼트,준준준준결승 9,박은옥,200312004918,,이승연,201405001347,,3,1,A
제12회 코리아 오픈 스쿼시 챔피언쉽,201903731,2019-08-17,GU13,개인전,토너먼트,준준준준결승 10,허민경,201103015212,,김가람,200505000922,,3,0,A
제12회 코리아 오픈 스쿼시 챔피언쉽,201903731,2019-08-17,GU13,개인전,토너먼트,준준준준결승 11,김아현,200312015283,,김다정,200506003985,,3,0,A
제12회 코리아 오픈 스쿼시 챔피언쉽,201903731,2019-08-17,GU13,개인전,토너먼트,준준준준결승 12,박미림,200312007885,,이지현,200504008455,,0,3,B
제12회 코리아 오픈 스쿼시 챔피언쉽,201903731,2019-08-17,GU13,개인전,토너먼트,준준준준결승 13,박다나,200504008890,,송선미,200504008897,,0,0,B
제12회 코리아 오픈 스쿼시 챔피언쉽,201903731,2019-08-17,GU13,개인전,토너먼트,준준준준결승 14,박상은,201404002146,,송동주,201205000983,,0,3,B
제12회 코리아 오픈 스쿼시 챔피언쉽,201903731,2019-08-17,GU13,개인전,토너먼트,준준준준결승 15,이해경,200402015564,,유지영,201405002923,,0,0,A
제12회 코리아 오픈 스쿼시 챔피언쉽,201903731,2019-08-17,GU13,개인전,토너먼트,준준준준결승 16,박진주,200505000920,,엄화영,201002007702,,0,3,B
제12회 코리아 오픈 스쿼시 챔피언쉽,201903731,2019-08-18,GU11,개인전,토너먼트,준준준결승경기１,고영조,200506001863,,조영훈,200905003169,,3,1,A
제12회 코리아 오픈 스쿼시 챔피언쉽,201903731,2019-08-18,GU11,개인전,토너먼트,준준준결승경기２,이승택,200505000724,,유재진,200504008874,,3,0,A
제12회 코리아 오픈 스쿼시 챔피언쉽,201903731,2019-08-18,GU11,개인전,토너먼트,준준준결승경기３,강현범,201302006321,,정대훈,200504009468,,1,3,B
제12회 코리아 오픈 스쿼시 챔피언쉽,201903731,2019-08-18,GU11,개인전,토너먼트,준준준결승경기４,Masaki Suzuki,701308000003,,진승우,200312004753,,0,3,B
제12회 코리아 오픈 스쿼시 챔피언쉽,201903731,2019-08-18,GU11,개인전,토너먼트,준준준결승경기５,이세현,200504008934,,박정식,201103008064,,3,0,A
제12회 코리아 오픈 스쿼시 챔피언쉽,201903731,2019-08-18,GU11,개인전,토너먼트,준준준결승경기６,오민재,200805001140,,이동준,201302010744,,1,3,B
제12회 코리아 오픈 스쿼시 챔피언쉽,201903731,2019-08-18,GU11,개인전,토너먼트,준준준결승경기７,이년호,200312006064,,우창욱,200505000725,,3,2,A
제12회 코리아 오픈 스쿼시 챔피언쉽,201903731,2019-08-18,GU11,개인전,토너먼트,준준준결승경기８,김현동,200312010625,,황중원,200312034030,,3,0,A
제12회 코리아 오픈 스쿼시 챔피언쉽,201903731,2019-08-18,GU11,개인전,토너먼트,준준결승경기１,고영조,200506001863,,이승택,200505000724,,3,2,A
제12회 코리아 오픈 스쿼시 챔피언쉽,201903731,2019-08-18,GU11,개인전,토너먼트,준준결승경기２,정대훈,200504009468,,진승우,200312004753,,1,3,B
제12회 코리아 오픈 스쿼시 챔피언쉽,201903731,2019-08-18,GU11,개인전,토너먼트,준준결승경기３,이세현,200504008934,,이동준,201302010744,,3,0,A
제12회 코리아 오픈 스쿼시 챔피언쉽,201903731,2019-08-18,GU11,개인전,토너먼트,준준결승경기４,이년호,200312006064,,김현동,200312010625,,0,3,B
제12회 코리아 오픈 스쿼시 챔피언쉽,201903731,2019-08-18,GU13,개인전,토너먼트,준준준결승경기１,김가혜,200312004260,,이보라,200312015404,,3,0,A
제12회 코리아 오픈 스쿼시 챔피언쉽,201903731,2019-08-18,GU13,개인전,토너먼트,준준준결승경기２,김민희,201402004905,,장유진,201012000986,,3,2,A
제12회 코리아 오픈 스쿼시 챔피언쉽,201903731,2019-08-18,GU13,개인전,토너먼트,준준준결승경기３,강영진,200312004530,,오승희,201209002253,,1,3,B
제12회 코리아 오픈 스쿼시 챔피언쉽,201903731,2019-08-18,GU13,개인전,토너먼트,준준준결승경기４,최유라,200703026440,,서효주,201402001683,,3,0,A
제12회 코리아 오픈 스쿼시 챔피언쉽,201903731,2019-08-18,GU13,개인전,토너먼트,준준준결승경기５,박은옥,200312004918,,허민경,201103015212,,3,0,A
제12회 코리아 오픈 스쿼시 챔피언쉽,201903731,2019-08-18,GU13,개인전,토너먼트,준준준결승경기６,김아현,200312015283,,이지현,200504008455,,0,3,B
제12회 코리아 오픈 스쿼시 챔피언쉽,201903731,2019-08-18,GU13,개인전,토너먼트,준준준결승경기７,송선미,200504008897,,송동주,201205000983,,2,3,B
제12회 코리아 오픈 스쿼시 챔피언쉽,201903731,2019-08-18,GU13,개인전,토너먼트,준준준결승경기８,이해경,200402015564,,엄화영,201002007702,,3,2,A
제12회 코리아 오픈 스쿼시 챔피언쉽,201903731,2019-08-18,GU13,개인전,토너먼트,준준결승경기１,김가혜,200312004260,,김민희,201402004905,,3,0,A
제12회 코리아 오픈 스쿼시 챔피언쉽,201903731,2019-08-18,GU13,개인전,토너먼트,준준결승경기２,오승희,201209002253,,최유라,200703026440,,1,3,B
제12회 코리아 오픈 스쿼시 챔피언쉽,201903731,2019-08-18,GU13,개인전,토너먼트,준준결승경기３,박은옥,200312004918,,이지현,200504008455,,2,3,B
제12회 코리아 오픈 스쿼시 챔피언쉽,201903731,2019-08-18,GU13,개인전,토너먼트,준준결승경기４,송동주,201205000983,,이해경,200402015564,,3,2,A
제12회 코리아 오픈 스쿼시 챔피언쉽,201903731,2019-08-19,GU11,개인전,토너먼트,준결승경기１,고영조,200506001863,,진승우,200312004753,,3,2,A
제12회 코리아 오픈 스쿼시 챔피언쉽,201903731,2019-08-19,GU11,개인전,토너먼트,준결승경기２,이세현,200504008934,,김현동,200312010625,,3,0,A
제12회 코리아 오픈 스쿼시 챔피언쉽,201903731,2019-08-19,GU13,개인전,토너먼트,준결승경기１,김가혜,200312004260,,최유라,200703026440,,0,0,B
제12회 코리아 오픈 스쿼시 챔피언쉽,201903731,2019-08-19,GU13,개인전,토너먼트,준결승경기２,이지현,200504008455,,송동주,201205000983,,3,0,A
제12회 코리아 오픈 스쿼시 챔피언쉽,201903731,2019-08-20,GU11,개인전,토너먼트,결승,고영조,200506001863,,이세현,200504008934,,3,2,A
제12회 코리아 오픈 스쿼시 챔피언쉽,201903731,2019-08-20,GU13,개인전,토너먼트,결승,최유라,200703026440,,이지현,200504008455,,0,3,B
제12회 하계 전국 중.고 스쿼시 선수권대회,201904031,2019-08-23,남자 12세이하부,개인전,토너먼트,1R / A조,유민석,201708001690,,박시형,201702007823,,0,0,
제12회 하계 전국 중.고 스쿼시 선수권대회,201904031,2019-08-23,남자 12세이하부,개인전,토너먼트,1R / A조,권숙빈,201802004973,,최현우,201703014575,,0,0,
제12회 하계 전국 중.고 스쿼시 선수권대회,201904031,2019-08-23,남자 12세이하부,개인전,토너먼트,1R / A조,이동규,201606000580,,이민규,201606000586,,0,0,
제12회 하계 전국 중.고 스쿼시 선수권대회,201904031,2019-08-23,남자 12세이하부,개인전,토너먼트,1R / A조,유민석,201708001690,,최현우,201703014575,,0,0,
제12회 하계 전국 중.고 스쿼시 선수권대회,201904031,2019-08-23,남자 12세이하부,개인전,토너먼트,1R / A조,박시형,201702007823,,이민규,201606000586,,0,0,
제12회 하계 전국 중.고 스쿼시 선수권대회,201904031,2019-08-23,남자 12세이하부,개인전,토너먼트,1R / A조,권숙빈,201802004973,,이민규,201606000586,,0,0,
제12회 하계 전국 중.고 스쿼시 선수권대회,201904031,2019-08-23,남자 12세이하부,개인전,토너먼트,1R / A조,유민석,201708001690,,이민규,201606000586,,0,0,
제12회 하계 전국 중.고 스쿼시 선수권대회,201904031,2019-08-23,남자 12세이하부,개인전,토너먼트,1R / A조,최현우,201703014575,,이민규,201606000586,,0,0,
제12회 하계 전국 중.고 스쿼시 선수권대회,201904031,2019-08-23,남자 12세이하부,개인전,토너먼트,1R / A조,권숙빈,201802004973,,이동규,201606000580,,0,0,
제12회 하계 전국 중.고 스쿼시 선수권대회,201904031,2019-08-23,남자 12세이하부,개인전,토너먼트,1R / A조,유민석,201708001690,,이동규,201606000580,,0,0,
제12회 하계 전국 중.고 스쿼시 선수권대회,201904031,2019-08-23,남자 12세이하부,개인전,토너먼트,1R / A조,이민규,201606000586,,권숙빈,201802004973,,0,0,
제12회 하계 전국 중.고 스쿼시 선수권대회,201904031,2019-08-23,남자 12세이하부,개인전,토너먼트,1R / A조,최현우,201703014575,,이동규,201606000580,,0,0,
제12회 하계 전국 중.고 스쿼시 선수권대회,201904031,2019-08-23,남자 12세이하부,개인전,토너먼트,1R / A조,박시형,201702007823,,권숙빈,201802004973,,0,0,
제12회 하계 전국 중.고 스쿼시 선수권대회,201904031,2019-08-23,남자 12세이하부,개인전,토너먼트,1R / A조,최현우,201703014575,,박시형,201702007823,,0,0,
제12회 하계 전국 중.고 스쿼시 선수권대회,201904031,2019-08-23,남자 12세이하부,개인전,토너먼트,1R / A조,유민석,201708001690,,이동규,201606000580,,0,0,
제12회 하계 전국 중.고 스쿼시 선수권대회,201904031,2019-08-23,남자 12세이하부,개인전,토너먼트,1R / A조,유민석,201708001690,,박시형,201702007823,,0,0,
제12회 하계 전국 중.고 스쿼시 선수권대회,201904031,2019-08-23,남자 12세이하부,개인전,토너먼트,1R / A조,이민규,201606000586,,최현우,201703014575,,0,0,
제12회 하계 전국 중.고 스쿼시 선수권대회,201904031,2019-08-23,남자 12세이하부,개인전,토너먼트,1R / A조,유민석,201708001690,,권숙빈,201802004973,,0,0,
제12회 하계 전국 중.고 스쿼시 선수권대회,201904031,2019-08-23,남자 12세이하부,개인전,토너먼트,1R / A조,이동규,201606000580,,박시형,201702007823,,0,0,
제12회 하계 전국 중.고 스쿼시 선수권대회,201904031,2019-08-23,남자 12세이하부,개인전,토너먼트,1R / A조,이동규,201606000580,,이민규,201606000586,,0,0,
제12회 하계 전국 중.고 스쿼시 선수권대회,201904031,2019-08-23,여자 18세이하부,개인전,토너먼트,1R / A조,박세현,201904001138,,구보경,201902004370,,0,0,
제12회 하계 전국 중.고 스쿼시 선수권대회,201904031,2019-08-23,여자 18세이하부,개인전,토너먼트,1R / A조,박주현,201804004072,,박세현,201904001138,,0,0,
제12회 하계 전국 중.고 스쿼시 선수권대회,201904031,2019-08-23,여자 18세이하부,개인전,토너먼트,1R / A조,김현지,201903003718,,구보경,201902004370,,0,0,
제12회 하계 전국 중.고 스쿼시 선수권대회,201904031,2019-08-23,여자 18세이하부,개인전,토너먼트,1R / A조,김현지,201903003718,,박주현,201804004072,,0,0,
제12회 하계 전국 중.고 스쿼시 선수권대회,201904031,2019-08-23,여자 18세이하부,개인전,토너먼트,1R / A조,김현지,201903003718,,박세현,201904001138,,0,0,
제12회 하계 전국 중.고 스쿼시 선수권대회,201904031,2019-08-23,여자 18세이하부,개인전,토너먼트,1R / A조,구보경,201902004370,,박주현,201804004072,,0,0,
제12회 하계 전국 중.고 스쿼시 선수권대회,201904031,2019-08-23,여자 18세이하부,개인전,토너먼트,1R / A조,김현지,201903003718,,박주현,201804004072,,0,0,
제12회 하계 전국 중.고 스쿼시 선수권대회,201904031,2019-08-23,여자 18세이하부,개인전,토너먼트,1R / A조,박세현,201904001138,,박주현,201804004072,,0,0,
제12회 하계 전국 중.고 스쿼시 선수권대회,201904031,2019-08-23,여자 18세이하부,개인전,토너먼트,1R / A조,김현지,201903003718,,박주현,201804004072,,0,0,
제12회 하계 전국 중.고 스쿼시 선수권대회,201904031,2019-08-23,GU13 P,개인전,토너먼트,1R / A조,나주영,201602006877,,이강인,201808001789,,0,0,
제12회 하계 전국 중.고 스쿼시 선수권대회,201904031,2019-08-23,GU13 P,개인전,토너먼트,1R / A조,김준영,201707001971,,구동현,201402010302,,0,0,
제12회 하계 전국 중.고 스쿼시 선수권대회,201904031,2019-08-23,GU13 P,개인전,토너먼트,1R / A조,이강인,201808001789,,유정욱,201603018160,,0,0,
제12회 하계 전국 중.고 스쿼시 선수권대회,201904031,2019-08-23,GU13 P,개인전,토너먼트,1R / A조,손현승,201907003063,,김보민,201707002221,,0,0,
제12회 하계 전국 중.고 스쿼시 선수권대회,201904031,2019-08-23,GU13 P,개인전,토너먼트,1R / A조,나주영,201602006877,,구동현,201402010302,,0,0,
제12회 하계 전국 중.고 스쿼시 선수권대회,201904031,2019-08-23,GU13 P,개인전,토너먼트,1R / A조,박지훈,201706000549,,유정욱,201603018160,,0,0,
제12회 하계 전국 중.고 스쿼시 선수권대회,201904031,2019-08-23,GU13 P,개인전,토너먼트,1R / A조,김준영,201707001971,,김보민,201707002221,,0,0,
제12회 하계 전국 중.고 스쿼시 선수권대회,201904031,2019-08-23,GU13 P,개인전,토너먼트,1R / A조,이강인,201808001789,,손현승,201907003063,,0,0,
제12회 하계 전국 중.고 스쿼시 선수권대회,201904031,2019-08-23,GU13 P,개인전,토너먼트,1R / A조,나주영,201602006877,,유정욱,201603018160,,0,0,
제12회 하계 전국 중.고 스쿼시 선수권대회,201904031,2019-08-23,GU13 P,개인전,토너먼트,1R / A조,구동현,201402010302,,김보민,201707002221,,0,0,
제12회 하계 전국 중.고 스쿼시 선수권대회,201904031,2019-08-23,GU13 P,개인전,토너먼트,1R / A조,박지훈,201706000549,,손현승,201907003063,,0,0,
제12회 하계 전국 중.고 스쿼시 선수권대회,201904031,2019-08-23,GU13 P,개인전,토너먼트,1R / A조,손현승,201907003063,,김준영,201707001971,,0,0,
제12회 하계 전국 중.고 스쿼시 선수권대회,201904031,2019-08-23,GU13 P,개인전,토너먼트,1R / A조,김준영,201707001971,,이강인,201808001789,,0,0,
제12회 하계 전국 중.고 스쿼시 선수권대회,201904031,2019-08-23,GU13 P,개인전,토너먼트,1R / A조,나주영,201602006877,,김보민,201707002221,,0,0,
제12회 하계 전국 중.고 스쿼시 선수권대회,201904031,2019-08-23,GU13 P,개인전,토너먼트,1R / A조,유정욱,201603018160,,손현승,201907003063,,0,0,
제12회 하계 전국 중.고 스쿼시 선수권대회,201904031,2019-08-23,GU13 P,개인전,토너먼트,1R / A조,구동현,201402010302,,이강인,201808001789,,0,0,
제12회 하계 전국 중.고 스쿼시 선수권대회,201904031,2019-08-23,GU13 P,개인전,토너먼트,1R / A조,박지훈,201706000549,,김준영,201707001971,,0,0,
제12회 하계 전국 중.고 스쿼시 선수권대회,201904031,2019-08-23,GU13 P,개인전,토너먼트,1R / A조,나주영,201602006877,,손현승,201907003063,,0,0,
제12회 하계 전국 중.고 스쿼시 선수권대회,201904031,2019-08-23,GU13 P,개인전,토너먼트,1R / A조,김보민,201707002221,,이강인,201808001789,,0,0,
제12회 하계 전국 중.고 스쿼시 선수권대회,201904031,2019-08-23,GU13 P,개인전,토너먼트,1R / A조,유정욱,201603018160,,김준영,201707001971,,0,0,
제12회 하계 전국 중.고 스쿼시 선수권대회,201904031,2019-08-23,GU13 P,개인전,토너먼트,1R / A조,구동현,201402010302,,박지훈,201706000549,,0,0,
제12회 하계 전국 중.고 스쿼시 선수권대회,201904031,2019-08-23,GU13 P,개인전,토너먼트,1R / A조,김보민,201707002221,,박지훈,201706000549,,0,0,
제12회 하계 전국 중.고 스쿼시 선수권대회,201904031,2019-08-23,GU13 P,개인전,토너먼트,1R / A조,유정욱,201603018160,,구동현,201402010302,,0,0,
제12회 하계 전국 중.고 스쿼시 선수권대회,201904031,2019-08-23,GU13 P,개인전,토너먼트,1R / A조,나주영,201602006877,,김준영,201707001971,,0,0,
제12회 하계 전국 중.고 스쿼시 선수권대회,201904031,2019-08-23,GU13 P,개인전,토너먼트,1R / A조,이강인,201808001789,,박지훈,201706000549,,0,0,
제12회 하계 전국 중.고 스쿼시 선수권대회,201904031,2019-08-23,GU13 P,개인전,토너먼트,1R / A조,손현승,201907003063,,구동현,201402010302,,0,0,
제12회 하계 전국 중.고 스쿼시 선수권대회,201904031,2019-08-23,GU13 P,개인전,토너먼트,1R / A조,김보민,201707002221,,유정욱,201603018160,,0,0,
제12회 하계 전국 중.고 스쿼시 선수권대회,201904031,2019-08-23,GU13 P,개인전,토너먼트,1R / A조,나주영,201602006877,,박지훈,201706000549,,0,0,
제12회 하계 전국 중.고 스쿼시 선수권대회,201904031,2019-08-23,남자 12세이하부,개인전,토너먼트,예선경기２,이민규,201606000586,,최현우,201703014575,,3,0,A
제12회 하계 전국 중.고 스쿼시 선수권대회,201904031,2019-08-23,남자 12세이하부,개인전,토너먼트,예선경기３,박시형,201702007823,,권숙빈,201802004973,,1,3,B
제12회 하계 전국 중.고 스쿼시 선수권대회,201904031,2019-08-23,남자 12세이하부,개인전,토너먼트,예선경기４,이동규,201606000580,,이지석,201703004879,,2,3,B
제12회 하계 전국 중.고 스쿼시 선수권대회,201904031,2019-08-23,남자 12세이하부,개인전,토너먼트,준결승경기１,유민석,201708001690,,이민규,201606000586,,0,3,B
제12회 하계 전국 중.고 스쿼시 선수권대회,201904031,2019-08-23,남자 12세이하부,개인전,토너먼트,준결승경기２,권숙빈,201802004973,,이지석,201703004879,,0,3,B
제12회 하계 전국 중.고 스쿼시 선수권대회,201904031,2019-08-23,여자 18세이하부,개인전,토너먼트,예선경기２,박주현,201804004072,,박세현,201904001138,,3,0,A
제12회 하계 전국 중.고 스쿼시 선수권대회,201904031,2019-08-23,여자 18세이하부,개인전,토너먼트,준결승경기１,김현지,201903003718,,박주현,201804004072,,1,3,B
제12회 하계 전국 중.고 스쿼시 선수권대회,201904031,2019-08-23,여자 18세이하부,개인전,토너먼트,준결승경기２,구보경,201902004370,,유하은,201807001529,,3,0,A
제12회 하계 전국 중.고 스쿼시 선수권대회,201904031,2019-08-23,GU13 P,개인전,토너먼트,예선경기１,나주영,201602006877,,손현승,201907003063,,3,0,A
제12회 하계 전국 중.고 스쿼시 선수권대회,201904031,2019-08-23,GU13 P,개인전,토너먼트,예선경기２,김보민,201707002221,,유정욱,201603018160,,1,3,B
제12회 하계 전국 중.고 스쿼시 선수권대회,201904031,2019-08-23,GU13 P,개인전,토너먼트,예선경기３,구동현,201402010302,,박지훈,201706000549,,0,0,B
제12회 하계 전국 중.고 스쿼시 선수권대회,201904031,2019-08-23,GU13 P,개인전,토너먼트,예선경기４,김준영,201707001971,,이강인,201808001789,,0,3,B
제12회 하계 전국 중.고 스쿼시 선수권대회,201904031,2019-08-23,GU13 P,개인전,토너먼트,준결승경기１,나주영,201602006877,,유정욱,201603018160,,3,0,A
제12회 하계 전국 중.고 스쿼시 선수권대회,201904031,2019-08-23,GU13 P,개인전,토너먼트,준결승경기２,박지훈,201706000549,,이강인,201808001789,,0,3,B
제12회 하계 전국 중.고 스쿼시 선수권대회,201904031,2019-08-23,GU16 P,개인전,리그전,1R / A조,김민주,201404001152,,구나현,201204003029,,0,0,A
제12회 하계 전국 중.고 스쿼시 선수권대회,201904031,2019-08-23,GU16 P,개인전,리그전,1R / A조,김하연,201503006905,,구나현,201204003029,,0,0,A
제12회 하계 전국 중.고 스쿼시 선수권대회,201904031,2019-08-24,남자 12세이하부,개인전,토너먼트,결승,이민규,201606000586,,이지석,201703004879,,0,3,B
제12회 하계 전국 중.고 스쿼시 선수권대회,201904031,2019-08-24,여자 18세이하부,개인전,토너먼트,결승,박주현,201804004072,,구보경,201902004370,,1,3,B
제12회 하계 전국 중.고 스쿼시 선수권대회,201904031,2019-08-24,GU13 P,개인전,토너먼트,결승,나주영,201602006877,,이강인,201808001789,,3,1,A
제12회 하계 전국 중.고 스쿼시 선수권대회,201904031,2019-08-24,GU16 P,개인전,리그전,1R / A조,김하연,201503006905,,김민주,201404001152,,3,1,A
제18회 대한체육회장배 전국 스쿼시 동호인대회,201904149,2019-12-07,남자 일반부,단체전,리그&토너먼트,결승,부영스쿼시A,,,부영스쿼시B,,,0,0,
제18회 대한체육회장배 전국 스쿼시 동호인대회,201904149,2019-12-07,남자 일반부,단체전,리그&토너먼트,1R / A조,SEJONG,,,세화스쿼시A,,,0,1,B
제18회 대한체육회장배 전국 스쿼시 동호인대회,201904149,2019-12-07,남자 일반부,단체전,리그&토너먼트,1R / A조,한스동 광전,,,세화스쿼시A,,,1,0,A
제18회 대한체육회장배 전국 스쿼시 동호인대회,201904149,2019-12-07,남자 일반부,단체전,리그&토너먼트,1R / A조,D.I.S,,,한스동 광전,,,1,0,A
제18회 대한체육회장배 전국 스쿼시 동호인대회,201904149,2019-12-07,남자 일반부,단체전,리그&토너먼트,1R / A조,부영스쿼시A,,,세화스쿼시A,,,1,0,A
제18회 대한체육회장배 전국 스쿼시 동호인대회,201904149,2019-12-07,남자 일반부,단체전,리그&토너먼트,1R / A조,SEJONG,,,D.I.S,,,1,0,A
제18회 대한체육회장배 전국 스쿼시 동호인대회,201904149,2019-12-07,남자 일반부,단체전,리그&토너먼트,1R / A조,부영스쿼시A,,,한스동 광전,,,1,0,A
제18회 대한체육회장배 전국 스쿼시 동호인대회,201904149,2019-12-07,남자 일반부,단체전,리그&토너먼트,1R / A조,세화스쿼시A,,,D.I.S,,,1,0,A
제18회 대한체육회장배 전국 스쿼시 동호인대회,201904149,2019-12-07,남자 일반부,단체전,리그&토너먼트,1R / A조,부영스쿼시A,,,D.I.S,,,1,0,A
제18회 대한체육회장배 전국 스쿼시 동호인대회,201904149,2019-12-07,남자 일반부,단체전,리그&토너먼트,1R / A조,한스동 광전,,,SEJONG,,,1,0,A
제18회 대한체육회장배 전국 스쿼시 동호인대회,201904149,2019-12-07,남자 일반부,단체전,리그&토너먼트,1R / A조,부영스쿼시A,,,SEJONG,,,1,0,A
제18회 대한체육회장배 전국 스쿼시 동호인대회,201904149,2019-12-07,남자 일반부,단체전,리그&토너먼트,1R / B조,TEAM 세종,,,세종 KOREA,,,1,0,A
제18회 대한체육회장배 전국 스쿼시 동호인대회,201904149,2019-12-07,남자 일반부,단체전,리그&토너먼트,1R / B조,세화스쿼시B,,,세종 KOREA,,,1,0,A
제18회 대한체육회장배 전국 스쿼시 동호인대회,201904149,2019-12-07,남자 일반부,단체전,리그&토너먼트,1R / B조,부영스쿼시B,,,세화스쿼시B,,,1,0,A
제18회 대한체육회장배 전국 스쿼시 동호인대회,201904149,2019-12-07,남자 일반부,단체전,리그&토너먼트,1R / B조,순천스쿼시,,,세종 KOREA,,,1,0,A
제18회 대한체육회장배 전국 스쿼시 동호인대회,201904149,2019-12-07,남자 일반부,단체전,리그&토너먼트,1R / B조,TEAM 세종,,,부영스쿼시B,,,1,0,A
제18회 대한체육회장배 전국 스쿼시 동호인대회,201904149,2019-12-07,남자 일반부,단체전,리그&토너먼트,1R / B조,순천스쿼시,,,세화스쿼시B,,,1,0,A
제18회 대한체육회장배 전국 스쿼시 동호인대회,201904149,2019-12-07,남자 일반부,단체전,리그&토너먼트,1R / B조,세종 KOREA,,,부영스쿼시B,,,0,1,B
제18회 대한체육회장배 전국 스쿼시 동호인대회,201904149,2019-12-07,남자 일반부,단체전,리그&토너먼트,1R / B조,순천스쿼시,,,부영스쿼시B,,,1,0,A
제18회 대한체육회장배 전국 스쿼시 동호인대회,201904149,2019-12-07,남자 일반부,단체전,리그&토너먼트,1R / B조,세화스쿼시B,,,TEAM 세종,,,0,1,B
제18회 대한체육회장배 전국 스쿼시 동호인대회,201904149,2019-12-07,남자 일반부,단체전,리그&토너먼트,1R / B조,순천스쿼시,,,TEAM 세종,,,1,0,A
제18회 대한체육회장배 전국 스쿼시 동호인대회,201904149,2019-12-07,GU11,개인전,토너먼트,예선경기２,최영일,981527000069,,송민영,981827000027,,0,0,
제18회 대한체육회장배 전국 스쿼시 동호인대회,201904149,2019-12-07,GU11,개인전,토너먼트,예선경기３,최민석,981827000035,,김민기,981927000083,,0,0,
제18회 대한체육회장배 전국 스쿼시 동호인대회,201904149,2019-12-07,GU11,개인전,토너먼트,예선경기４,손동환,981627000029,,박종배,,,0,0,
제18회 대한체육회장배 전국 스쿼시 동호인대회,201904149,2019-12-07,GU11,개인전,토너먼트,예선경기６,성영민,981927000081,,김명규,981627000004,,0,0,
제18회 대한체육회장배 전국 스쿼시 동호인대회,201904149,2019-12-07,GU11,개인전,토너먼트,예선경기７,박대희,981927000086,,윤일소,981727000016,,0,0,
제18회 대한체육회장배 전국 스쿼시 동호인대회,201904149,2019-12-07,GU13,개인전,토너먼트,예선경기２,김진경,981827000036,,최윤정,,,0,0,
제18회 대한체육회장배 전국 스쿼시 동호인대회,201904149,2019-12-07,GU13,개인전,토너먼트,준준결승경기２,한경하,981627000278,,조은아,981627000137,,0,0,
제18회 대한체육회장배 전국 스쿼시 동호인대회,201904149,2019-12-07,GU13,개인전,토너먼트,준준결승경기３,정금순,981827000032,,김미영,981827000068,,0,0,
제18회 대한체육회장배 전국 스쿼시 동호인대회,201904149,2019-12-07,GU13,개인전,토너먼트,준준결승경기４,최미래,981927000085,,이경애,981527000011,,0,0,
제18회 대한체육회장배 전국 스쿼시 동호인대회,201904149,2019-12-08,남자 일반부,단체전,리그&토너먼트,예선경기１,부영스쿼시A,,,TEAM 세종,,,1,0,A
제18회 대한체육회장배 전국 스쿼시 동호인대회,201904149,2019-12-08,남자 일반부,단체전,리그&토너먼트,예선경기２,한스동 광전,,,순천스쿼시,,,0,1,B
제18회 대한체육회장배 전국 스쿼시 동호인대회,201904149,2019-12-08,남자 일반부,단체전,리그&토너먼트,예선경기３,세화스쿼시A,,,세화스쿼시B,,,1,0,A
제18회 대한체육회장배 전국 스쿼시 동호인대회,201904149,2019-12-08,남자 일반부,단체전,리그&토너먼트,예선경기４,SEJONG,,,부영스쿼시B,,,0,1,B
제18회 대한체육회장배 전국 스쿼시 동호인대회,201904149,2019-12-08,남자 일반부,단체전,리그&토너먼트,준결승경기１,부영스쿼시A,,,순천스쿼시,,,1,0,A
제18회 대한체육회장배 전국 스쿼시 동호인대회,201904149,2019-12-08,남자 일반부,단체전,리그&토너먼트,준결승경기２,세화스쿼시A,,,부영스쿼시B,,,0,1,B
제23회 금곡배 초.중.고 스쿼시 선수권대회,202005159,2020-06-26,남자 12세이하부,개인전,토너먼트,예선경기２,손현승,201907003063,,XU YUANLONG,201703015442,,0,3,B
제23회 금곡배 초.중.고 스쿼시 선수권대회,202005159,2020-06-26,남자 12세이하부,개인전,토너먼트,예선경기１５,이라온,201602011151,,이민규,201606000586,,3,0,A
제23회 금곡배 초.중.고 스쿼시 선수권대회,202005159,2020-06-26,남자 12세이하부,개인전,토너먼트,준준준결승경기１,이민우,201407000924,,XU YUANLONG,201703015442,,3,0,A
제23회 금곡배 초.중.고 스쿼시 선수권대회,202005159,2020-06-26,남자 12세이하부,개인전,토너먼트,준준준결승경기２,김병관,201708000163,,이강인,201808001789,,0,3,B
제23회 금곡배 초.중.고 스쿼시 선수권대회,202005159,2020-06-26,남자 12세이하부,개인전,토너먼트,준준준결승경기３,정태경,201606000617,,박경민,201504006889,,3,1,A
제23회 금곡배 초.중.고 스쿼시 선수권대회,202005159,2020-06-26,남자 12세이하부,개인전,토너먼트,준준준결승경기４,최유성,202002001643,,강우석,201302005902,,0,3,B
제23회 금곡배 초.중.고 스쿼시 선수권대회,202005159,2020-06-26,남자 12세이하부,개인전,토너먼트,준준준결승경기５,김승현,201403012359,,이동규,201606000580,,3,0,A
제23회 금곡배 초.중.고 스쿼시 선수권대회,202005159,2020-06-26,남자 12세이하부,개인전,토너먼트,준준준결승경기６,유민석,201708001690,,박승민,201702006829,,0,3,B
제23회 금곡배 초.중.고 스쿼시 선수권대회,202005159,2020-06-26,남자 12세이하부,개인전,토너먼트,준준준결승경기７,최호진,201306001130,,박민준,201902005286,,3,0,A
제23회 금곡배 초.중.고 스쿼시 선수권대회,202005159,2020-06-26,남자 12세이하부,개인전,토너먼트,준준준결승경기８,이라온,201602011151,,유정민,201505003438,,1,3,B
제23회 금곡배 초.중.고 스쿼시 선수권대회,202005159,2020-06-26,남자 12세이하부,개인전,토너먼트,준준결승경기１,이민우,201407000924,,이강인,201808001789,,3,0,A
제23회 금곡배 초.중.고 스쿼시 선수권대회,202005159,2020-06-26,남자 12세이하부,개인전,토너먼트,준준결승경기２,정태경,201606000617,,강우석,201302005902,,0,3,B
제23회 금곡배 초.중.고 스쿼시 선수권대회,202005159,2020-06-26,남자 12세이하부,개인전,토너먼트,준준결승경기３,김승현,201403012359,,박승민,201702006829,,1,3,B
제23회 금곡배 초.중.고 스쿼시 선수권대회,202005159,2020-06-26,남자 12세이하부,개인전,토너먼트,준준결승경기４,최호진,201306001130,,유정민,201505003438,,0,3,B
제23회 금곡배 초.중.고 스쿼시 선수권대회,202005159,2020-06-26,남자 12세이하부,개인전,토너먼트,준결승경기１,이민우,201407000924,,강우석,201302005902,,3,1,A
제23회 금곡배 초.중.고 스쿼시 선수권대회,202005159,2020-06-26,남자 12세이하부,개인전,토너먼트,준결승경기２,박승민,201702006829,,유정민,201505003438,,0,3,B
제23회 금곡배 초.중.고 스쿼시 선수권대회,202005159,2020-06-26,남자 12세이하부,개인전,토너먼트,결승,이민우,201407000924,,유정민,201505003438,,3,0,A
제23회 금곡배 초.중.고 스쿼시 선수권대회,202005159,2020-06-26,남자 12세이하부,단체전,리그전,1R / A조,동일미래과학고등학교,,,충북상업정보고등학교,,,0,2,B
제23회 금곡배 초.중.고 스쿼시 선수권대회,202005159,2020-06-26,남자 12세이하부,단체전,리그전,1R / A조,와룡고등학교,,,충북상업정보고등학교,,,1,2,B
제23회 금곡배 초.중.고 스쿼시 선수권대회,202005159,2020-06-26,남자 12세이하부,단체전,리그전,1R / A조,와룡고등학교,,,동일미래과학고등학교,,,2,1,A
제23회 금곡배 초.중.고 스쿼시 선수권대회,202005159,2020-06-26,남자 12세이하부,복식,리그전,1R / A조,"강우석, 박민준",,,"XU YUANLONG, 유민석",,,2,0,A
제23회 금곡배 초.중.고 스쿼시 선수권대회,202005159,2020-06-26,남자 12세이하부,복식,리그전,1R / A조,"박시형, 유정민",,,"XU YUANLONG, 유민석",,,2,0,A
제23회 금곡배 초.중.고 스쿼시 선수권대회,202005159,2020-06-26,남자 12세이하부,복식,리그전,1R / A조,"박시형, 유정민",,,"강우석, 박민준",,,2,1,A
제23회 금곡배 초.중.고 스쿼시 선수권대회,202005159,2020-06-26,여자 18세이하부,개인전,토너먼트,예선경기２,김다미,201107004502,,노윤진,201702011015,,3,0,A
제23회 금곡배 초.중.고 스쿼시 선수권대회,202005159,2020-06-26,여자 18세이하부,개인전,토너먼트,예선경기３,김민주,201404001152,,어수빈,201503012548,,1,3,B
제23회 금곡배 초.중.고 스쿼시 선수권대회,202005159,2020-06-26,여자 18세이하부,개인전,토너먼트,예선경기４,서하민,201703008633,,이소진,201503029527,,0,3,B
제23회 금곡배 초.중.고 스쿼시 선수권대회,202005159,2020-06-26,여자 18세이하부,개인전,토너먼트,준결승경기１,신유진,201602007698,,김다미,201107004502,,3,2,A
제23회 금곡배 초.중.고 스쿼시 선수권대회,202005159,2020-06-26,여자 18세이하부,개인전,토너먼트,준결승경기２,어수빈,201503012548,,이소진,201503029527,,0,3,B
제23회 금곡배 초.중.고 스쿼시 선수권대회,202005159,2020-06-26,여자 18세이하부,개인전,토너먼트,결승,신유진,201602007698,,이소진,201503029527,,0,3,B
제23회 금곡배 초.중.고 스쿼시 선수권대회,202005159,2020-06-26,GU11 P,개인전,리그전,1R / A조,어지웅,201703016477,,이승원,202002003959,,2,0,A
제23회 금곡배 초.중.고 스쿼시 선수권대회,202005159,2020-06-26,GU11 P,개인전,리그전,1R / A조,김재영,202006001038,,이승원,202002003959,,0,2,B
제23회 금곡배 초.중.고 스쿼시 선수권대회,202005159,2020-06-26,GU11 P,개인전,리그전,1R / A조,김재영,202006001038,,어지웅,201703016477,,0,2,B
제23회 금곡배 초.중.고 스쿼시 선수권대회,202005159,2020-06-26,GU13 P,개인전,토너먼트,예선경기３,김준영,201707001971,,유정욱,201603018160,,0,2,B
제23회 금곡배 초.중.고 스쿼시 선수권대회,202005159,2020-06-26,GU13 P,개인전,토너먼트,예선경기６,손우주,201902004585,,김희찬,982027000002,,0,0,B
제23회 금곡배 초.중.고 스쿼시 선수권대회,202005159,2020-06-26,GU13 P,개인전,토너먼트,예선경기７,Nam Nathaniel Kyungshik,202006001376,,정건희,202002001955,,2,1,A
제23회 금곡배 초.중.고 스쿼시 선수권대회,202005159,2020-06-26,GU13 P,개인전,토너먼트,준준결승경기１,김건,201503006845,,박민기,202006000140,,2,0,A
제23회 금곡배 초.중.고 스쿼시 선수권대회,202005159,2020-06-26,GU13 P,개인전,토너먼트,준준결승경기２,유정욱,201603018160,,김준호,202004000367,,2,0,A
제23회 금곡배 초.중.고 스쿼시 선수권대회,202005159,2020-06-26,GU13 P,개인전,토너먼트,준준결승경기３,박지훈,201706000549,,김희찬,982027000002,,2,1,A
제23회 금곡배 초.중.고 스쿼시 선수권대회,202005159,2020-06-26,GU13 P,개인전,토너먼트,준준결승경기４,Nam Nathaniel Kyungshik,202006001376,,나주영,201602006877,,0,2,B
제23회 금곡배 초.중.고 스쿼시 선수권대회,202005159,2020-06-26,GU13 P,개인전,토너먼트,준결승경기１,김건,201503006845,,유정욱,201603018160,,2,0,A
제23회 금곡배 초.중.고 스쿼시 선수권대회,202005159,2020-06-26,GU13 P,개인전,토너먼트,준결승경기２,박지훈,201706000549,,나주영,201602006877,,0,2,B
제23회 금곡배 초.중.고 스쿼시 선수권대회,202005159,2020-06-26,GU13 P,개인전,토너먼트,결승,김건,201503006845,,나주영,201602006877,,2,0,A
제23회 금곡배 초.중.고 스쿼시 선수권대회,202005159,2020-06-26,GU13 CP,개인전,토너먼트,예선경기２,문하람,202002004153,,이나윤,202002003973,,0,2,B
제23회 금곡배 초.중.고 스쿼시 선수권대회,202005159,2020-06-26,GU13 CP,개인전,토너먼트,예선경기３,임채영,202003007957,,박지은,202002004079,,0,2,B
제23회 금곡배 초.중.고 스쿼시 선수권대회,202005159,2020-06-26,GU13 CP,개인전,토너먼트,준결승경기１,이해인,202002004113,,이나윤,202002003973,,2,1,A
제23회 금곡배 초.중.고 스쿼시 선수권대회,202005159,2020-06-26,GU13 CP,개인전,토너먼트,준결승경기２,박지은,202002004079,,이서윤,202002003924,,2,0,A
제23회 금곡배 초.중.고 스쿼시 선수권대회,202005159,2020-06-26,GU13 CP,개인전,토너먼트,결승,이해인,202002004113,,박지은,202002004079,,0,2,B
제17회 회장배 전국 학생 스쿼시 선수권대회,202005179,2020-07-10,남자 12세이하부,개인전,토너먼트,예선경기１,이민우,201407000924,,손현승,201907003063,,3,0,A
제17회 회장배 전국 학생 스쿼시 선수권대회,202005179,2020-07-10,남자 12세이하부,개인전,토너먼트,예선경기２,박경민,201504006889,,이민규,201606000586,,3,2,A
제17회 회장배 전국 학생 스쿼시 선수권대회,202005179,2020-07-10,남자 12세이하부,개인전,토너먼트,예선경기３,지동현,201507002321,,이라온,201602011151,,0,0,B
제17회 회장배 전국 학생 스쿼시 선수권대회,202005179,2020-07-10,남자 12세이하부,개인전,토너먼트,예선경기４,박민준,201902005286,,김승현,201403012359,,0,3,B
제17회 회장배 전국 학생 스쿼시 선수권대회,202005179,2020-07-10,남자 12세이하부,개인전,토너먼트,예선경기５,유정민,201505003438,,최호진,201306001130,,3,1,A
제17회 회장배 전국 학생 스쿼시 선수권대회,202005179,2020-07-10,남자 12세이하부,개인전,토너먼트,예선경기６,정태경,201606000617,,김병관,201708000163,,3,0,A
제17회 회장배 전국 학생 스쿼시 선수권대회,202005179,2020-07-10,남자 12세이하부,개인전,토너먼트,예선경기７,강우석,201302005902,,이강인,201808001789,,3,0,A
제17회 회장배 전국 학생 스쿼시 선수권대회,202005179,2020-07-10,남자 12세이하부,개인전,토너먼트,예선경기８,최유성,202002001643,,박승민,201702006829,,0,3,B
제17회 회장배 전국 학생 스쿼시 선수권대회,202005179,2020-07-10,남자 12세이하부,개인전,토너먼트,준준결승경기１,이민우,201407000924,,박경민,201504006889,,3,0,A
제17회 회장배 전국 학생 스쿼시 선수권대회,202005179,2020-07-10,남자 12세이하부,개인전,토너먼트,준준결승경기２,이라온,201602011151,,김승현,201403012359,,0,3,B
제17회 회장배 전국 학생 스쿼시 선수권대회,202005179,2020-07-10,남자 12세이하부,개인전,토너먼트,준준결승경기３,유정민,201505003438,,정태경,201606000617,,3,0,A
제17회 회장배 전국 학생 스쿼시 선수권대회,202005179,2020-07-10,남자 12세이하부,개인전,토너먼트,준준결승경기４,강우석,201302005902,,박승민,201702006829,,1,3,B
제17회 회장배 전국 학생 스쿼시 선수권대회,202005179,2020-07-10,남자 12세이하부,개인전,토너먼트,준결승경기１,이민우,201407000924,,김승현,201403012359,,3,0,A
제17회 회장배 전국 학생 스쿼시 선수권대회,202005179,2020-07-10,남자 12세이하부,개인전,토너먼트,준결승경기２,유정민,201505003438,,박승민,201702006829,,3,1,A
제17회 회장배 전국 학생 스쿼시 선수권대회,202005179,2020-07-10,남자 12세이하부,개인전,토너먼트,결승,이민우,201407000924,,유정민,201505003438,,3,1,A
제17회 회장배 전국 학생 스쿼시 선수권대회,202005179,2020-07-10,남자 12세이하부,단체전,토너먼트,예선경기１,동일미래과학고등학교,,,김해생명과학고등학교,,,0,2,B
제17회 회장배 전국 학생 스쿼시 선수권대회,202005179,2020-07-10,남자 12세이하부,단체전,토너먼트,예선경기２,인천 대건고등학교,,,충북상업정보고등학교,,,1,2,B
제17회 회장배 전국 학생 스쿼시 선수권대회,202005179,2020-07-10,남자 12세이하부,단체전,토너먼트,결승,김해생명과학고등학교,,,충북상업정보고등학교,,,0,1,B
제17회 회장배 전국 학생 스쿼시 선수권대회,202005179,2020-07-10,남자 12세이하부,복식,토너먼트,예선경기１,"강우석, 박민준",,,"유민석, XU YUANLONG",,,2,0,A
제17회 회장배 전국 학생 스쿼시 선수권대회,202005179,2020-07-10,남자 12세이하부,복식,토너먼트,예선경기２,"이민규, 최유성",,,"박시형, 유정민",,,0,2,B
제17회 회장배 전국 학생 스쿼시 선수권대회,202005179,2020-07-10,남자 12세이하부,복식,토너먼트,결승,"강우석, 박민준",,,"박시형, 유정민",,,1,2,B
제17회 회장배 전국 학생 스쿼시 선수권대회,202005179,2020-07-10,여자 15세이하부,개인전,토너먼트,예선경기２,김석진,201203009405,,이원기,201304000473,,3,1,A
제17회 회장배 전국 학생 스쿼시 선수권대회,202005179,2020-07-10,여자 15세이하부,개인전,토너먼트,예선경기３,이승훈,201005005675,,최동진,201104003470,,3,1,A
제17회 회장배 전국 학생 스쿼시 선수권대회,202005179,2020-07-10,여자 15세이하부,개인전,토너먼트,예선경기５,이용정,201202011412,,이현욱,201203014577,,3,0,A
제17회 회장배 전국 학생 스쿼시 선수권대회,202005179,2020-07-10,여자 15세이하부,개인전,토너먼트,예선경기６,신경훈,202006002350,,이상훈,200809000849,,0,0,B
제17회 회장배 전국 학생 스쿼시 선수권대회,202005179,2020-07-10,여자 15세이하부,개인전,토너먼트,예선경기７,류한동,200903026007,,오성학,201103013572,,2,3,B
제17회 회장배 전국 학생 스쿼시 선수권대회,202005179,2020-07-10,여자 15세이하부,개인전,토너먼트,준준결승경기１,탁효진,201104003468,,김석진,201203009405,,3,1,A
제17회 회장배 전국 학생 스쿼시 선수권대회,202005179,2020-07-10,여자 15세이하부,개인전,토너먼트,준준결승경기２,이승훈,201005005675,,유한서,201704001245,,3,0,A
제17회 회장배 전국 학생 스쿼시 선수권대회,202005179,2020-07-10,여자 15세이하부,개인전,토너먼트,준준결승경기３,이용정,201202011412,,이상훈,200809000849,,0,3,B
제17회 회장배 전국 학생 스쿼시 선수권대회,202005179,2020-07-10,여자 15세이하부,개인전,토너먼트,준준결승경기４,오성학,201103013572,,박정식,201103008064,,3,0,A
제17회 회장배 전국 학생 스쿼시 선수권대회,202005179,2020-07-10,여자 15세이하부,개인전,토너먼트,준결승경기１,탁효진,201104003468,,이승훈,201005005675,,3,0,A
제17회 회장배 전국 학생 스쿼시 선수권대회,202005179,2020-07-10,여자 15세이하부,개인전,토너먼트,준결승경기２,이상훈,200809000849,,오성학,201103013572,,0,3,B
제17회 회장배 전국 학생 스쿼시 선수권대회,202005179,2020-07-10,여자 15세이하부,개인전,토너먼트,결승,탁효진,201104003468,,오성학,201103013572,,0,3,B
제17회 회장배 전국 학생 스쿼시 선수권대회,202005179,2020-07-10,여자 15세이하부,복식,토너먼트,예선경기１,"이승훈, 이용정",,,"김석진, 오성학",,,0,2,B
제17회 회장배 전국 학생 스쿼시 선수권대회,202005179,2020-07-10,여자 15세이하부,복식,토너먼트,예선경기２,"최동진, 탁효진",,,"박정식, 이원기",,,2,0,A
제17회 회장배 전국 학생 스쿼시 선수권대회,202005179,2020-07-10,여자 15세이하부,복식,토너먼트,결승,"김석진, 오성학",,,"최동진, 탁효진",,,2,0,A
제17회 회장배 전국 학생 스쿼시 선수권대회,202005179,2020-07-10,여자 18세이하부,개인전,토너먼트,예선경기２,노윤진,201702011015,,김서진,202006000304,,3,0,A
제17회 회장배 전국 학생 스쿼시 선수권대회,202005179,2020-07-10,여자 18세이하부,개인전,토너먼트,준준결승경기１,서하민,201703008633,,노윤진,201702011015,,3,1,A
제17회 회장배 전국 학생 스쿼시 선수권대회,202005179,2020-07-10,여자 18세이하부,개인전,토너먼트,준준결승경기２,이소진,201503029527,,신유진,201602007698,,3,1,A
제17회 회장배 전국 학생 스쿼시 선수권대회,202005179,2020-07-10,여자 18세이하부,개인전,토너먼트,준준결승경기３,김다미,201107004502,,어수빈,201503012548,,3,0,A
제17회 회장배 전국 학생 스쿼시 선수권대회,202005179,2020-07-10,여자 18세이하부,개인전,토너먼트,준준결승경기４,유인아,982027000004,,김민주,201404001152,,0,3,B
제17회 회장배 전국 학생 스쿼시 선수권대회,202005179,2020-07-10,여자 18세이하부,개인전,토너먼트,준결승경기１,서하민,201703008633,,이소진,201503029527,,0,3,B
제17회 회장배 전국 학생 스쿼시 선수권대회,202005179,2020-07-10,여자 18세이하부,개인전,토너먼트,준결승경기２,김다미,201107004502,,김민주,201404001152,,2,3,B
제17회 회장배 전국 학생 스쿼시 선수권대회,202005179,2020-07-10,여자 18세이하부,개인전,토너먼트,결승,이소진,201503029527,,김민주,201404001152,,3,0,A
제17회 회장배 전국 학생 스쿼시 선수권대회,202005179,2020-07-10,남자 18세이하부,개인전,토너먼트,예선경기２,오승희,201209002253,,이승연,201405001347,,0,0,B
제17회 회장배 전국 학생 스쿼시 선수권대회,202005179,2020-07-10,남자 18세이하부,개인전,토너먼트,준결승경기１,송동주,201205000983,,이승연,201405001347,,3,1,A
제17회 회장배 전국 학생 스쿼시 선수권대회,202005179,2020-07-10,남자 18세이하부,개인전,토너먼트,준결승경기２,장예원,201601000670,,송채원,200903026922,,0,3,B
제17회 회장배 전국 학생 스쿼시 선수권대회,202005179,2020-07-10,남자 18세이하부,개인전,토너먼트,결승,송동주,201205000983,,송채원,200903026922,,3,1,A
제17회 회장배 전국 학생 스쿼시 선수권대회,202005179,2020-07-10,GU11 P,개인전,토너먼트,예선경기２,김민기,202006003212,,최규현,202006002884,,2,0,A
제17회 회장배 전국 학생 스쿼시 선수권대회,202005179,2020-07-10,GU11 P,개인전,토너먼트,예선경기３,김재영,202006001038,,송나율,201904000357,,0,2,B
제17회 회장배 전국 학생 스쿼시 선수권대회,202005179,2020-07-10,GU11 P,개인전,토너먼트,준결승경기１,어지웅,201703016477,,김민기,202006003212,,1,2,B
제17회 회장배 전국 학생 스쿼시 선수권대회,202005179,2020-07-10,GU11 P,개인전,토너먼트,준결승경기２,송나율,201904000357,,전서율,982027000005,,1,2,B
제17회 회장배 전국 학생 스쿼시 선수권대회,202005179,2020-07-10,GU11 P,개인전,토너먼트,결승,김민기,202006003212,,전서율,982027000005,,0,2,B
제17회 회장배 전국 학생 스쿼시 선수권대회,202005179,2020-07-10,GU13 P,개인전,토너먼트,예선경기２,Nam Nathaniel Kyungshik,202006001376,,조현준,201903001574,,2,0,A
제17회 회장배 전국 학생 스쿼시 선수권대회,202005179,2020-07-10,GU13 P,개인전,토너먼트,예선경기３,김희찬,982027000002,,우경찬,201906002104,,0,0,A
제17회 회장배 전국 학생 스쿼시 선수권대회,202005179,2020-07-10,GU13 P,개인전,토너먼트,예선경기４,유정욱,201603018160,,김준영,201707001971,,2,1,A
제17회 회장배 전국 학생 스쿼시 선수권대회,202005179,2020-07-10,GU13 P,개인전,토너먼트,예선경기６,김준호,202004000367,,오서진,201605004663,,0,2,B
제17회 회장배 전국 학생 스쿼시 선수권대회,202005179,2020-07-10,GU13 P,개인전,토너먼트,예선경기７,박민기,202006000140,,김건,201503006845,,0,2,B
제17회 회장배 전국 학생 스쿼시 선수권대회,202005179,2020-07-10,GU13 P,개인전,토너먼트,준준결승경기１,나주영,201602006877,,Nam Nathaniel Kyungshik,202006001376,,2,0,A
제17회 회장배 전국 학생 스쿼시 선수권대회,202005179,2020-07-10,GU13 P,개인전,토너먼트,준준결승경기２,김희찬,982027000002,,유정욱,201603018160,,1,2,B
제17회 회장배 전국 학생 스쿼시 선수권대회,202005179,2020-07-10,GU13 P,개인전,토너먼트,준준결승경기３,정건희,202002001955,,오서진,201605004663,,0,2,B
제17회 회장배 전국 학생 스쿼시 선수권대회,202005179,2020-07-10,GU13 P,개인전,토너먼트,준준결승경기４,김건,201503006845,,박지훈,201706000549,,2,0,A
제17회 회장배 전국 학생 스쿼시 선수권대회,202005179,2020-07-10,GU13 P,개인전,토너먼트,준결승경기１,나주영,201602006877,,유정욱,201603018160,,2,0,A
제17회 회장배 전국 학생 스쿼시 선수권대회,202005179,2020-07-10,GU13 P,개인전,토너먼트,준결승경기２,오서진,201605004663,,김건,201503006845,,1,2,B
제17회 회장배 전국 학생 스쿼시 선수권대회,202005179,2020-07-10,GU13 P,개인전,토너먼트,결승,나주영,201602006877,,김건,201503006845,,2,0,A
제17회 회장배 전국 학생 스쿼시 선수권대회,202005179,2020-07-10,GU13 CP,개인전,토너먼트,예선경기２,문하람,202002004153,,이서윤,202002003924,,2,1,A
제17회 회장배 전국 학생 스쿼시 선수권대회,202005179,2020-07-10,GU13 CP,개인전,토너먼트,예선경기３,이해인,202002004113,,임채영,202003007957,,2,0,A
제17회 회장배 전국 학생 스쿼시 선수권대회,202005179,2020-07-10,GU13 CP,개인전,토너먼트,준결승경기１,이나윤,202002003973,,문하람,202002004153,,1,2,B
제17회 회장배 전국 학생 스쿼시 선수권대회,202005179,2020-07-10,GU13 CP,개인전,토너먼트,준결승경기２,이해인,202002004113,,김도은,202006003279,,0,2,B
제17회 회장배 전국 학생 스쿼시 선수권대회,202005179,2020-07-10,GU13 CP,개인전,토너먼트,결승,문하람,202002004153,,김도은,202006003279,,0,2,B
제17회 회장배 전국 학생 스쿼시 선수권대회,202005179,2020-07-10,GU16 P,개인전,리그전,1R / A조,김희원,202006000146,,김하연,201503006905,,0,2,B
제17회 회장배 전국 학생 스쿼시 선수권대회,202005179,2020-07-10,GU16 P,개인전,리그전,1R / A조,김슬아,201906002232,,김하연,201503006905,,0,2,B
제17회 회장배 전국 학생 스쿼시 선수권대회,202005179,2020-07-10,GU16 P,개인전,리그전,1R / A조,김슬아,201906002232,,김희원,202006000146,,2,0,A
제16회 대한체육회장배 전국 스쿼시 선수권대회,202005221,2020-07-30,남자 12세이하부,개인전,토너먼트,예선경기１,이민우,201407000924,,박민준,201902005286,,3,0,A
제16회 대한체육회장배 전국 스쿼시 선수권대회,202005221,2020-07-30,남자 12세이하부,개인전,토너먼트,예선경기２,서무진,201505003630,,최유성,202002001643,,3,0,A
제16회 대한체육회장배 전국 스쿼시 선수권대회,202005221,2020-07-30,남자 12세이하부,개인전,토너먼트,예선경기３,정태경,201606000617,,김승현,201403012359,,0,3,B
제16회 대한체육회장배 전국 스쿼시 선수권대회,202005221,2020-07-30,남자 12세이하부,개인전,토너먼트,예선경기４,최호진,201306001130,,류정민,201505003438,,2,3,B
제16회 대한체육회장배 전국 스쿼시 선수권대회,202005221,2020-07-30,남자 12세이하부,개인전,토너먼트,예선경기５,강우석,201302005902,,김병관,201708000163,,3,0,A
제16회 대한체육회장배 전국 스쿼시 선수권대회,202005221,2020-07-30,남자 12세이하부,개인전,토너먼트,예선경기６,이라온,201602011151,,손현승,201907003063,,3,0,A
제16회 대한체육회장배 전국 스쿼시 선수권대회,202005221,2020-07-30,남자 12세이하부,개인전,토너먼트,예선경기７,지동현,201507002321,,이민규,201606000586,,0,0,B
제16회 대한체육회장배 전국 스쿼시 선수권대회,202005221,2020-07-30,남자 12세이하부,개인전,토너먼트,예선경기８,박경민,201504006889,,박승민,201702006829,,0,3,B
제16회 대한체육회장배 전국 스쿼시 선수권대회,202005221,2020-07-30,남자 12세이하부,개인전,토너먼트,준준결승경기１,이민우,201407000924,,서무진,201505003630,,3,0,A
제16회 대한체육회장배 전국 스쿼시 선수권대회,202005221,2020-07-30,남자 12세이하부,개인전,토너먼트,준준결승경기２,김승현,201403012359,,류정민,201505003438,,1,3,B
제16회 대한체육회장배 전국 스쿼시 선수권대회,202005221,2020-07-30,남자 12세이하부,개인전,토너먼트,준준결승경기３,강우석,201302005902,,이라온,201602011151,,3,0,A
제16회 대한체육회장배 전국 스쿼시 선수권대회,202005221,2020-07-30,남자 12세이하부,개인전,토너먼트,준준결승경기４,이민규,201606000586,,박승민,201702006829,,0,3,B
제16회 대한체육회장배 전국 스쿼시 선수권대회,202005221,2020-07-30,남자 12세이하부,개인전,토너먼트,준결승경기１,이민우,201407000924,,류정민,201505003438,,3,0,A
제16회 대한체육회장배 전국 스쿼시 선수권대회,202005221,2020-07-30,남자 12세이하부,개인전,토너먼트,준결승경기２,강우석,201302005902,,박승민,201702006829,,2,3,B
제16회 대한체육회장배 전국 스쿼시 선수권대회,202005221,2020-07-30,남자 12세이하부,개인전,토너먼트,결승,이민우,201407000924,,박승민,201702006829,,3,1,A
제16회 대한체육회장배 전국 스쿼시 선수권대회,202005221,2020-07-30,남자 12세이하부,단체전,토너먼트,예선경기１,동일미래과학고등학교,,,김해생명과학고등학교,,,0,2,B
제16회 대한체육회장배 전국 스쿼시 선수권대회,202005221,2020-07-30,남자 12세이하부,단체전,토너먼트,예선경기２,충북상업정보고등학교,,,인천 대건고등학교,,,2,0,A
제16회 대한체육회장배 전국 스쿼시 선수권대회,202005221,2020-07-30,남자 12세이하부,단체전,토너먼트,결승,김해생명과학고등학교,,,충북상업정보고등학교,,,0,2,B
제16회 대한체육회장배 전국 스쿼시 선수권대회,202005221,2020-07-30,남자 12세이하부,복식,토너먼트,예선경기１,"류정민, 박시형",,,"이민규, 최유성",,,2,0,A
제16회 대한체육회장배 전국 스쿼시 선수권대회,202005221,2020-07-30,남자 12세이하부,복식,토너먼트,예선경기２,"강우석, 박민준",,,"XU YUANLONG, 유민석",,,2,0,A
제16회 대한체육회장배 전국 스쿼시 선수권대회,202005221,2020-07-30,남자 12세이하부,복식,토너먼트,결승,"류정민, 박시형",,,"강우석, 박민준",,,2,1,A
제16회 대한체육회장배 전국 스쿼시 선수권대회,202005221,2020-07-30,여자 15세이하부,개인전,토너먼트,예선경기２,이상훈,200809000849,,류한동,200903026007,,0,0,B
제16회 대한체육회장배 전국 스쿼시 선수권대회,202005221,2020-07-30,여자 15세이하부,개인전,토너먼트,예선경기３,박정식,201103008064,,구성진,201302009824,,3,0,A
제16회 대한체육회장배 전국 스쿼시 선수권대회,202005221,2020-07-30,여자 15세이하부,개인전,토너먼트,예선경기４,탁효진,201104003468,,신경훈,202006002350,,3,0,A
제16회 대한체육회장배 전국 스쿼시 선수권대회,202005221,2020-07-30,여자 15세이하부,개인전,토너먼트,예선경기５,이현욱,201203014577,,김예일,201303019475,,3,0,A
제16회 대한체육회장배 전국 스쿼시 선수권대회,202005221,2020-07-30,여자 15세이하부,개인전,토너먼트,예선경기６,이승훈,201005005675,,이지석,201703004879,,3,0,A
제16회 대한체육회장배 전국 스쿼시 선수권대회,202005221,2020-07-30,여자 15세이하부,개인전,토너먼트,예선경기７,이원기,201304000473,,오성학,201103013572,,0,3,B
제16회 대한체육회장배 전국 스쿼시 선수권대회,202005221,2020-07-30,여자 15세이하부,개인전,토너먼트,예선경기８,이용정,201202011412,,최동진,201104003470,,0,3,B
제16회 대한체육회장배 전국 스쿼시 선수권대회,202005221,2020-07-30,여자 15세이하부,개인전,토너먼트,준준결승경기１,김석진,201203009405,,류한동,200903026007,,0,3,B
제16회 대한체육회장배 전국 스쿼시 선수권대회,202005221,2020-07-30,여자 15세이하부,개인전,토너먼트,준준결승경기２,박정식,201103008064,,탁효진,201104003468,,0,3,B
제16회 대한체육회장배 전국 스쿼시 선수권대회,202005221,2020-07-30,여자 15세이하부,개인전,토너먼트,준준결승경기３,이현욱,201203014577,,이승훈,201005005675,,0,3,B
제16회 대한체육회장배 전국 스쿼시 선수권대회,202005221,2020-07-30,여자 15세이하부,개인전,토너먼트,준준결승경기４,오성학,201103013572,,최동진,201104003470,,3,0,A
제16회 대한체육회장배 전국 스쿼시 선수권대회,202005221,2020-07-30,여자 15세이하부,개인전,토너먼트,준결승경기１,류한동,200903026007,,탁효진,201104003468,,3,0,A
제16회 대한체육회장배 전국 스쿼시 선수권대회,202005221,2020-07-30,여자 15세이하부,개인전,토너먼트,준결승경기２,이승훈,201005005675,,오성학,201103013572,,0,3,B
제16회 대한체육회장배 전국 스쿼시 선수권대회,202005221,2020-07-30,여자 15세이하부,개인전,토너먼트,결승,류한동,200903026007,,오성학,201103013572,,2,3,B
제16회 대한체육회장배 전국 스쿼시 선수권대회,202005221,2020-07-30,여자 15세이하부,복식,토너먼트,예선경기３,"구성진, 탁효진",,,"박정식, 이원기",,,1,2,B
제16회 대한체육회장배 전국 스쿼시 선수권대회,202005221,2020-07-30,여자 15세이하부,복식,토너먼트,준결승경기１,"이승훈, 이용정",,,"최동진, 이현욱",,,2,1,A
제16회 대한체육회장배 전국 스쿼시 선수권대회,202005221,2020-07-30,여자 15세이하부,복식,토너먼트,준결승경기２,"박정식, 이원기",,,"김석진, 오성학",,,0,2,B
제16회 대한체육회장배 전국 스쿼시 선수권대회,202005221,2020-07-30,여자 15세이하부,복식,토너먼트,결승,"이승훈, 이용정",,,"김석진, 오성학",,,0,2,B
제16회 대한체육회장배 전국 스쿼시 선수권대회,202005221,2020-07-30,남자 15세이하부,개인전,토너먼트,예선경기２,김성태,202002002505,,신승용,201202009071,,0,3,B
제16회 대한체육회장배 전국 스쿼시 선수권대회,202005221,2020-07-30,남자 15세이하부,개인전,토너먼트,예선경기３,강현범,201302006321,,탁형진,201012000985,,3,0,A
제16회 대한체육회장배 전국 스쿼시 선수권대회,202005221,2020-07-30,남자 15세이하부,개인전,토너먼트,예선경기４,문석호,201402009240,,유재진,200504008874,,0,3,B
제16회 대한체육회장배 전국 스쿼시 선수권대회,202005221,2020-07-30,남자 15세이하부,개인전,토너먼트,예선경기５,오민재,200805001140,,이승준,201501002083,,1,3,B
제16회 대한체육회장배 전국 스쿼시 선수권대회,202005221,2020-07-30,남자 15세이하부,개인전,토너먼트,예선경기６,김사무엘,201505001195,,황중찬,200706002344,,1,3,B
제16회 대한체육회장배 전국 스쿼시 선수권대회,202005221,2020-07-30,남자 15세이하부,개인전,토너먼트,예선경기７,김성집,200707000159,,이동준,201302010744,,0,3,B
제16회 대한체육회장배 전국 스쿼시 선수권대회,202005221,2020-07-30,남자 15세이하부,개인전,토너먼트,예선경기１０,유호제,201405000567,,유덕재,201104000837,,0,3,B
제16회 대한체육회장배 전국 스쿼시 선수권대회,202005221,2020-07-30,남자 15세이하부,개인전,토너먼트,예선경기１１,박종명,200803023360,,김창하,201602010896,,3,0,A
제16회 대한체육회장배 전국 스쿼시 선수권대회,202005221,2020-07-30,남자 15세이하부,개인전,토너먼트,예선경기１２,이동민,201302010757,,Nam Zacharias Hong Shik,201804002451,,3,1,A
제16회 대한체육회장배 전국 스쿼시 선수권대회,202005221,2020-07-30,남자 15세이하부,개인전,토너먼트,예선경기１３,정대훈,200504009468,,허대길,201901003150,,0,3,B
제16회 대한체육회장배 전국 스쿼시 선수권대회,202005221,2020-07-30,남자 15세이하부,개인전,토너먼트,예선경기１４,조영훈,200905003169,,이년호,200312006064,,3,2,A
제16회 대한체육회장배 전국 스쿼시 선수권대회,202005221,2020-07-30,남자 15세이하부,개인전,토너먼트,예선경기１５,진승우,200312004753,,김성영,200402011049,,0,0,A
제16회 대한체육회장배 전국 스쿼시 선수권대회,202005221,2020-07-30,남자 15세이하부,개인전,토너먼트,준준준결승경기１,이세현,200504008934,,신승용,201202009071,,3,0,A
제16회 대한체육회장배 전국 스쿼시 선수권대회,202005221,2020-07-30,남자 15세이하부,개인전,토너먼트,준준준결승경기２,강현범,201302006321,,유재진,200504008874,,3,2,A
제16회 대한체육회장배 전국 스쿼시 선수권대회,202005221,2020-07-30,남자 15세이하부,개인전,토너먼트,준준준결승경기３,이승준,201501002083,,황중찬,200706002344,,3,0,A
제16회 대한체육회장배 전국 스쿼시 선수권대회,202005221,2020-07-30,남자 15세이하부,개인전,토너먼트,준준준결승경기４,이동준,201302010744,,문병준,201205001262,,3,0,A
제16회 대한체육회장배 전국 스쿼시 선수권대회,202005221,2020-07-30,남자 15세이하부,개인전,토너먼트,준준준결승경기５,황중원,200312034030,,유덕재,201104000837,,3,0,A
제16회 대한체육회장배 전국 스쿼시 선수권대회,202005221,2020-07-30,남자 15세이하부,개인전,토너먼트,준준준결승경기６,박종명,200803023360,,이동민,201302010757,,3,1,A
제16회 대한체육회장배 전국 스쿼시 선수권대회,202005221,2020-07-30,남자 15세이하부,개인전,토너먼트,준준준결승경기７,허대길,201901003150,,조영훈,200905003169,,0,3,B
제16회 대한체육회장배 전국 스쿼시 선수권대회,202005221,2020-07-30,남자 15세이하부,개인전,토너먼트,준준준결승경기８,진승우,200312004753,,한승철,201501001406,,0,3,B
제16회 대한체육회장배 전국 스쿼시 선수권대회,202005221,2020-07-30,남자 15세이하부,개인전,토너먼트,준준결승경기１,이세현,200504008934,,강현범,201302006321,,3,0,A
제16회 대한체육회장배 전국 스쿼시 선수권대회,202005221,2020-07-30,남자 15세이하부,개인전,토너먼트,준준결승경기２,이승준,201501002083,,이동준,201302010744,,3,1,A
제16회 대한체육회장배 전국 스쿼시 선수권대회,202005221,2020-07-30,남자 15세이하부,개인전,토너먼트,준준결승경기３,황중원,200312034030,,박종명,200803023360,,2,3,B
제16회 대한체육회장배 전국 스쿼시 선수권대회,202005221,2020-07-30,남자 15세이하부,개인전,토너먼트,준준결승경기４,조영훈,200905003169,,한승철,201501001406,,0,3,B
제16회 대한체육회장배 전국 스쿼시 선수권대회,202005221,2020-07-30,남자 15세이하부,개인전,토너먼트,준결승경기１,이세현,200504008934,,이승준,201501002083,,3,2,A
제16회 대한체육회장배 전국 스쿼시 선수권대회,202005221,2020-07-30,남자 15세이하부,개인전,토너먼트,준결승경기２,박종명,200803023360,,한승철,201501001406,,1,3,B
제16회 대한체육회장배 전국 스쿼시 선수권대회,202005221,2020-07-30,남자 15세이하부,개인전,토너먼트,결승,이세현,200504008934,,한승철,201501001406,,3,0,A
제16회 대한체육회장배 전국 스쿼시 선수권대회,202005221,2020-07-30,여자 18세이하부,개인전,토너먼트,예선경기１,서하민,201703008633,,어수빈,201503012548,,0,3,B
제16회 대한체육회장배 전국 스쿼시 선수권대회,202005221,2020-07-30,여자 18세이하부,개인전,토너먼트,예선경기２,김다미,201107004502,,이소진,201503029527,,3,1,A
제16회 대한체육회장배 전국 스쿼시 선수권대회,202005221,2020-07-30,여자 18세이하부,개인전,토너먼트,예선경기３,김서진,202006000304,,김민주,201404001152,,0,3,B
제16회 대한체육회장배 전국 스쿼시 선수권대회,202005221,2020-07-30,여자 18세이하부,개인전,토너먼트,예선경기４,노윤진,201702011015,,신유진,201602007698,,0,3,B
제16회 대한체육회장배 전국 스쿼시 선수권대회,202005221,2020-07-30,여자 18세이하부,개인전,토너먼트,준결승경기１,어수빈,201503012548,,김다미,201107004502,,1,3,B
제16회 대한체육회장배 전국 스쿼시 선수권대회,202005221,2020-07-30,여자 18세이하부,개인전,토너먼트,준결승경기２,김민주,201404001152,,신유진,201602007698,,1,3,B
제16회 대한체육회장배 전국 스쿼시 선수권대회,202005221,2020-07-30,여자 18세이하부,개인전,토너먼트,결승,김다미,201107004502,,신유진,201602007698,,2,3,B
제16회 대한체육회장배 전국 스쿼시 선수권대회,202005221,2020-07-30,남자 18세이하부,개인전,토너먼트,예선경기６,이승연,201405001347,,박다영,201005000963,,0,3,B
제16회 대한체육회장배 전국 스쿼시 선수권대회,202005221,2020-07-30,남자 18세이하부,개인전,토너먼트,준준결승경기１,오승희,201209002253,,조강빈,201606003147,,3,0,A
제16회 대한체육회장배 전국 스쿼시 선수권대회,202005221,2020-07-30,남자 18세이하부,개인전,토너먼트,준준결승경기２,김현지,201903003718,,송채원,200903026922,,0,3,B
제16회 대한체육회장배 전국 스쿼시 선수권대회,202005221,2020-07-30,남자 18세이하부,개인전,토너먼트,준준결승경기３,곽다연,201302006626,,박다영,201005000963,,3,0,A
제16회 대한체육회장배 전국 스쿼시 선수권대회,202005221,2020-07-30,남자 18세이하부,개인전,토너먼트,준준결승경기４,장예원,201601000670,,송동주,201205000983,,0,3,B
제16회 대한체육회장배 전국 스쿼시 선수권대회,202005221,2020-07-30,남자 18세이하부,개인전,토너먼트,준결승경기１,오승희,201209002253,,송채원,200903026922,,3,1,A
제16회 대한체육회장배 전국 스쿼시 선수권대회,202005221,2020-07-30,남자 18세이하부,개인전,토너먼트,준결승경기２,곽다연,201302006626,,송동주,201205000983,,1,3,B
제16회 대한체육회장배 전국 스쿼시 선수권대회,202005221,2020-07-30,남자 18세이하부,개인전,토너먼트,결승,오승희,201209002253,,송동주,201205000983,,0,3,B
제16회 대한체육회장배 전국 스쿼시 선수권대회,202005221,2020-07-30,여자 대학부,개인전,토너먼트,예선경기６,허민경,201103015212,,김규리,201302011406,,3,0,A
제16회 대한체육회장배 전국 스쿼시 선수권대회,202005221,2020-07-30,여자 대학부,개인전,토너먼트,예선경기１４,박은옥,200312004918,,이자연,202003003272,,3,0,A
제16회 대한체육회장배 전국 스쿼시 선수권대회,202005221,2020-07-30,여자 대학부,개인전,토너먼트,준준준결승경기１,양연수,200409006651,,김하은,201302005893,,3,0,A
제16회 대한체육회장배 전국 스쿼시 선수권대회,202005221,2020-07-30,여자 대학부,개인전,토너먼트,준준준결승경기２,김가람,200505000922,,이보라,200312015404,,0,0,A
제16회 대한체육회장배 전국 스쿼시 선수권대회,202005221,2020-07-30,여자 대학부,개인전,토너먼트,준준준결승경기３,박상은,201404002146,,허민경,201103015212,,0,3,B
제16회 대한체육회장배 전국 스쿼시 선수권대회,202005221,2020-07-30,여자 대학부,개인전,토너먼트,준준준결승경기４,안예진,200906002374,,이지현,200504008455,,1,3,B
제16회 대한체육회장배 전국 스쿼시 선수권대회,202005221,2020-07-30,여자 대학부,개인전,토너먼트,준준준결승경기５,김다정,200506003985,,이영욱,200905002411,,2,3,B
제16회 대한체육회장배 전국 스쿼시 선수권대회,202005221,2020-07-30,여자 대학부,개인전,토너먼트,준준준결승경기６,김미진,201503004586,,엄화영,201002007702,,0,3,B
제16회 대한체육회장배 전국 스쿼시 선수권대회,202005221,2020-07-30,여자 대학부,개인전,토너먼트,준준준결승경기７,김민희,201402004905,,박은옥,200312004918,,0,3,B
제16회 대한체육회장배 전국 스쿼시 선수권대회,202005221,2020-07-30,여자 대학부,개인전,토너먼트,준준준결승경기８,안은찬,200312014298,,최유라,200703026440,,0,0,A
제16회 대한체육회장배 전국 스쿼시 선수권대회,202005221,2020-07-30,여자 대학부,개인전,토너먼트,준준결승경기１,양연수,200409006651,,김가람,200505000922,,3,0,A
제16회 대한체육회장배 전국 스쿼시 선수권대회,202005221,2020-07-30,여자 대학부,개인전,토너먼트,준준결승경기２,허민경,201103015212,,이지현,200504008455,,0,3,B
제16회 대한체육회장배 전국 스쿼시 선수권대회,202005221,2020-07-30,여자 대학부,개인전,토너먼트,준준결승경기３,이영욱,200905002411,,엄화영,201002007702,,1,3,B
제16회 대한체육회장배 전국 스쿼시 선수권대회,202005221,2020-07-30,여자 대학부,개인전,토너먼트,준준결승경기４,박은옥,200312004918,,안은찬,200312014298,,0,3,B
제16회 대한체육회장배 전국 스쿼시 선수권대회,202005221,2020-07-30,여자 대학부,개인전,토너먼트,준결승경기１,양연수,200409006651,,이지현,200504008455,,3,1,A
제16회 대한체육회장배 전국 스쿼시 선수권대회,202005221,2020-07-30,여자 대학부,개인전,토너먼트,준결승경기２,엄화영,201002007702,,안은찬,200312014298,,0,3,B
제16회 대한체육회장배 전국 스쿼시 선수권대회,202005221,2020-07-30,여자 대학부,개인전,토너먼트,결승,양연수,200409006651,,안은찬,200312014298,,3,1,A
제16회 대한체육회장배 전국 스쿼시 선수권대회,202005221,2020-07-30,GU11 P,개인전,토너먼트,예선경기６,나우영,201902002440,,김재영,202006001038,,0,0,A
제16회 대한체육회장배 전국 스쿼시 선수권대회,202005221,2020-07-30,GU11 P,개인전,토너먼트,준준결승경기１,어지웅,201703016477,,송나율,201904000357,,1,3,B
제16회 대한체육회장배 전국 스쿼시 선수권대회,202005221,2020-07-30,GU11 P,개인전,토너먼트,준준결승경기２,이승원,202002003959,,김민기,202006003212,,0,3,B
제16회 대한체육회장배 전국 스쿼시 선수권대회,202005221,2020-07-30,GU11 P,개인전,토너먼트,준준결승경기３,이동화,202007000243,,나우영,201902002440,,3,0,A
제16회 대한체육회장배 전국 스쿼시 선수권대회,202005221,2020-07-30,GU11 P,개인전,토너먼트,준준결승경기４,최규현,202006002884,,전서율,982027000005,,0,3,B
제16회 대한체육회장배 전국 스쿼시 선수권대회,202005221,2020-07-30,GU11 P,개인전,토너먼트,준결승경기１,송나율,201904000357,,김민기,202006003212,,3,0,A
제16회 대한체육회장배 전국 스쿼시 선수권대회,202005221,2020-07-30,GU11 P,개인전,토너먼트,준결승경기２,이동화,202007000243,,전서율,982027000005,,0,3,B
제16회 대한체육회장배 전국 스쿼시 선수권대회,202005221,2020-07-30,GU11 P,개인전,토너먼트,결승,송나율,201904000357,,전서율,982027000005,,3,0,A
제16회 대한체육회장배 전국 스쿼시 선수권대회,202005221,2020-07-30,GU13 P,개인전,토너먼트,예선경기２,Nam Nathaniel Kyungshik,202006001376,,조현준,201903001574,,3,0,A
제16회 대한체육회장배 전국 스쿼시 선수권대회,202005221,2020-07-30,GU13 P,개인전,토너먼트,예선경기３,김준호,202004000367,,박민기,202006000140,,3,0,A
제16회 대한체육회장배 전국 스쿼시 선수권대회,202005221,2020-07-30,GU13 P,개인전,토너먼트,예선경기５,김준희,982027000007,,정건희,202002001955,,0,3,B
제16회 대한체육회장배 전국 스쿼시 선수권대회,202005221,2020-07-30,GU13 P,개인전,토너먼트,예선경기６,류정욱,201603018160,,김준영,201707001971,,0,3,B
제16회 대한체육회장배 전국 스쿼시 선수권대회,202005221,2020-07-30,GU13 P,개인전,토너먼트,예선경기７,박지훈,201706000549,,이용욱,201902003971,,3,0,A
제16회 대한체육회장배 전국 스쿼시 선수권대회,202005221,2020-07-30,GU13 P,개인전,토너먼트,준준결승경기１,오서진,201605004663,,Nam Nathaniel Kyungshik,202006001376,,3,0,A
제16회 대한체육회장배 전국 스쿼시 선수권대회,202005221,2020-07-30,GU13 P,개인전,토너먼트,준준결승경기２,김준호,202004000367,,이동욱,202007000237,,4,0,A
제16회 대한체육회장배 전국 스쿼시 선수권대회,202005221,2020-07-30,GU13 P,개인전,토너먼트,준준결승경기３,정건희,202002001955,,김준영,201707001971,,0,3,B
제16회 대한체육회장배 전국 스쿼시 선수권대회,202005221,2020-07-30,GU13 P,개인전,토너먼트,준준결승경기４,박지훈,201706000549,,나주영,201602006877,,1,3,B
제16회 대한체육회장배 전국 스쿼시 선수권대회,202005221,2020-07-30,GU13 P,개인전,토너먼트,준결승경기１,오서진,201605004663,,김준호,202004000367,,3,0,A
제16회 대한체육회장배 전국 스쿼시 선수권대회,202005221,2020-07-30,GU13 P,개인전,토너먼트,준결승경기２,김준영,201707001971,,나주영,201602006877,,0,3,B
제16회 대한체육회장배 전국 스쿼시 선수권대회,202005221,2020-07-30,GU13 P,개인전,토너먼트,결승,오서진,201605004663,,나주영,201602006877,,2,3,B
제16회 대한체육회장배 전국 스쿼시 선수권대회,202005221,2020-07-30,GU13 CP,개인전,토너먼트,예선경기２,김도은,202006003279,,이서윤,202002003924,,3,0,A
제16회 대한체육회장배 전국 스쿼시 선수권대회,202005221,2020-07-30,GU13 CP,개인전,토너먼트,예선경기３,박솔민,202002002489,,박지은,202002004079,,3,0,A
제16회 대한체육회장배 전국 스쿼시 선수권대회,202005221,2020-07-30,GU13 CP,개인전,토너먼트,준결승경기１,송승아,202007000662,,김도은,202006003279,,0,3,B
제16회 대한체육회장배 전국 스쿼시 선수권대회,202005221,2020-07-30,GU13 CP,개인전,토너먼트,준결승경기２,박솔민,202002002489,,이나윤,202002003973,,3,0,A
제16회 대한체육회장배 전국 스쿼시 선수권대회,202005221,2020-07-30,GU13 CP,개인전,토너먼트,결승,김도은,202006003279,,박솔민,202002002489,,0,3,B
제16회 대한체육회장배 전국 스쿼시 선수권대회,202005221,2020-07-30,GU16 P,개인전,리그전,1R / A조,김하연,201503006905,,전아인,201905001622,,1,3,B
제16회 대한체육회장배 전국 스쿼시 선수권대회,202005221,2020-07-30,GU16 P,개인전,리그전,1R / A조,김슬아,201906002232,,전아인,201905001622,,0,3,B
제16회 대한체육회장배 전국 스쿼시 선수권대회,202005221,2020-07-30,GU16 P,개인전,리그전,1R / A조,김슬아,201906002232,,김하연,201503006905,,0,3,B
제20회 회장배 전 한국 스쿼시 선수권대회(고등부),202005410,2020-09-17,남자 12세이하부,개인전,토너먼트,예선경기６,박민준,201902005286,,김병관,201708000163,,0,3,B
제20회 회장배 전 한국 스쿼시 선수권대회(고등부),202005410,2020-09-17,남자 12세이하부,개인전,토너먼트,예선경기１１,서무진,201505003630,,손현승,201907003063,,3,0,A
제20회 회장배 전 한국 스쿼시 선수권대회(고등부),202005410,2020-09-17,남자 12세이하부,개인전,토너먼트,예선경기１４,정태경,201606000617,,XU YUANLONG,201703015442,,0,0,A
제20회 회장배 전 한국 스쿼시 선수권대회(고등부),202005410,2020-09-17,남자 12세이하부,개인전,토너먼트,준준준결승경기１,이민우,201407000924,,이민규,201606000586,,3,0,A
제20회 회장배 전 한국 스쿼시 선수권대회(고등부),202005410,2020-09-17,남자 12세이하부,개인전,토너먼트,준준준결승경기２,박승민,201702006829,,최호진,201306001130,,3,0,A
제20회 회장배 전 한국 스쿼시 선수권대회(고등부),202005410,2020-09-17,남자 12세이하부,개인전,토너먼트,준준준결승경기３,류정민,201505003438,,김병관,201708000163,,3,0,A
제20회 회장배 전 한국 스쿼시 선수권대회(고등부),202005410,2020-09-17,남자 12세이하부,개인전,토너먼트,준준준결승경기４,박시형,201702007823,,유민석,201708001690,,3,0,A
제20회 회장배 전 한국 스쿼시 선수권대회(고등부),202005410,2020-09-17,남자 12세이하부,개인전,토너먼트,준준준결승경기５,지동현,201507002321,,박경민,201504006889,,3,0,A
제20회 회장배 전 한국 스쿼시 선수권대회(고등부),202005410,2020-09-17,남자 12세이하부,개인전,토너먼트,준준준결승경기６,서무진,201505003630,,김승현,201403012359,,0,3,B
제20회 회장배 전 한국 스쿼시 선수권대회(고등부),202005410,2020-09-17,남자 12세이하부,개인전,토너먼트,준준준결승경기７,이강인,201808001789,,정태경,201606000617,,1,3,B
제20회 회장배 전 한국 스쿼시 선수권대회(고등부),202005410,2020-09-17,남자 12세이하부,개인전,토너먼트,준준준결승경기８,이라온,201602011151,,강우석,201302005902,,0,3,B
제20회 회장배 전 한국 스쿼시 선수권대회(고등부),202005410,2020-09-17,남자 12세이하부,개인전,토너먼트,준준결승경기１,이민우,201407000924,,박승민,201702006829,,3,0,A
제20회 회장배 전 한국 스쿼시 선수권대회(고등부),202005410,2020-09-17,남자 12세이하부,개인전,토너먼트,준준결승경기２,류정민,201505003438,,박시형,201702007823,,3,0,A
제20회 회장배 전 한국 스쿼시 선수권대회(고등부),202005410,2020-09-17,남자 12세이하부,개인전,토너먼트,준준결승경기３,지동현,201507002321,,김승현,201403012359,,3,2,A
제20회 회장배 전 한국 스쿼시 선수권대회(고등부),202005410,2020-09-17,남자 12세이하부,개인전,토너먼트,준준결승경기４,정태경,201606000617,,강우석,201302005902,,0,3,B
제20회 회장배 전 한국 스쿼시 선수권대회(고등부),202005410,2020-09-17,남자 12세이하부,개인전,토너먼트,준결승경기１,이민우,201407000924,,류정민,201505003438,,3,0,A
제20회 회장배 전 한국 스쿼시 선수권대회(고등부),202005410,2020-09-17,남자 12세이하부,개인전,토너먼트,준결승경기２,지동현,201507002321,,강우석,201302005902,,0,3,B
제20회 회장배 전 한국 스쿼시 선수권대회(고등부),202005410,2020-09-17,남자 12세이하부,개인전,토너먼트,결승,이민우,201407000924,,강우석,201302005902,,3,0,A
제20회 회장배 전 한국 스쿼시 선수권대회(고등부),202005410,2020-09-17,남자 12세이하부,단체전,리그전,1R / A조,인천 대건고등학교,,,김해생명과학고등학교,,,0,2,B
제20회 회장배 전 한국 스쿼시 선수권대회(고등부),202005410,2020-09-17,남자 12세이하부,단체전,리그전,1R / A조,충북상업정보고등학교,,,김해생명과학고등학교,,,2,0,A
제20회 회장배 전 한국 스쿼시 선수권대회(고등부),202005410,2020-09-17,남자 12세이하부,단체전,리그전,1R / A조,충북상업정보고등학교,,,인천 대건고등학교,,,2,0,A
제20회 회장배 전 한국 스쿼시 선수권대회(고등부),202005410,2020-09-17,남자 12세이하부,복식,리그전,1R / A조,"류정민, 박시형",,,"강우석, 박민준",,,2,1,A
제20회 회장배 전 한국 스쿼시 선수권대회(고등부),202005410,2020-09-17,남자 12세이하부,복식,리그전,1R / A조,"박경민, 손현승",,,"강우석, 박민준",,,0,0,A
제20회 회장배 전 한국 스쿼시 선수권대회(고등부),202005410,2020-09-17,남자 12세이하부,복식,리그전,1R / A조,"박경민, 손현승",,,"류정민, 박시형",,,0,2,B
제20회 회장배 전 한국 스쿼시 선수권대회(고등부),202005410,2020-09-17,여자 18세이하부,개인전,토너먼트,예선경기２,노윤진,201702011015,,어수빈,201503012548,,0,3,B
제20회 회장배 전 한국 스쿼시 선수권대회(고등부),202005410,2020-09-17,여자 18세이하부,개인전,토너먼트,예선경기３,김민주,201404001152,,이소진,201503029527,,0,3,B
제20회 회장배 전 한국 스쿼시 선수권대회(고등부),202005410,2020-09-17,여자 18세이하부,개인전,토너먼트,예선경기４,김다미,201107004502,,서하민,201703008633,,3,1,A
제20회 회장배 전 한국 스쿼시 선수권대회(고등부),202005410,2020-09-17,여자 18세이하부,개인전,토너먼트,준결승경기１,신유진,201602007698,,어수빈,201503012548,,3,2,A
제20회 회장배 전 한국 스쿼시 선수권대회(고등부),202005410,2020-09-17,여자 18세이하부,개인전,토너먼트,준결승경기２,이소진,201503029527,,김다미,201107004502,,3,1,A
제20회 회장배 전 한국 스쿼시 선수권대회(고등부),202005410,2020-09-17,여자 18세이하부,개인전,토너먼트,결승,신유진,201602007698,,이소진,201503029527,,0,3,B
제13회 하계 전국 중.고 스쿼시 선수권대회,202005435,2020-09-19,남자 12세이하부,개인전,토너먼트,예선경기６,박시형,201702007823,,유민석,201708001690,,3,0,A
제13회 하계 전국 중.고 스쿼시 선수권대회,202005435,2020-09-19,남자 12세이하부,개인전,토너먼트,준준결승경기１,이라온,201602011151,,이민규,201606000586,,3,1,A
제13회 하계 전국 중.고 스쿼시 선수권대회,202005435,2020-09-19,남자 12세이하부,개인전,토너먼트,준준결승경기２,XU YUANLONG,201703015442,,박민준,201902005286,,0,3,B
제13회 하계 전국 중.고 스쿼시 선수권대회,202005435,2020-09-19,남자 12세이하부,개인전,토너먼트,준준결승경기３,최호진,201306001130,,박시형,201702007823,,3,0,A
제13회 하계 전국 중.고 스쿼시 선수권대회,202005435,2020-09-19,남자 12세이하부,개인전,토너먼트,준준결승경기４,서무진,201505003630,,박경민,201504006889,,3,1,A
제13회 하계 전국 중.고 스쿼시 선수권대회,202005435,2020-09-19,남자 12세이하부,개인전,토너먼트,준결승경기１,이라온,201602011151,,박민준,201902005286,,3,1,A
제13회 하계 전국 중.고 스쿼시 선수권대회,202005435,2020-09-19,남자 12세이하부,개인전,토너먼트,준결승경기２,최호진,201306001130,,서무진,201505003630,,3,0,A
제13회 하계 전국 중.고 스쿼시 선수권대회,202005435,2020-09-19,남자 12세이하부,개인전,토너먼트,결승,이라온,201602011151,,최호진,201306001130,,0,3,B
제24회 금곡배 전국 초중고 스쿼시 선수권대회,202100075,2021-03-12,남자 12세이하부,개인전,토너먼트,예선경기２,박동주,202012002803,,이강인,201808001789,,0,3,B
제24회 금곡배 전국 초중고 스쿼시 선수권대회,202100075,2021-03-12,남자 12세이하부,개인전,토너먼트,예선경기３,정태경,201606000617,,손현승,201907003063,,3,0,A
제24회 금곡배 전국 초중고 스쿼시 선수권대회,202100075,2021-03-12,남자 12세이하부,개인전,토너먼트,예선경기４,손우주,201902004585,,박민준,201902005286,,0,3,B
제24회 금곡배 전국 초중고 스쿼시 선수권대회,202100075,2021-03-12,남자 12세이하부,개인전,토너먼트,예선경기５,박경민,201504006889,,최유성,202002001643,,3,0,A
제24회 금곡배 전국 초중고 스쿼시 선수권대회,202100075,2021-03-12,남자 12세이하부,개인전,토너먼트,예선경기６,이라온,201602011151,,최호진,201306001130,,0,3,B
제24회 금곡배 전국 초중고 스쿼시 선수권대회,202100075,2021-03-12,남자 12세이하부,개인전,토너먼트,예선경기７,이동규,201606000580,,XU YUANLONG,201703015442,,3,0,A
제24회 금곡배 전국 초중고 스쿼시 선수권대회,202100075,2021-03-12,남자 12세이하부,개인전,토너먼트,예선경기８,서무진,201505003630,,김건,201503006845,,0,3,B
제24회 금곡배 전국 초중고 스쿼시 선수권대회,202100075,2021-03-12,남자 12세이하부,개인전,토너먼트,준준결승경기１,김병관,201708000163,,이강인,201808001789,,3,2,A
제24회 금곡배 전국 초중고 스쿼시 선수권대회,202100075,2021-03-12,남자 12세이하부,개인전,토너먼트,준준결승경기２,정태경,201606000617,,박민준,201902005286,,3,0,A
제24회 금곡배 전국 초중고 스쿼시 선수권대회,202100075,2021-03-12,남자 12세이하부,개인전,토너먼트,준준결승경기３,박경민,201504006889,,최호진,201306001130,,0,3,B
제24회 금곡배 전국 초중고 스쿼시 선수권대회,202100075,2021-03-12,남자 12세이하부,개인전,토너먼트,준준결승경기４,이동규,201606000580,,김건,201503006845,,0,3,B
제24회 금곡배 전국 초중고 스쿼시 선수권대회,202100075,2021-03-12,남자 12세이하부,개인전,토너먼트,준결승경기１,김병관,201708000163,,정태경,201606000617,,0,3,B
제24회 금곡배 전국 초중고 스쿼시 선수권대회,202100075,2021-03-12,남자 12세이하부,개인전,토너먼트,준결승경기２,최호진,201306001130,,김건,201503006845,,3,2,A
제24회 금곡배 전국 초중고 스쿼시 선수권대회,202100075,2021-03-12,남자 12세이하부,개인전,토너먼트,결승,정태경,201606000617,,최호진,201306001130,,0,3,B
제24회 금곡배 전국 초중고 스쿼시 선수권대회,202100075,2021-03-12,남자 12세이하부,단체전,리그전,1R / A조,백영고등학교,,,동일미래과학고등학교,,,1,1,A
제24회 금곡배 전국 초중고 스쿼시 선수권대회,202100075,2021-03-12,남자 12세이하부,단체전,리그전,1R / A조,김해생명과학고등학교,,,동일미래과학고등학교,,,2,0,A
제24회 금곡배 전국 초중고 스쿼시 선수권대회,202100075,2021-03-12,남자 12세이하부,단체전,리그전,1R / A조,김해생명과학고등학교,,,백영고등학교,,,2,0,A
제24회 금곡배 전국 초중고 스쿼시 선수권대회,202100075,2021-03-12,남자 12세이하부,복식,토너먼트,예선경기１,"XU YUANLONG, 손우주",,,"이강인, 김건",,,0,2,B
제24회 금곡배 전국 초중고 스쿼시 선수권대회,202100075,2021-03-12,남자 12세이하부,복식,토너먼트,예선경기２,"이동규, 최유성",,,"박경민, 박지훈",,,2,1,A
제24회 금곡배 전국 초중고 스쿼시 선수권대회,202100075,2021-03-12,남자 12세이하부,복식,토너먼트,결승,"이강인, 김건",,,"이동규, 최유성",,,2,0,A
제24회 금곡배 전국 초중고 스쿼시 선수권대회,202100075,2021-03-12,여자 18세이하부,개인전,토너먼트,예선경기６,김하연,201503006905,,김서진,202006000304,,3,0,A
제24회 금곡배 전국 초중고 스쿼시 선수권대회,202100075,2021-03-12,여자 18세이하부,개인전,토너먼트,준준결승경기１,이소진,201503029527,,김민주,201404001152,,3,0,A
제24회 금곡배 전국 초중고 스쿼시 선수권대회,202100075,2021-03-12,여자 18세이하부,개인전,토너먼트,준준결승경기２,서하민,201703008633,,어수빈,201503012548,,2,3,B
제24회 금곡배 전국 초중고 스쿼시 선수권대회,202100075,2021-03-12,여자 18세이하부,개인전,토너먼트,준준결승경기３,노윤진,201702011015,,김하연,201503006905,,0,3,B
제24회 금곡배 전국 초중고 스쿼시 선수권대회,202100075,2021-03-12,여자 18세이하부,개인전,토너먼트,준준결승경기４,전아인,201203004577,,김다미,201107004502,,1,3,B
제24회 금곡배 전국 초중고 스쿼시 선수권대회,202100075,2021-03-12,여자 18세이하부,개인전,토너먼트,준결승경기１,이소진,201503029527,,어수빈,201503012548,,3,0,A
제24회 금곡배 전국 초중고 스쿼시 선수권대회,202100075,2021-03-12,여자 18세이하부,개인전,토너먼트,준결승경기２,김하연,201503006905,,김다미,201107004502,,0,3,B
제24회 금곡배 전국 초중고 스쿼시 선수권대회,202100075,2021-03-12,여자 18세이하부,개인전,토너먼트,결승,이소진,201503029527,,김다미,201107004502,,3,2,A
제24회 금곡배 전국 초중고 스쿼시 선수권대회,202100075,2021-03-12,GU11 P,개인전,토너먼트,예선경기２,이동화,202007000243,,전서율,201905001623,,1,3,B
제24회 금곡배 전국 초중고 스쿼시 선수권대회,202100075,2021-03-12,GU11 P,개인전,토너먼트,예선경기３,최규현,202006002884,,나우영,201902002440,,0,3,B
제24회 금곡배 전국 초중고 스쿼시 선수권대회,202100075,2021-03-12,GU11 P,개인전,토너먼트,준결승경기１,김서준,201904001822,,전서율,201905001623,,1,3,B
제24회 금곡배 전국 초중고 스쿼시 선수권대회,202100075,2021-03-12,GU11 P,개인전,토너먼트,준결승경기２,나우영,201902002440,,김민기,202006003212,,0,3,B
제24회 금곡배 전국 초중고 스쿼시 선수권대회,202100075,2021-03-12,GU11 P,개인전,토너먼트,결승,전서율,201905001623,,김민기,202006003212,,3,0,A
제24회 금곡배 전국 초중고 스쿼시 선수권대회,202100075,2021-03-12,GU13 P,개인전,토너먼트,예선경기１,나주영,201602006877,,김준호,202004000367,,3,0,A
제24회 금곡배 전국 초중고 스쿼시 선수권대회,202100075,2021-03-12,GU13 P,개인전,토너먼트,예선경기２,박민기,202006000140,,오서진,201605004663,,0,3,B
제24회 금곡배 전국 초중고 스쿼시 선수권대회,202100075,2021-03-12,GU13 P,개인전,토너먼트,예선경기３,송나율,201904000357,,이동욱,202007000237,,1,3,B
제24회 금곡배 전국 초중고 스쿼시 선수권대회,202100075,2021-03-12,GU13 P,개인전,토너먼트,예선경기４,Nam Nathaniel Kyungshik,202006001376,,류정욱,201603018160,,0,3,B
제24회 금곡배 전국 초중고 스쿼시 선수권대회,202100075,2021-03-12,GU13 P,개인전,토너먼트,준결승경기１,나주영,201602006877,,오서진,201605004663,,3,1,A
제24회 금곡배 전국 초중고 스쿼시 선수권대회,202100075,2021-03-12,GU13 P,개인전,토너먼트,준결승경기２,이동욱,202007000237,,류정욱,201603018160,,0,3,B
제24회 금곡배 전국 초중고 스쿼시 선수권대회,202100075,2021-03-12,GU13 P,개인전,토너먼트,결승,나주영,201602006877,,류정욱,201603018160,,3,0,A
제24회 금곡배 전국 초중고 스쿼시 선수권대회,202100075,2021-03-12,GU13 CP,개인전,토너먼트,예선경기３,임채영,202003007957,,김도은,202006003279,,0,3,B
제24회 금곡배 전국 초중고 스쿼시 선수권대회,202100075,2021-03-12,GU13 CP,개인전,토너먼트,준결승경기１,박지은,202002004079,,문하람,202002004153,,3,0,A
제24회 금곡배 전국 초중고 스쿼시 선수권대회,202100075,2021-03-12,GU13 CP,개인전,토너먼트,준결승경기２,김도은,202006003279,,이해인,202002004113,,3,0,A
제24회 금곡배 전국 초중고 스쿼시 선수권대회,202100075,2021-03-12,GU13 CP,개인전,토너먼트,결승,박지은,202002004079,,김도은,202006003279,,3,2,A
제24회 금곡배 전국 초중고 스쿼시 선수권대회,202100075,2021-03-12,GU16 P,개인전,토너먼트,예선경기３,이나윤,202002003973,,박솔민,202002002489,,0,3,B
제24회 금곡배 전국 초중고 스쿼시 선수권대회,202100075,2021-03-12,GU16 P,개인전,토너먼트,준결승경기１,김태연,201605003414,,엄준,201804000231,,0,3,B
제24회 금곡배 전국 초중고 스쿼시 선수권대회,202100075,2021-03-12,GU16 P,개인전,토너먼트,준결승경기２,박솔민,202002002489,,조아연,201903004040,,1,3,B
제24회 금곡배 전국 초중고 스쿼시 선수권대회,202100075,2021-03-12,GU16 P,개인전,토너먼트,결승,엄준,201804000231,,조아연,201903004040,,1,3,B
제17회 대한체육회장배 전국 스쿼시 선수권대회,202105818,2021-04-01,남자 12세이하부,개인전,토너먼트,예선경기２,이강인,201808001789,,이동규,201606000580,,3,2,A
제17회 대한체육회장배 전국 스쿼시 선수권대회,202105818,2021-04-01,남자 12세이하부,개인전,토너먼트,예선경기３,손현승,201907003063,,서무진,201505003630,,0,3,B
제17회 대한체육회장배 전국 스쿼시 선수권대회,202105818,2021-04-01,남자 12세이하부,개인전,토너먼트,예선경기４,박동주,202012002803,,XU YUANLONG,201703015442,,0,3,B
제17회 대한체육회장배 전국 스쿼시 선수권대회,202105818,2021-04-01,남자 12세이하부,개인전,토너먼트,예선경기５,최호진,201306001130,,최유성,202002001643,,3,0,A
제17회 대한체육회장배 전국 스쿼시 선수권대회,202105818,2021-04-01,남자 12세이하부,개인전,토너먼트,예선경기６,박민준,201902005286,,김병관,201708000163,,1,3,B
제17회 대한체육회장배 전국 스쿼시 선수권대회,202105818,2021-04-01,남자 12세이하부,개인전,토너먼트,예선경기７,손우주,201902004585,,정태경,201606000617,,0,3,B
제17회 대한체육회장배 전국 스쿼시 선수권대회,202105818,2021-04-01,남자 12세이하부,개인전,토너먼트,준준결승경기１,이라온,201602011151,,이강인,201808001789,,0,3,B
제17회 대한체육회장배 전국 스쿼시 선수권대회,202105818,2021-04-01,남자 12세이하부,개인전,토너먼트,준준결승경기２,서무진,201505003630,,XU YUANLONG,201703015442,,3,0,A
제17회 대한체육회장배 전국 스쿼시 선수권대회,202105818,2021-04-01,남자 12세이하부,개인전,토너먼트,준준결승경기３,최호진,201306001130,,김병관,201708000163,,3,0,A
제17회 대한체육회장배 전국 스쿼시 선수권대회,202105818,2021-04-01,남자 12세이하부,개인전,토너먼트,준준결승경기４,정태경,201606000617,,김건,201503006845,,0,3,B
제17회 대한체육회장배 전국 스쿼시 선수권대회,202105818,2021-04-01,남자 12세이하부,개인전,토너먼트,준결승경기１,이강인,201808001789,,서무진,201505003630,,3,1,A
제17회 대한체육회장배 전국 스쿼시 선수권대회,202105818,2021-04-01,남자 12세이하부,개인전,토너먼트,준결승경기２,최호진,201306001130,,김건,201503006845,,3,1,A
제17회 대한체육회장배 전국 스쿼시 선수권대회,202105818,2021-04-01,남자 12세이하부,개인전,토너먼트,결승,이강인,201808001789,,최호진,201306001130,,0,3,B
제17회 대한체육회장배 전국 스쿼시 선수권대회,202105818,2021-04-01,남자 12세이하부,단체전,토너먼트,예선경기１,동일미래과학고등학교,,,김해생명과학고등학교,,,2,1,A
제17회 대한체육회장배 전국 스쿼시 선수권대회,202105818,2021-04-01,남자 12세이하부,단체전,토너먼트,예선경기２,인천 대건고등학교,,,백영고등학교,,,2,1,A
제17회 대한체육회장배 전국 스쿼시 선수권대회,202105818,2021-04-01,남자 12세이하부,단체전,토너먼트,결승,동일미래과학고등학교,,,인천 대건고등학교,,,3,0,A
제17회 대한체육회장배 전국 스쿼시 선수권대회,202105818,2021-04-01,남자 12세이하부,복식,토너먼트,예선경기１,"남기태, 전유민",,,"최유성, 이동규",,,0,0,B
제17회 대한체육회장배 전국 스쿼시 선수권대회,202105818,2021-04-01,남자 12세이하부,복식,토너먼트,예선경기２,"박경민, 박지훈",,,"이강인, 김건",,,2,1,A
제17회 대한체육회장배 전국 스쿼시 선수권대회,202105818,2021-04-01,남자 12세이하부,복식,토너먼트,결승,"최유성, 이동규",,,"박경민, 박지훈",,,0,2,B
제17회 대한체육회장배 전국 스쿼시 선수권대회,202105818,2021-04-01,여자 15세이하부,개인전,토너먼트,예선경기２,최동진,201104003470,,이지석,201703004879,,3,0,A
제17회 대한체육회장배 전국 스쿼시 선수권대회,202105818,2021-04-01,여자 15세이하부,개인전,토너먼트,예선경기３,이민규,201606000586,,지동현,201507002321,,1,3,B
제17회 대한체육회장배 전국 스쿼시 선수권대회,202105818,2021-04-01,여자 15세이하부,개인전,토너먼트,예선경기４,김사무엘,201505001195,,김예일,201303019475,,3,1,A
제17회 대한체육회장배 전국 스쿼시 선수권대회,202105818,2021-04-01,여자 15세이하부,개인전,토너먼트,예선경기５,유호제,201405000567,,이현욱,201203014577,,1,3,B
제17회 대한체육회장배 전국 스쿼시 선수권대회,202105818,2021-04-01,여자 15세이하부,개인전,토너먼트,예선경기６,이용정,201202011412,,유민석,201708001690,,3,0,A
제17회 대한체육회장배 전국 스쿼시 선수권대회,202105818,2021-04-01,여자 15세이하부,개인전,토너먼트,예선경기７,김석진,201203009405,,박승민,201702006829,,1,3,B
제17회 대한체육회장배 전국 스쿼시 선수권대회,202105818,2021-04-01,여자 15세이하부,개인전,토너먼트,예선경기８,박정식,201103008064,,임재현,201402001427,,3,1,A
제17회 대한체육회장배 전국 스쿼시 선수권대회,202105818,2021-04-01,여자 15세이하부,개인전,토너먼트,준준결승경기１,김승현,201403012359,,최동진,201104003470,,3,2,A
제17회 대한체육회장배 전국 스쿼시 선수권대회,202105818,2021-04-01,여자 15세이하부,개인전,토너먼트,준준결승경기２,지동현,201507002321,,김사무엘,201505001195,,3,2,A
제17회 대한체육회장배 전국 스쿼시 선수권대회,202105818,2021-04-01,여자 15세이하부,개인전,토너먼트,준준결승경기３,이현욱,201203014577,,이용정,201202011412,,1,3,B
제17회 대한체육회장배 전국 스쿼시 선수권대회,202105818,2021-04-01,여자 15세이하부,개인전,토너먼트,준준결승경기４,박승민,201702006829,,박정식,201103008064,,2,3,B
제17회 대한체육회장배 전국 스쿼시 선수권대회,202105818,2021-04-01,여자 15세이하부,개인전,토너먼트,준결승경기１,김승현,201403012359,,지동현,201507002321,,0,3,B
제17회 대한체육회장배 전국 스쿼시 선수권대회,202105818,2021-04-01,여자 15세이하부,개인전,토너먼트,준결승경기２,이용정,201202011412,,박정식,201103008064,,0,3,B
제17회 대한체육회장배 전국 스쿼시 선수권대회,202105818,2021-04-01,여자 15세이하부,개인전,토너먼트,결승,지동현,201507002321,,박정식,201103008064,,3,2,A
제17회 대한체육회장배 전국 스쿼시 선수권대회,202105818,2021-04-01,여자 15세이하부,복식,토너먼트,예선경기１,"이현욱, 김석진",,,"최동진, 임재현",,,2,0,A
제17회 대한체육회장배 전국 스쿼시 선수권대회,202105818,2021-04-01,여자 15세이하부,복식,토너먼트,예선경기２,"김승현, 이용정",,,"유민석, 김사무엘",,,2,0,A
제17회 대한체육회장배 전국 스쿼시 선수권대회,202105818,2021-04-01,여자 15세이하부,복식,토너먼트,결승,"이현욱, 김석진",,,"김승현, 이용정",,,1,2,B
제17회 대한체육회장배 전국 스쿼시 선수권대회,202105818,2021-04-01,남자 15세이하부,개인전,토너먼트,예선경기１,이세현,200504008934,,김성태,202002002505,,3,0,A
제17회 대한체육회장배 전국 스쿼시 선수권대회,202105818,2021-04-01,남자 15세이하부,개인전,토너먼트,예선경기２,유덕재,201104000837,,유용민,200312009768,,1,3,B
제17회 대한체육회장배 전국 스쿼시 선수권대회,202105818,2021-04-01,남자 15세이하부,개인전,토너먼트,예선경기３,이동민,201302010757,,정대훈,200504009468,,3,2,A
제17회 대한체육회장배 전국 스쿼시 선수권대회,202105818,2021-04-01,남자 15세이하부,개인전,토너먼트,예선경기４,이건동,200312007919,,허대길,201901003150,,3,1,A
제17회 대한체육회장배 전국 스쿼시 선수권대회,202105818,2021-04-01,남자 15세이하부,개인전,토너먼트,예선경기５,강우석,201302005902,,오성학,201103013572,,1,3,B
제17회 대한체육회장배 전국 스쿼시 선수권대회,202105818,2021-04-01,남자 15세이하부,개인전,토너먼트,예선경기６,김현동,200312010625,,강현범,201302006321,,1,3,B
제17회 대한체육회장배 전국 스쿼시 선수권대회,202105818,2021-04-01,남자 15세이하부,개인전,토너먼트,예선경기７,이민우,201407000924,,이승택,200505000724,,3,1,A
제17회 대한체육회장배 전국 스쿼시 선수권대회,202105818,2021-04-01,남자 15세이하부,개인전,토너먼트,예선경기８,이승준,201501002083,,진승우,200312004753,,3,0,A
제17회 대한체육회장배 전국 스쿼시 선수권대회,202105818,2021-04-01,남자 15세이하부,개인전,토너먼트,예선경기９,이상훈,200809000849,,우창욱,200505000725,,3,0,A
제17회 대한체육회장배 전국 스쿼시 선수권대회,202105818,2021-04-01,남자 15세이하부,개인전,토너먼트,예선경기１０,류정민,201505003438,,황중찬,200706002344,,3,1,A
제17회 대한체육회장배 전국 스쿼시 선수권대회,202105818,2021-04-01,남자 15세이하부,개인전,토너먼트,예선경기１１,최동훈,201203006799,,유재진,200504008874,,0,3,B
제17회 대한체육회장배 전국 스쿼시 선수권대회,202105818,2021-04-01,남자 15세이하부,개인전,토너먼트,예선경기１２,조영훈,200905003169,,Nam Zacharias Hong Shik,201804002451,,3,2,A
제17회 대한체육회장배 전국 스쿼시 선수권대회,202105818,2021-04-01,남자 15세이하부,개인전,토너먼트,예선경기１３,김창하,201602010896,,오민재,200805001140,,0,3,B
제17회 대한체육회장배 전국 스쿼시 선수권대회,202105818,2021-04-01,남자 15세이하부,개인전,토너먼트,예선경기１４,김성영,200402011049,,이년호,200312006064,,1,3,B
제17회 대한체육회장배 전국 스쿼시 선수권대회,202105818,2021-04-01,남자 15세이하부,개인전,토너먼트,예선경기１５,탁형진,201012000985,,임인규,981827000114,,3,0,A
제17회 대한체육회장배 전국 스쿼시 선수권대회,202105818,2021-04-01,남자 15세이하부,개인전,토너먼트,예선경기１６,신승용,201202009071,,박종명,200803023360,,1,3,B
제17회 대한체육회장배 전국 스쿼시 선수권대회,202105818,2021-04-01,남자 15세이하부,개인전,토너먼트,준준준결승경기１,이세현,200504008934,,유용민,200312009768,,3,0,A
제17회 대한체육회장배 전국 스쿼시 선수권대회,202105818,2021-04-01,남자 15세이하부,개인전,토너먼트,준준준결승경기２,이동민,201302010757,,이건동,200312007919,,3,0,A
제17회 대한체육회장배 전국 스쿼시 선수권대회,202105818,2021-04-01,남자 15세이하부,개인전,토너먼트,준준준결승경기３,오성학,201103013572,,강현범,201302006321,,0,3,B
제17회 대한체육회장배 전국 스쿼시 선수권대회,202105818,2021-04-01,남자 15세이하부,개인전,토너먼트,준준준결승경기４,이민우,201407000924,,이승준,201501002083,,3,0,A
제17회 대한체육회장배 전국 스쿼시 선수권대회,202105818,2021-04-01,남자 15세이하부,개인전,토너먼트,준준준결승경기５,이상훈,200809000849,,류정민,201505003438,,1,3,B
제17회 대한체육회장배 전국 스쿼시 선수권대회,202105818,2021-04-01,남자 15세이하부,개인전,토너먼트,준준준결승경기６,유재진,200504008874,,조영훈,200905003169,,3,1,A
제17회 대한체육회장배 전국 스쿼시 선수권대회,202105818,2021-04-01,남자 15세이하부,개인전,토너먼트,준준준결승경기７,오민재,200805001140,,이년호,200312006064,,3,2,A
제17회 대한체육회장배 전국 스쿼시 선수권대회,202105818,2021-04-01,남자 15세이하부,개인전,토너먼트,준준준결승경기８,탁형진,201012000985,,박종명,200803023360,,0,3,B
제17회 대한체육회장배 전국 스쿼시 선수권대회,202105818,2021-04-01,남자 15세이하부,개인전,토너먼트,준준결승경기１,이세현,200504008934,,이동민,201302010757,,3,0,A
제17회 대한체육회장배 전국 스쿼시 선수권대회,202105818,2021-04-01,남자 15세이하부,개인전,토너먼트,준준결승경기２,강현범,201302006321,,이민우,201407000924,,1,3,B
제17회 대한체육회장배 전국 스쿼시 선수권대회,202105818,2021-04-01,남자 15세이하부,개인전,토너먼트,준준결승경기３,류정민,201505003438,,유재진,200504008874,,1,3,B
제17회 대한체육회장배 전국 스쿼시 선수권대회,202105818,2021-04-01,남자 15세이하부,개인전,토너먼트,준준결승경기４,오민재,200805001140,,박종명,200803023360,,0,3,B
제17회 대한체육회장배 전국 스쿼시 선수권대회,202105818,2021-04-01,남자 15세이하부,개인전,토너먼트,준결승경기１,이세현,200504008934,,이민우,201407000924,,3,2,A
제17회 대한체육회장배 전국 스쿼시 선수권대회,202105818,2021-04-01,남자 15세이하부,개인전,토너먼트,준결승경기２,유재진,200504008874,,박종명,200803023360,,3,2,A
제17회 대한체육회장배 전국 스쿼시 선수권대회,202105818,2021-04-01,남자 15세이하부,개인전,토너먼트,결승,이세현,200504008934,,유재진,200504008874,,2,3,B
제17회 대한체육회장배 전국 스쿼시 선수권대회,202105818,2021-04-01,여자 18세이하부,개인전,토너먼트,예선경기３,김서진,202006000304,,김하연,201503006905,,0,3,B
제17회 대한체육회장배 전국 스쿼시 선수권대회,202105818,2021-04-01,여자 18세이하부,개인전,토너먼트,준준결승경기１,김다미,201107004502,,전아인,201203004577,,3,1,A
제17회 대한체육회장배 전국 스쿼시 선수권대회,202105818,2021-04-01,여자 18세이하부,개인전,토너먼트,준준결승경기２,김하연,201503006905,,어수빈,201503012548,,1,3,B
제17회 대한체육회장배 전국 스쿼시 선수권대회,202105818,2021-04-01,여자 18세이하부,개인전,토너먼트,준준결승경기３,노윤진,201702011015,,서하민,201703008633,,0,3,B
제17회 대한체육회장배 전국 스쿼시 선수권대회,202105818,2021-04-01,여자 18세이하부,개인전,토너먼트,준준결승경기４,이소진,201503029527,,김민주,201404001152,,3,1,A
제17회 대한체육회장배 전국 스쿼시 선수권대회,202105818,2021-04-01,여자 18세이하부,개인전,토너먼트,준결승경기１,김다미,201107004502,,어수빈,201503012548,,3,0,A
제17회 대한체육회장배 전국 스쿼시 선수권대회,202105818,2021-04-01,여자 18세이하부,개인전,토너먼트,준결승경기２,서하민,201703008633,,이소진,201503029527,,0,3,B
제17회 대한체육회장배 전국 스쿼시 선수권대회,202105818,2021-04-01,여자 18세이하부,개인전,토너먼트,결승,김다미,201107004502,,이소진,201503029527,,3,0,A
제17회 대한체육회장배 전국 스쿼시 선수권대회,202105818,2021-04-01,남자 18세이하부,개인전,토너먼트,예선경기３,이승연,201405001347,,김현지,201903003718,,3,0,A
제17회 대한체육회장배 전국 스쿼시 선수권대회,202105818,2021-04-01,남자 18세이하부,개인전,토너먼트,예선경기６,장예원,201601000670,,조강빈,201606003147,,3,2,A
제17회 대한체육회장배 전국 스쿼시 선수권대회,202105818,2021-04-01,남자 18세이하부,개인전,토너먼트,준준결승경기１,송동주,201205000983,,김민희,201402004905,,3,0,A
제17회 대한체육회장배 전국 스쿼시 선수권대회,202105818,2021-04-01,남자 18세이하부,개인전,토너먼트,준준결승경기２,이승연,201405001347,,곽다연,201302006626,,3,0,A
제17회 대한체육회장배 전국 스쿼시 선수권대회,202105818,2021-04-01,남자 18세이하부,개인전,토너먼트,준준결승경기３,송채원,200903026922,,장예원,201601000670,,3,0,A
제17회 대한체육회장배 전국 스쿼시 선수권대회,202105818,2021-04-01,남자 18세이하부,개인전,토너먼트,준준결승경기４,신유진,201602007698,,오승희,201209002253,,0,3,B
제17회 대한체육회장배 전국 스쿼시 선수권대회,202105818,2021-04-01,남자 18세이하부,개인전,토너먼트,준결승경기１,송동주,201205000983,,이승연,201405001347,,3,0,A
제17회 대한체육회장배 전국 스쿼시 선수권대회,202105818,2021-04-01,남자 18세이하부,개인전,토너먼트,준결승경기２,송채원,200903026922,,오승희,201209002253,,2,3,B
제17회 대한체육회장배 전국 스쿼시 선수권대회,202105818,2021-04-01,남자 18세이하부,개인전,토너먼트,결승,송동주,201205000983,,오승희,201209002253,,1,3,B
제17회 대한체육회장배 전국 스쿼시 선수권대회,202105818,2021-04-01,남자 18세이하부,복식,리그전,1R / A조,"곽다연, 신유진",,,"이승연, 장예원",,,0,2,B
제17회 대한체육회장배 전국 스쿼시 선수권대회,202105818,2021-04-01,남자 18세이하부,복식,리그전,1R / A조,"송채원, 송동주",,,"이승연, 장예원",,,2,1,A
제17회 대한체육회장배 전국 스쿼시 선수권대회,202105818,2021-04-01,남자 18세이하부,복식,리그전,1R / A조,"송채원, 송동주",,,"곽다연, 신유진",,,0,0,A
제17회 대한체육회장배 전국 스쿼시 선수권대회,202105818,2021-04-01,여자 대학부,개인전,토너먼트,예선경기２,배찬미,200506004011,,서효주,201402001683,,2,3,B
제17회 대한체육회장배 전국 스쿼시 선수권대회,202105818,2021-04-01,여자 대학부,개인전,토너먼트,예선경기３,이자연,202003003272,,박다영,201005000963,,0,3,B
제17회 대한체육회장배 전국 스쿼시 선수권대회,202105818,2021-04-01,여자 대학부,개인전,토너먼트,예선경기６,김다정,200506003985,,박상은,201404002146,,3,2,A
제17회 대한체육회장배 전국 스쿼시 선수권대회,202105818,2021-04-01,여자 대학부,개인전,토너먼트,예선경기７,박진주,200505000920,,김가람,200505000922,,3,2,A
제17회 대한체육회장배 전국 스쿼시 선수권대회,202105818,2021-04-01,여자 대학부,개인전,토너먼트,예선경기１０,이해경,200402015564,,최유라,200703026440,,0,3,B
제17회 대한체육회장배 전국 스쿼시 선수권대회,202105818,2021-04-01,여자 대학부,개인전,토너먼트,예선경기１１,조경은,981827000131,,문혜연,201203009845,,0,3,B
제17회 대한체육회장배 전국 스쿼시 선수권대회,202105818,2021-04-01,여자 대학부,개인전,토너먼트,예선경기１２,김가혜,200312004260,,박미림,200312007885,,2,3,B
제17회 대한체육회장배 전국 스쿼시 선수권대회,202105818,2021-04-01,여자 대학부,개인전,토너먼트,예선경기１４,허민경,201103015212,,이보라,200312015404,,3,0,A
제17회 대한체육회장배 전국 스쿼시 선수권대회,202105818,2021-04-01,여자 대학부,개인전,토너먼트,예선경기１５,박은옥,200312004918,,김하은,201302005893,,3,0,A
제17회 대한체육회장배 전국 스쿼시 선수권대회,202105818,2021-04-01,여자 대학부,개인전,토너먼트,준준준결승경기１,양연수,200409006651,,서효주,201402001683,,3,1,A
제17회 대한체육회장배 전국 스쿼시 선수권대회,202105818,2021-04-01,여자 대학부,개인전,토너먼트,준준준결승경기２,박다영,201005000963,,류보람,201503023001,,3,1,A
제17회 대한체육회장배 전국 스쿼시 선수권대회,202105818,2021-04-01,여자 대학부,개인전,토너먼트,준준준결승경기３,김미진,201503004586,,김다정,200506003985,,0,0,B
제17회 대한체육회장배 전국 스쿼시 선수권대회,202105818,2021-04-01,여자 대학부,개인전,토너먼트,준준준결승경기４,박진주,200505000920,,엄화영,201002007702,,1,3,B
제17회 대한체육회장배 전국 스쿼시 선수권대회,202105818,2021-04-01,여자 대학부,개인전,토너먼트,준준준결승경기５,이지현,200504008455,,최유라,200703026440,,0,0,A
제17회 대한체육회장배 전국 스쿼시 선수권대회,202105818,2021-04-01,여자 대학부,개인전,토너먼트,준준준결승경기６,문혜연,201203009845,,박미림,200312007885,,2,3,B
제17회 대한체육회장배 전국 스쿼시 선수권대회,202105818,2021-04-01,여자 대학부,개인전,토너먼트,준준준결승경기７,이가희,201602000993,,허민경,201103015212,,1,3,B
제17회 대한체육회장배 전국 스쿼시 선수권대회,202105818,2021-04-01,여자 대학부,개인전,토너먼트,준준준결승경기８,박은옥,200312004918,,안은찬,200312014298,,3,2,A
제17회 대한체육회장배 전국 스쿼시 선수권대회,202105818,2021-04-01,여자 대학부,개인전,토너먼트,준준결승경기１,양연수,200409006651,,박다영,201005000963,,3,0,A
제17회 대한체육회장배 전국 스쿼시 선수권대회,202105818,2021-04-01,여자 대학부,개인전,토너먼트,준준결승경기２,김다정,200506003985,,엄화영,201002007702,,0,3,B
제17회 대한체육회장배 전국 스쿼시 선수권대회,202105818,2021-04-01,여자 대학부,개인전,토너먼트,준준결승경기３,이지현,200504008455,,박미림,200312007885,,3,0,A
제17회 대한체육회장배 전국 스쿼시 선수권대회,202105818,2021-04-01,여자 대학부,개인전,토너먼트,준준결승경기４,허민경,201103015212,,박은옥,200312004918,,3,2,A
제17회 대한체육회장배 전국 스쿼시 선수권대회,202105818,2021-04-01,여자 대학부,개인전,토너먼트,준결승경기１,양연수,200409006651,,엄화영,201002007702,,3,0,A
제17회 대한체육회장배 전국 스쿼시 선수권대회,202105818,2021-04-01,여자 대학부,개인전,토너먼트,준결승경기２,이지현,200504008455,,허민경,201103015212,,3,1,A
제17회 대한체육회장배 전국 스쿼시 선수권대회,202105818,2021-04-01,여자 대학부,개인전,토너먼트,결승,양연수,200409006651,,이지현,200504008455,,3,1,A
제17회 대한체육회장배 전국 스쿼시 선수권대회,202105818,2021-04-01,GU11 P,개인전,토너먼트,예선경기２,최규현,202006002884,,이동화,202007000243,,0,3,B
제17회 대한체육회장배 전국 스쿼시 선수권대회,202105818,2021-04-01,GU11 P,개인전,토너먼트,예선경기３,나우영,201902002440,,김서준,201904001822,,0,3,B
제17회 대한체육회장배 전국 스쿼시 선수권대회,202105818,2021-04-01,GU11 P,개인전,토너먼트,예선경기４,최현욱,202103005535,,김민기,202006003212,,0,3,B
제17회 대한체육회장배 전국 스쿼시 선수권대회,202105818,2021-04-01,GU11 P,개인전,토너먼트,준결승경기１,전서율,201905001623,,이동화,202007000243,,2,3,B
제17회 대한체육회장배 전국 스쿼시 선수권대회,202105818,2021-04-01,GU11 P,개인전,토너먼트,준결승경기２,김서준,201904001822,,김민기,202006003212,,1,3,B
제17회 대한체육회장배 전국 스쿼시 선수권대회,202105818,2021-04-01,GU11 P,개인전,토너먼트,결승,이동화,202007000243,,김민기,202006003212,,3,2,A
제17회 대한체육회장배 전국 스쿼시 선수권대회,202105818,2021-04-01,GU13 P,개인전,토너먼트,예선경기３,Nam Nathaniel Kyungshik,202006001376,,송나율,201904000357,,3,0,A
제17회 대한체육회장배 전국 스쿼시 선수권대회,202105818,2021-04-01,GU13 P,개인전,토너먼트,예선경기６,정광민,202103008002,,이건후,202103007938,,3,0,A
제17회 대한체육회장배 전국 스쿼시 선수권대회,202105818,2021-04-01,GU13 P,개인전,토너먼트,준준결승경기１,나주영,201602006877,,박민기,202006000140,,3,0,A
제17회 대한체육회장배 전국 스쿼시 선수권대회,202105818,2021-04-01,GU13 P,개인전,토너먼트,준준결승경기２,Nam Nathaniel Kyungshik,202006001376,,김준호,202004000367,,3,2,A
제17회 대한체육회장배 전국 스쿼시 선수권대회,202105818,2021-04-01,GU13 P,개인전,토너먼트,준준결승경기３,이동욱,202007000237,,정광민,202103008002,,3,0,A
제17회 대한체육회장배 전국 스쿼시 선수권대회,202105818,2021-04-01,GU13 P,개인전,토너먼트,준준결승경기４,류정욱,201603018160,,오서진,201605004663,,0,3,B
제17회 대한체육회장배 전국 스쿼시 선수권대회,202105818,2021-04-01,GU13 P,개인전,토너먼트,준결승경기１,나주영,201602006877,,Nam Nathaniel Kyungshik,202006001376,,3,0,A
제17회 대한체육회장배 전국 스쿼시 선수권대회,202105818,2021-04-01,GU13 P,개인전,토너먼트,준결승경기２,이동욱,202007000237,,오서진,201605004663,,0,3,B
제17회 대한체육회장배 전국 스쿼시 선수권대회,202105818,2021-04-01,GU13 P,개인전,토너먼트,결승,나주영,201602006877,,오서진,201605004663,,3,0,A
제17회 대한체육회장배 전국 스쿼시 선수권대회,202105818,2021-04-01,GU13 CP,개인전,토너먼트,예선경기１,박지은,202002004079,,문하람,202002004153,,3,0,A
제17회 대한체육회장배 전국 스쿼시 선수권대회,202105818,2021-04-01,GU13 CP,개인전,토너먼트,예선경기２,김도은,202006003279,,이해인,202002004113,,3,0,A
제17회 대한체육회장배 전국 스쿼시 선수권대회,202105818,2021-04-01,GU13 CP,개인전,토너먼트,결승,박지은,202002004079,,김도은,202006003279,,3,1,A
제17회 대한체육회장배 전국 스쿼시 선수권대회,202105818,2021-04-01,GU16 P,개인전,리그전,1R / A조,박솔민,202002002489,,조아연,201903004040,,2,3,B
제17회 대한체육회장배 전국 스쿼시 선수권대회,202105818,2021-04-01,GU16 P,개인전,리그전,1R / A조,김태연,201605003414,,조아연,201903004040,,0,3,B
제17회 대한체육회장배 전국 스쿼시 선수권대회,202105818,2021-04-01,GU16 P,개인전,리그전,1R / A조,김태연,201605003414,,박솔민,202002002489,,0,3,B
제14회 하계 전국 중·고 스쿼시 선수권대회,202106280,2021-08-21,남자 12세이하부,개인전,토너먼트,예선경기１,박민준,201902005286,,손현승,201907003063,,3,1,A
제14회 하계 전국 중·고 스쿼시 선수권대회,202106280,2021-08-21,남자 12세이하부,개인전,토너먼트,예선경기２,XU YUANLONG,201703015442,,박동주,202012002803,,3,0,A
제14회 하계 전국 중·고 스쿼시 선수권대회,202106280,2021-08-21,남자 12세이하부,개인전,토너먼트,결승,박민준,201902005286,,XU YUANLONG,201703015442,,3,0,A
제14회 하계 전국 중·고 스쿼시 선수권대회,202106280,2021-08-21,여자 18세이하부,개인전,토너먼트,예선경기１,김서진,202006000304,,박소연,202106001943,,3,1,A
제14회 하계 전국 중·고 스쿼시 선수권대회,202106280,2021-08-21,여자 18세이하부,개인전,토너먼트,예선경기２,구나현,201204003029,,조예림,202006001243,,0,3,B
제14회 하계 전국 중·고 스쿼시 선수권대회,202106280,2021-08-21,여자 18세이하부,개인전,토너먼트,결승,김서진,202006000304,,조예림,202006001243,,3,0,A
제14회 하계 전국 중·고 스쿼시 선수권대회,202106280,2021-08-21,GU13 P,개인전,토너먼트,예선경기２,이동욱,202007000237,,이용욱,982127000004,,3,1,A
제14회 하계 전국 중·고 스쿼시 선수권대회,202106280,2021-08-21,GU13 P,개인전,토너먼트,예선경기７,이건후,202103007938,,유지훈,982127000028,,3,0,A
제14회 하계 전국 중·고 스쿼시 선수권대회,202106280,2021-08-21,GU13 P,개인전,토너먼트,준준결승경기１,류정욱,201603018160,,이동욱,202007000237,,3,0,A
제14회 하계 전국 중·고 스쿼시 선수권대회,202106280,2021-08-21,GU13 P,개인전,토너먼트,준준결승경기２,박민기,202006000140,,이건우,202104003303,,3,0,A
제14회 하계 전국 중·고 스쿼시 선수권대회,202106280,2021-08-21,GU13 P,개인전,토너먼트,준준결승경기３,이성민,202107001910,,구동현,201402010302,,3,0,A
제14회 하계 전국 중·고 스쿼시 선수권대회,202106280,2021-08-21,GU13 P,개인전,토너먼트,준준결승경기４,이건후,202103007938,,정광민,202103008002,,0,3,B
제14회 하계 전국 중·고 스쿼시 선수권대회,202106280,2021-08-21,GU13 P,개인전,토너먼트,준결승경기１,류정욱,201603018160,,박민기,202006000140,,3,0,A
제14회 하계 전국 중·고 스쿼시 선수권대회,202106280,2021-08-21,GU13 P,개인전,토너먼트,준결승경기２,이성민,202107001910,,정광민,202103008002,,0,3,B
제14회 하계 전국 중·고 스쿼시 선수권대회,202106280,2021-08-21,GU13 P,개인전,토너먼트,결승,류정욱,201603018160,,정광민,202103008002,,3,0,A
제14회 하계 전국 중·고 스쿼시 선수권대회,202106280,2021-08-21,GU16 P,개인전,리그전,1R / A조,김태연,201605003414,,박솔민,202002002489,,0,3,B
제14회 하계 전국 중·고 스쿼시 선수권대회,202106280,2021-08-21,GU16 P,개인전,리그전,1R / A조,조아연,201903004040,,박솔민,202002002489,,0,0,
제14회 하계 전국 중·고 스쿼시 선수권대회,202106280,2021-08-21,GU16 P,개인전,리그전,1R / A조,조아연,201903004040,,김태연,201605003414,,3,0,A
제6회 광주시장배 전국 실업스쿼시 선수권대회,202207456,2022-06-21,GU11,개인전,토너먼트,예선경기２,유승용,200907002704,,강우석,201302005902,,2,1,A
제6회 광주시장배 전국 실업스쿼시 선수권대회,202207456,2022-06-21,GU11,개인전,토너먼트,예선경기３,김사무엘,201505001195,,탁형진,201012000985,,0,2,B
제6회 광주시장배 전국 실업스쿼시 선수권대회,202207456,2022-06-21,GU11,개인전,토너먼트,예선경기６,강현범,201302006321,,이용정,201202011412,,2,0,A
제6회 광주시장배 전국 실업스쿼시 선수권대회,202207456,2022-06-21,GU11,개인전,토너먼트,예선경기７,이세현,200504008934,,박종명,200803023360,,2,0,A
제6회 광주시장배 전국 실업스쿼시 선수권대회,202207456,2022-06-21,GU11,개인전,토너먼트,예선경기１０,류한동,200903026007,,이민우,201407000924,,0,2,B
제6회 광주시장배 전국 실업스쿼시 선수권대회,202207456,2022-06-21,GU11,개인전,토너먼트,예선경기１１,고영조,200506001863,,유재진,200504008874,,2,0,A
제6회 광주시장배 전국 실업스쿼시 선수권대회,202207456,2022-06-21,GU11,개인전,토너먼트,예선경기１４,이건동,200312007919,,박민준,201902005286,,2,0,A
제6회 광주시장배 전국 실업스쿼시 선수권대회,202207456,2022-06-21,GU11,개인전,토너먼트,예선경기１５,조영훈,200905003169,,박정식,201103008064,,2,0,A
제6회 광주시장배 전국 실업스쿼시 선수권대회,202207456,2022-06-21,GU11,개인전,토너먼트,준준준결승경기１,문병준,201205001262,,유승용,200907002704,,0,2,B
제6회 광주시장배 전국 실업스쿼시 선수권대회,202207456,2022-06-21,GU11,개인전,토너먼트,준준준결승경기２,탁형진,201012000985,,이승택,200505000724,,0,2,B
제6회 광주시장배 전국 실업스쿼시 선수권대회,202207456,2022-06-21,GU11,개인전,토너먼트,준준준결승경기３,오성학,201103013572,,강현범,201302006321,,1,2,B
제6회 광주시장배 전국 실업스쿼시 선수권대회,202207456,2022-06-21,GU11,개인전,토너먼트,준준준결승경기４,이세현,200504008934,,정대훈,200504009468,,2,0,A
제6회 광주시장배 전국 실업스쿼시 선수권대회,202207456,2022-06-21,GU11,개인전,토너먼트,준준준결승경기５,김현동,200312010625,,이민우,201407000924,,0,2,B
제6회 광주시장배 전국 실업스쿼시 선수권대회,202207456,2022-06-21,GU11,개인전,토너먼트,준준준결승경기６,고영조,200506001863,,이동준,201302010744,,1,2,B
제6회 광주시장배 전국 실업스쿼시 선수권대회,202207456,2022-06-21,GU11,개인전,토너먼트,준준준결승경기７,유덕재,201104000837,,이건동,200312007919,,2,1,A
제6회 광주시장배 전국 실업스쿼시 선수권대회,202207456,2022-06-21,GU11,개인전,토너먼트,준준준결승경기８,조영훈,200905003169,,유승한,200312005692,,2,1,A
제6회 광주시장배 전국 실업스쿼시 선수권대회,202207456,2022-06-21,GU11,개인전,토너먼트,준준결승경기１,유승용,200907002704,,이승택,200505000724,,2,1,A
제6회 광주시장배 전국 실업스쿼시 선수권대회,202207456,2022-06-21,GU11,개인전,토너먼트,준준결승경기２,강현범,201302006321,,이세현,200504008934,,0,2,B
제6회 광주시장배 전국 실업스쿼시 선수권대회,202207456,2022-06-21,GU11,개인전,토너먼트,준준결승경기３,이민우,201407000924,,이동준,201302010744,,2,0,A
제6회 광주시장배 전국 실업스쿼시 선수권대회,202207456,2022-06-21,GU11,개인전,토너먼트,준준결승경기４,유덕재,201104000837,,조영훈,200905003169,,2,0,A
제6회 광주시장배 전국 실업스쿼시 선수권대회,202207456,2022-06-21,GU11,개인전,토너먼트,준결승경기１,유승용,200907002704,,이세현,200504008934,,0,2,B
제6회 광주시장배 전국 실업스쿼시 선수권대회,202207456,2022-06-21,GU11,개인전,토너먼트,준결승경기２,이민우,201407000924,,유덕재,201104000837,,2,0,A
제6회 광주시장배 전국 실업스쿼시 선수권대회,202207456,2022-06-21,GU11,개인전,토너먼트,결승,이세현,200504008934,,이민우,201407000924,,0,2,B
제6회 광주시장배 전국 실업스쿼시 선수권대회,202207456,2022-06-21,GU11,단체전,토너먼트,예선경기２,전라북도,,,인천광역시,,,2,1,A
제6회 광주시장배 전국 실업스쿼시 선수권대회,202207456,2022-06-21,GU11,단체전,토너먼트,예선경기３,경기도,,,충청북도,,,0,3,B
제6회 광주시장배 전국 실업스쿼시 선수권대회,202207456,2022-06-21,GU11,단체전,토너먼트,예선경기６,울산광역시,,,경상북도,,,3,0,A
제6회 광주시장배 전국 실업스쿼시 선수권대회,202207456,2022-06-21,GU11,단체전,토너먼트,예선경기７,대구광역시,,,충청남도,,,2,1,A
제6회 광주시장배 전국 실업스쿼시 선수권대회,202207456,2022-06-21,GU11,단체전,토너먼트,준준결승경기１,광주광역시,,,전라북도,,,2,0,A
제6회 광주시장배 전국 실업스쿼시 선수권대회,202207456,2022-06-21,GU11,단체전,토너먼트,준준결승경기２,충청북도,,,대전광역시,,,2,0,A
제6회 광주시장배 전국 실업스쿼시 선수권대회,202207456,2022-06-21,GU11,단체전,토너먼트,준준결승경기３,경상남도,,,울산광역시,,,2,0,A
제6회 광주시장배 전국 실업스쿼시 선수권대회,202207456,2022-06-21,GU11,단체전,토너먼트,준준결승경기４,대구광역시,,,부산광역시,,,0,2,B
제6회 광주시장배 전국 실업스쿼시 선수권대회,202207456,2022-06-21,GU11,단체전,토너먼트,준결승경기１,광주광역시,,,충청북도,,,1,2,B
제6회 광주시장배 전국 실업스쿼시 선수권대회,202207456,2022-06-21,GU11,단체전,토너먼트,준결승경기２,경상남도,,,부산광역시,,,0,2,B
제6회 광주시장배 전국 실업스쿼시 선수권대회,202207456,2022-06-21,GU11,단체전,토너먼트,결승,충청북도,,,부산광역시,,,2,1,A
제6회 광주시장배 전국 실업스쿼시 선수권대회,202207456,2022-06-21,GU13,개인전,토너먼트,예선경기３,송채원,200903026922,,엄화영,201002007702,,0,2,B
제6회 광주시장배 전국 실업스쿼시 선수권대회,202207456,2022-06-21,GU13,개인전,토너먼트,예선경기７,류보람,201503023001,,곽다연,201302006626,,2,0,A
제6회 광주시장배 전국 실업스쿼시 선수권대회,202207456,2022-06-21,GU13,개인전,토너먼트,예선경기１４,이자연,202003003272,,문혜연,201203009845,,0,2,B
제6회 광주시장배 전국 실업스쿼시 선수권대회,202207456,2022-06-21,GU13,개인전,토너먼트,예선경기１５,안은찬,200312014298,,이승연,201405001347,,2,0,A
제6회 광주시장배 전국 실업스쿼시 선수권대회,202207456,2022-06-21,GU13,개인전,토너먼트,준준준결승경기１,서효주,201402001683,,양연수,200409006651,,0,2,B
제6회 광주시장배 전국 실업스쿼시 선수권대회,202207456,2022-06-21,GU13,개인전,토너먼트,준준준결승경기２,엄화영,201002007702,,송동주,201205000983,,0,2,B
제6회 광주시장배 전국 실업스쿼시 선수권대회,202207456,2022-06-21,GU13,개인전,토너먼트,준준준결승경기３,김아현,200312015283,,오승희,201209002253,,2,1,A
제6회 광주시장배 전국 실업스쿼시 선수권대회,202207456,2022-06-21,GU13,개인전,토너먼트,준준준결승경기４,류보람,201503023001,,김하은,201302005893,,2,0,A
제6회 광주시장배 전국 실업스쿼시 선수권대회,202207456,2022-06-21,GU13,개인전,토너먼트,준준준결승경기６,김가혜,200312004260,,박상은,201404002146,,2,0,A
제6회 광주시장배 전국 실업스쿼시 선수권대회,202207456,2022-06-21,GU13,개인전,토너먼트,준준준결승경기７,이지현,200504008455,,문혜연,201203009845,,2,0,A
제6회 광주시장배 전국 실업스쿼시 선수권대회,202207456,2022-06-21,GU13,개인전,토너먼트,준준준결승경기８,안은찬,200312014298,,신유진,201602007698,,2,0,A
제6회 광주시장배 전국 실업스쿼시 선수권대회,202207456,2022-06-21,GU13,개인전,토너먼트,준준결승경기１,양연수,200409006651,,송동주,201205000983,,1,2,B
제6회 광주시장배 전국 실업스쿼시 선수권대회,202207456,2022-06-21,GU13,개인전,토너먼트,준준결승경기２,김아현,200312015283,,류보람,201503023001,,0,2,B
제6회 광주시장배 전국 실업스쿼시 선수권대회,202207456,2022-06-21,GU13,개인전,토너먼트,준준결승경기３,송지유,200504008897,,김가혜,200312004260,,0,2,B
제6회 광주시장배 전국 실업스쿼시 선수권대회,202207456,2022-06-21,GU13,개인전,토너먼트,준준결승경기４,이지현,200504008455,,안은찬,200312014298,,2,1,A
제6회 광주시장배 전국 실업스쿼시 선수권대회,202207456,2022-06-21,GU13,개인전,토너먼트,준결승경기１,송동주,201205000983,,류보람,201503023001,,2,0,A
제6회 광주시장배 전국 실업스쿼시 선수권대회,202207456,2022-06-21,GU13,개인전,토너먼트,준결승경기２,김가혜,200312004260,,이지현,200504008455,,2,0,A
제6회 광주시장배 전국 실업스쿼시 선수권대회,202207456,2022-06-21,GU13,개인전,토너먼트,결승,송동주,201205000983,,김가혜,200312004260,,1,2,B
제6회 광주시장배 전국 실업스쿼시 선수권대회,202207456,2022-06-21,GU13,단체전,토너먼트,예선경기２,경기도,,,대구광역시,,,1,2,B
제6회 광주시장배 전국 실업스쿼시 선수권대회,202207456,2022-06-21,GU13,단체전,토너먼트,예선경기６,충청남도,,,광주광역시,,,0,3,B
제6회 광주시장배 전국 실업스쿼시 선수권대회,202207456,2022-06-21,GU13,단체전,토너먼트,예선경기７,경상북도,,,경상남도,,,1,2,B
제6회 광주시장배 전국 실업스쿼시 선수권대회,202207456,2022-06-21,GU13,단체전,토너먼트,준준결승경기１,울산광역시,,,대구광역시,,,0,2,B
제6회 광주시장배 전국 실업스쿼시 선수권대회,202207456,2022-06-21,GU13,단체전,토너먼트,준준결승경기２,인천광역시,,,전라남도,,,2,1,A
제6회 광주시장배 전국 실업스쿼시 선수권대회,202207456,2022-06-21,GU13,단체전,토너먼트,준준결승경기３,대전광역시,,,광주광역시,,,1,2,B
제6회 광주시장배 전국 실업스쿼시 선수권대회,202207456,2022-06-21,GU13,단체전,토너먼트,준준결승경기４,경상남도,,,전라북도,,,2,0,A
제6회 광주시장배 전국 실업스쿼시 선수권대회,202207456,2022-06-21,GU13,단체전,토너먼트,준결승경기１,대구광역시,,,인천광역시,,,1,2,B
제6회 광주시장배 전국 실업스쿼시 선수권대회,202207456,2022-06-21,GU13,단체전,토너먼트,준결승경기２,광주광역시,,,경상남도,,,1,2,B
제6회 광주시장배 전국 실업스쿼시 선수권대회,202207456,2022-06-21,GU13,단체전,토너먼트,결승,인천광역시,,,경상남도,,,1,2,B
제6회 광주시장배 전국 실업스쿼시 선수권대회,202207456,2022-06-21,GU15,혼합복식,리그전,1R / A조,"김성영, 박은옥",,,"이라온, 노윤진",,,2,0,A
제6회 광주시장배 전국 실업스쿼시 선수권대회,202207456,2022-06-21,GU15,혼합복식,리그전,1R / A조,"박성찬, 김다정",,,"이라온, 노윤진",,,2,0,A
제6회 광주시장배 전국 실업스쿼시 선수권대회,202207456,2022-06-21,GU15,혼합복식,리그전,1R / A조,"박성찬, 김다정",,,"김성영, 박은옥",,,2,0,A
제26회 금곡배 전국 초중고 스쿼시 선수권대회,202309259,2023-06-09,여자 12세이하부,개인전,리그전,1R / A조,황보영,202303008360,,구보민,202206006488,,0,3,B
제26회 금곡배 전국 초중고 스쿼시 선수권대회,202309259,2023-06-09,여자 12세이하부,개인전,리그전,1R / A조,강서우,202304049295,,구보민,202206006488,,0,3,B
제26회 금곡배 전국 초중고 스쿼시 선수권대회,202309259,2023-06-09,여자 12세이하부,개인전,리그전,1R / A조,강서우,202304049295,,황보영,202303008360,,0,3,B
제26회 금곡배 전국 초중고 스쿼시 선수권대회,202309259,2023-06-09,남자 12세이하부,개인전,토너먼트,예선경기２,김동인,202303011784,,류지안,202202002116,,0,3,B
제26회 금곡배 전국 초중고 스쿼시 선수권대회,202309259,2023-06-09,남자 12세이하부,개인전,토너먼트,준준결승경기１,김민기,202006003212,,류지안,202202002116,,3,1,A
제26회 금곡배 전국 초중고 스쿼시 선수권대회,202309259,2023-06-09,남자 12세이하부,개인전,토너먼트,준준결승경기２,이승규,202205002034,,최규현,202006002884,,0,3,B
제26회 금곡배 전국 초중고 스쿼시 선수권대회,202309259,2023-06-09,남자 12세이하부,개인전,토너먼트,준준결승경기３,강동윤,202304049313,,최재원,202102002568,,3,0,A
제26회 금곡배 전국 초중고 스쿼시 선수권대회,202309259,2023-06-09,남자 12세이하부,개인전,토너먼트,준준결승경기４,최현욱,202103005535,,나우영,201902002440,,0,3,B
제26회 금곡배 전국 초중고 스쿼시 선수권대회,202309259,2023-06-09,남자 12세이하부,개인전,토너먼트,준결승경기１,김민기,202006003212,,최규현,202006002884,,3,0,A
제26회 금곡배 전국 초중고 스쿼시 선수권대회,202309259,2023-06-09,남자 12세이하부,개인전,토너먼트,준결승경기２,강동윤,202304049313,,나우영,201902002440,,0,3,B
제26회 금곡배 전국 초중고 스쿼시 선수권대회,202309259,2023-06-09,남자 12세이하부,개인전,토너먼트,결승,김민기,202006003212,,나우영,201902002440,,3,0,A
제26회 금곡배 전국 초중고 스쿼시 선수권대회,202309259,2023-06-09,여자 15세이하부,개인전,토너먼트,예선경기２,이해인,202002004113,,원태희,202303000279,,3,0,A
제26회 금곡배 전국 초중고 스쿼시 선수권대회,202309259,2023-06-09,여자 15세이하부,개인전,토너먼트,준준결승경기１,박솔민,202002002489,,이해인,202002004113,,3,0,A
제26회 금곡배 전국 초중고 스쿼시 선수권대회,202309259,2023-06-09,여자 15세이하부,개인전,토너먼트,준준결승경기２,조소연,202207001038,,김도은,202006003279,,0,3,B
제26회 금곡배 전국 초중고 스쿼시 선수권대회,202309259,2023-06-09,여자 15세이하부,개인전,토너먼트,준준결승경기３,강연아,202302018871,,박서빈,202303008736,,3,0,A
제26회 금곡배 전국 초중고 스쿼시 선수권대회,202309259,2023-06-09,여자 15세이하부,개인전,토너먼트,준준결승경기４,라우림,202202004038,,문하람,202002004153,,0,3,B
제26회 금곡배 전국 초중고 스쿼시 선수권대회,202309259,2023-06-09,여자 15세이하부,개인전,토너먼트,준결승경기１,박솔민,202002002489,,김도은,202006003279,,3,0,A
제26회 금곡배 전국 초중고 스쿼시 선수권대회,202309259,2023-06-09,여자 15세이하부,개인전,토너먼트,준결승경기２,강연아,202302018871,,문하람,202002004153,,0,3,B
제26회 금곡배 전국 초중고 스쿼시 선수권대회,202309259,2023-06-09,여자 15세이하부,개인전,토너먼트,결승,박솔민,202002002489,,문하람,202002004153,,3,0,A
제26회 금곡배 전국 초중고 스쿼시 선수권대회,202309259,2023-06-09,남자 15세이하부,개인전,토너먼트,예선경기２,현종선,202302017920,,전서율,201905001623,,0,3,B
제26회 금곡배 전국 초중고 스쿼시 선수권대회,202309259,2023-06-09,남자 15세이하부,개인전,토너먼트,예선경기３,김성주,202203007369,,김찬영,202203001906,,0,3,B
제26회 금곡배 전국 초중고 스쿼시 선수권대회,202309259,2023-06-09,남자 15세이하부,개인전,토너먼트,예선경기４,장승보,202303008035,,김현,202303001958,,0,3,B
제26회 금곡배 전국 초중고 스쿼시 선수권대회,202309259,2023-06-09,남자 15세이하부,개인전,토너먼트,예선경기６,이택규,202304014220,,김민재,202303000324,,1,3,B
제26회 금곡배 전국 초중고 스쿼시 선수권대회,202309259,2023-06-09,남자 15세이하부,개인전,토너먼트,예선경기７,Oscar Henry Long,202104004261,,류이안,202202002233,,1,3,B
제26회 금곡배 전국 초중고 스쿼시 선수권대회,202309259,2023-06-09,남자 15세이하부,개인전,토너먼트,준준결승경기１,윤태훈,202209003037,,전서율,201905001623,,0,3,B
제26회 금곡배 전국 초중고 스쿼시 선수권대회,202309259,2023-06-09,남자 15세이하부,개인전,토너먼트,준준결승경기２,김찬영,202203001906,,김현,202303001958,,3,0,A
제26회 금곡배 전국 초중고 스쿼시 선수권대회,202309259,2023-06-09,남자 15세이하부,개인전,토너먼트,준준결승경기３,구건휘,202206008055,,김민재,202303000324,,3,0,A
제26회 금곡배 전국 초중고 스쿼시 선수권대회,202309259,2023-06-09,남자 15세이하부,개인전,토너먼트,준준결승경기４,류이안,202202002233,,윤종현,202204001156,,2,3,B
제26회 금곡배 전국 초중고 스쿼시 선수권대회,202309259,2023-06-09,남자 15세이하부,개인전,토너먼트,준결승경기１,전서율,201905001623,,김찬영,202203001906,,0,3,B
제26회 금곡배 전국 초중고 스쿼시 선수권대회,202309259,2023-06-09,남자 15세이하부,개인전,토너먼트,준결승경기２,구건휘,202206008055,,윤종현,202204001156,,0,3,B
제26회 금곡배 전국 초중고 스쿼시 선수권대회,202309259,2023-06-09,남자 15세이하부,개인전,토너먼트,결승,김찬영,202203001906,,윤종현,202204001156,,3,0,A
제26회 금곡배 전국 초중고 스쿼시 선수권대회,202309259,2023-06-09,여자 18세이하부,개인전,토너먼트,예선경기１,전아인,201203004577,,황수민,202302003492,,3,0,A
제26회 금곡배 전국 초중고 스쿼시 선수권대회,202309259,2023-06-09,여자 18세이하부,개인전,토너먼트,예선경기２,이기쁨,202201001493,,강현아,202204080697,,3,2,A
제26회 금곡배 전국 초중고 스쿼시 선수권대회,202309259,2023-06-09,여자 18세이하부,개인전,토너먼트,예선경기３,임수아,202302017165,,서예은,202206004756,,0,3,B
제26회 금곡배 전국 초중고 스쿼시 선수권대회,202309259,2023-06-09,여자 18세이하부,개인전,토너먼트,예선경기４,김태연,201605003414,,유주아,202303027889,,3,0,A
제26회 금곡배 전국 초중고 스쿼시 선수권대회,202309259,2023-06-09,여자 18세이하부,개인전,토너먼트,예선경기５,남지윤,202203011255,,김민경,202207007077,,0,3,B
제26회 금곡배 전국 초중고 스쿼시 선수권대회,202309259,2023-06-09,여자 18세이하부,개인전,토너먼트,예선경기６,엄준,201804000231,,장수빈,202203000319,,3,0,A
제26회 금곡배 전국 초중고 스쿼시 선수권대회,202309259,2023-06-09,여자 18세이하부,개인전,토너먼트,예선경기７,조아연,201903004040,,이윤서,202302000661,,3,0,A
제26회 금곡배 전국 초중고 스쿼시 선수권대회,202309259,2023-06-09,여자 18세이하부,개인전,토너먼트,예선경기８,전현영,202201001946,,김하연,201503006905,,0,3,B
제26회 금곡배 전국 초중고 스쿼시 선수권대회,202309259,2023-06-09,여자 18세이하부,개인전,토너먼트,준준결승경기１,전아인,201203004577,,이기쁨,202201001493,,3,0,A
제26회 금곡배 전국 초중고 스쿼시 선수권대회,202309259,2023-06-09,여자 18세이하부,개인전,토너먼트,준준결승경기２,서예은,202206004756,,김태연,201605003414,,3,0,A
제26회 금곡배 전국 초중고 스쿼시 선수권대회,202309259,2023-06-09,여자 18세이하부,개인전,토너먼트,준준결승경기３,김민경,202207007077,,엄준,201804000231,,0,3,B
제26회 금곡배 전국 초중고 스쿼시 선수권대회,202309259,2023-06-09,여자 18세이하부,개인전,토너먼트,준준결승경기４,조아연,201903004040,,김하연,201503006905,,1,3,B
제26회 금곡배 전국 초중고 스쿼시 선수권대회,202309259,2023-06-09,여자 18세이하부,개인전,토너먼트,준결승경기１,전아인,201203004577,,서예은,202206004756,,3,0,A
제26회 금곡배 전국 초중고 스쿼시 선수권대회,202309259,2023-06-09,여자 18세이하부,개인전,토너먼트,준결승경기２,엄준,201804000231,,김하연,201503006905,,0,3,B
제26회 금곡배 전국 초중고 스쿼시 선수권대회,202309259,2023-06-09,여자 18세이하부,개인전,토너먼트,결승,전아인,201203004577,,김하연,201503006905,,3,1,A
제26회 금곡배 전국 초중고 스쿼시 선수권대회,202309259,2023-06-09,여자 18세이하부,단체전,리그전,1R / A조,서울특별시스쿼시연맹,,,세종공공스포츠클럽,,,3,0,A
제26회 금곡배 전국 초중고 스쿼시 선수권대회,202309259,2023-06-09,여자 18세이하부,단체전,리그전,1R / A조,인천초은고등학교,,,세종공공스포츠클럽,,,2,0,A
제26회 금곡배 전국 초중고 스쿼시 선수권대회,202309259,2023-06-09,여자 18세이하부,단체전,리그전,1R / A조,인천초은고등학교,,,서울특별시스쿼시연맹,,,1,2,B
제26회 금곡배 전국 초중고 스쿼시 선수권대회,202309259,2023-06-09,여자 18세이하부,복식,토너먼트,예선경기２,"김민경, 황수민",,,"조아연, 임수아",,,2,1,A
제26회 금곡배 전국 초중고 스쿼시 선수권대회,202309259,2023-06-09,여자 18세이하부,복식,토너먼트,준결승경기１,"전아인, 서예은",,,"김민경, 황수민",,,2,0,A
제26회 금곡배 전국 초중고 스쿼시 선수권대회,202309259,2023-06-09,여자 18세이하부,복식,토너먼트,준결승경기２,"이기쁨, 전현영",,,"김서연, 한서윤",,,2,0,A
제26회 금곡배 전국 초중고 스쿼시 선수권대회,202309259,2023-06-09,여자 18세이하부,복식,토너먼트,결승,"전아인, 서예은",,,"이기쁨, 전현영",,,2,0,A
제26회 금곡배 전국 초중고 스쿼시 선수권대회,202309259,2023-06-09,남자 18세이하부,개인전,토너먼트,예선경기２,박지훈,201706000549,,남기태,202103006627,,3,1,A
제26회 금곡배 전국 초중고 스쿼시 선수권대회,202309259,2023-06-09,남자 18세이하부,개인전,토너먼트,예선경기３,김준석,982127000014,,이지항,202206007001,,3,2,A
제26회 금곡배 전국 초중고 스쿼시 선수권대회,202309259,2023-06-09,남자 18세이하부,개인전,토너먼트,예선경기４,손유빈,970500100126,,곽서준,201903006257,,0,3,B
제26회 금곡배 전국 초중고 스쿼시 선수권대회,202309259,2023-06-09,남자 18세이하부,개인전,토너먼트,예선경기６,정건희,202002001955,,정광민,202103008002,,3,0,A
제26회 금곡배 전국 초중고 스쿼시 선수권대회,202309259,2023-06-09,남자 18세이하부,개인전,토너먼트,예선경기８,이건후,202103007938,,김준영,201707001971,,0,3,B
제26회 금곡배 전국 초중고 스쿼시 선수권대회,202309259,2023-06-09,남자 18세이하부,개인전,토너먼트,예선경기１０,배성현,982127000020,,김동하,202207005619,,0,3,B
제26회 금곡배 전국 초중고 스쿼시 선수권대회,202309259,2023-06-09,남자 18세이하부,개인전,토너먼트,예선경기１１,서윤재,202203001042,,조윤식,982327000005,,3,1,A
제26회 금곡배 전국 초중고 스쿼시 선수권대회,202309259,2023-06-09,남자 18세이하부,개인전,토너먼트,예선경기１４,박은찬,202206006191,,조현준,202203001440,,0,3,B
제26회 금곡배 전국 초중고 스쿼시 선수권대회,202309259,2023-06-09,남자 18세이하부,개인전,토너먼트,예선경기１５,손우주,201902004585,,박민기,202006000140,,3,0,A
제26회 금곡배 전국 초중고 스쿼시 선수권대회,202309259,2023-06-09,남자 18세이하부,개인전,토너먼트,준준준결승경기１,김건,201503006845,,박지훈,201706000549,,3,0,A
제26회 금곡배 전국 초중고 스쿼시 선수권대회,202309259,2023-06-09,남자 18세이하부,개인전,토너먼트,준준준결승경기２,김준석,982127000014,,곽서준,201903006257,,3,0,A
제26회 금곡배 전국 초중고 스쿼시 선수권대회,202309259,2023-06-09,남자 18세이하부,개인전,토너먼트,준준준결승경기３,나동현,202301001068,,정건희,202002001955,,0,3,B
제26회 금곡배 전국 초중고 스쿼시 선수권대회,202309259,2023-06-09,남자 18세이하부,개인전,토너먼트,준준준결승경기４,김준호,202004000367,,김준영,201707001971,,1,3,B
제26회 금곡배 전국 초중고 스쿼시 선수권대회,202309259,2023-06-09,남자 18세이하부,개인전,토너먼트,준준준결승경기５,구동현,201402010302,,김동하,202207005619,,0,3,B
제26회 금곡배 전국 초중고 스쿼시 선수권대회,202309259,2023-06-09,남자 18세이하부,개인전,토너먼트,준준준결승경기６,서윤재,202203001042,,오서진,201605004663,,0,3,B
제26회 금곡배 전국 초중고 스쿼시 선수권대회,202309259,2023-06-09,남자 18세이하부,개인전,토너먼트,준준준결승경기７,고백균,202203000460,,조현준,202203001440,,3,1,A
제26회 금곡배 전국 초중고 스쿼시 선수권대회,202309259,2023-06-09,남자 18세이하부,개인전,토너먼트,준준준결승경기８,손우주,201902004585,,류정욱,201603018160,,2,3,B
제26회 금곡배 전국 초중고 스쿼시 선수권대회,202309259,2023-06-09,남자 18세이하부,개인전,토너먼트,준준결승경기１,김건,201503006845,,김준석,982127000014,,3,0,A
제26회 금곡배 전국 초중고 스쿼시 선수권대회,202309259,2023-06-09,남자 18세이하부,개인전,토너먼트,준준결승경기２,정건희,202002001955,,김준영,201707001971,,0,3,B
제26회 금곡배 전국 초중고 스쿼시 선수권대회,202309259,2023-06-09,남자 18세이하부,개인전,토너먼트,준준결승경기３,김동하,202207005619,,오서진,201605004663,,0,3,B
제26회 금곡배 전국 초중고 스쿼시 선수권대회,202309259,2023-06-09,남자 18세이하부,개인전,토너먼트,준준결승경기４,고백균,202203000460,,류정욱,201603018160,,0,3,B
제26회 금곡배 전국 초중고 스쿼시 선수권대회,202309259,2023-06-09,남자 18세이하부,개인전,토너먼트,준결승경기１,김건,201503006845,,김준영,201707001971,,2,3,B
제26회 금곡배 전국 초중고 스쿼시 선수권대회,202309259,2023-06-09,남자 18세이하부,개인전,토너먼트,준결승경기２,오서진,201605004663,,류정욱,201603018160,,3,0,A
제26회 금곡배 전국 초중고 스쿼시 선수권대회,202309259,2023-06-09,남자 18세이하부,개인전,토너먼트,결승,김준영,201707001971,,오서진,201605004663,,0,3,B
제26회 금곡배 전국 초중고 스쿼시 선수권대회,202309259,2023-06-09,남자 18세이하부,단체전,토너먼트,예선경기２,양산제일고등학교,,,동일미래과학고등학교,,,2,1,A
제26회 금곡배 전국 초중고 스쿼시 선수권대회,202309259,2023-06-09,남자 18세이하부,단체전,토너먼트,예선경기３,인천 대건고등학교,,,언양고등학교,,,1,2,B
제26회 금곡배 전국 초중고 스쿼시 선수권대회,202309259,2023-06-09,남자 18세이하부,단체전,토너먼트,준결승경기１,인천 대건고등학교,,,양산제일고등학교,,,2,0,A
제26회 금곡배 전국 초중고 스쿼시 선수권대회,202309259,2023-06-09,남자 18세이하부,단체전,토너먼트,준결승경기２,언양고등학교,,,세종고등학교,,,2,0,A
제26회 금곡배 전국 초중고 스쿼시 선수권대회,202309259,2023-06-09,남자 18세이하부,단체전,토너먼트,결승,인천 대건고등학교,,,언양고등학교,,,3,0,A
제26회 금곡배 전국 초중고 스쿼시 선수권대회,202309259,2023-06-09,남자 18세이하부,복식,토너먼트,예선경기２,"김건, 김준영",,,"류정욱, 정건희",,,2,0,A
제26회 금곡배 전국 초중고 스쿼시 선수권대회,202309259,2023-06-09,남자 18세이하부,복식,토너먼트,예선경기３,"김민재, 강민석",,,"김준석, 조윤식",,,0,2,B
제26회 금곡배 전국 초중고 스쿼시 선수권대회,202309259,2023-06-09,남자 18세이하부,복식,토너먼트,준결승경기１,"이성민, 이성빈",,,"김건, 김준영",,,0,2,B
제26회 금곡배 전국 초중고 스쿼시 선수권대회,202309259,2023-06-09,남자 18세이하부,복식,토너먼트,준결승경기２,"김준석, 조윤식",,,"조현준, 나동현",,,2,1,A
제26회 금곡배 전국 초중고 스쿼시 선수권대회,202309259,2023-06-09,남자 18세이하부,복식,토너먼트,결승,"김건, 김준영",,,"김준석, 조윤식",,,0,0,B
제3회 태산배 전국 스쿼시 선수권대회,202309718,2023-08-08,여자 12세이하부,개인전,토너먼트,예선경기１,김아린,202303035971,,최은,202304014708,,3,1,A
제3회 태산배 전국 스쿼시 선수권대회,202309718,2023-08-08,여자 12세이하부,개인전,토너먼트,예선경기２,박서하,982327000011,,민혜인,202307002219,,3,1,A
제3회 태산배 전국 스쿼시 선수권대회,202309718,2023-08-08,여자 12세이하부,개인전,토너먼트,예선경기３,김주빈,202202003972,,황보영,202303008360,,0,3,B
제3회 태산배 전국 스쿼시 선수권대회,202309718,2023-08-08,여자 12세이하부,개인전,토너먼트,예선경기４,구보민,202206006488,,정서윤,202307004948,,3,0,A
제3회 태산배 전국 스쿼시 선수권대회,202309718,2023-08-08,여자 12세이하부,개인전,토너먼트,준결승경기１,김아린,202303035971,,박서하,982327000011,,3,0,A
제3회 태산배 전국 스쿼시 선수권대회,202309718,2023-08-08,여자 12세이하부,개인전,토너먼트,준결승경기２,황보영,202303008360,,구보민,202206006488,,0,3,B
제3회 태산배 전국 스쿼시 선수권대회,202309718,2023-08-08,여자 12세이하부,개인전,토너먼트,결승,김아린,202303035971,,구보민,202206006488,,0,3,B
제3회 태산배 전국 스쿼시 선수권대회,202309718,2023-08-08,남자 12세이하부,개인전,토너먼트,예선경기２,강연우,202302018875,,김시우,202307007967,,3,0,A
제3회 태산배 전국 스쿼시 선수권대회,202309718,2023-08-08,남자 12세이하부,개인전,토너먼트,예선경기３,이승욱,202302018260,,박규민,202303032776,,2,3,B
제3회 태산배 전국 스쿼시 선수권대회,202309718,2023-08-08,남자 12세이하부,개인전,토너먼트,예선경기４,민동훈,202307001485,,최규현,202006002884,,0,3,B
제3회 태산배 전국 스쿼시 선수권대회,202309718,2023-08-08,남자 12세이하부,개인전,토너먼트,예선경기５,김현석,202204086936,,최현욱,202103005535,,2,3,B
제3회 태산배 전국 스쿼시 선수권대회,202309718,2023-08-08,남자 12세이하부,개인전,토너먼트,예선경기６,이상경,202206010078,,나우영,201902002440,,3,0,A
제3회 태산배 전국 스쿼시 선수권대회,202309718,2023-08-08,남자 12세이하부,개인전,토너먼트,예선경기７,김승원,202203009992,,류지안,202202002116,,0,3,B
제3회 태산배 전국 스쿼시 선수권대회,202309718,2023-08-08,남자 12세이하부,개인전,토너먼트,준준결승경기１,김민기,202006003212,,강연우,202302018875,,3,0,A
제3회 태산배 전국 스쿼시 선수권대회,202309718,2023-08-08,남자 12세이하부,개인전,토너먼트,준준결승경기２,박규민,202303032776,,최규현,202006002884,,0,3,B
제3회 태산배 전국 스쿼시 선수권대회,202309718,2023-08-08,남자 12세이하부,개인전,토너먼트,준준결승경기３,최현욱,202103005535,,이상경,202206010078,,0,3,B
제3회 태산배 전국 스쿼시 선수권대회,202309718,2023-08-08,남자 12세이하부,개인전,토너먼트,준준결승경기４,류지안,202202002116,,김서준,201904001822,,0,3,B
제3회 태산배 전국 스쿼시 선수권대회,202309718,2023-08-08,남자 12세이하부,개인전,토너먼트,준결승경기１,김민기,202006003212,,최규현,202006002884,,3,0,A
제3회 태산배 전국 스쿼시 선수권대회,202309718,2023-08-08,남자 12세이하부,개인전,토너먼트,준결승경기２,이상경,202206010078,,김서준,201904001822,,0,3,B
제3회 태산배 전국 스쿼시 선수권대회,202309718,2023-08-08,남자 12세이하부,개인전,토너먼트,결승,김민기,202006003212,,김서준,201904001822,,3,0,A
제3회 태산배 전국 스쿼시 선수권대회,202309718,2023-08-08,여자 15세이하부,개인전,토너먼트,예선경기２,정단아,202207001150,,이해인,202002004113,,0,3,B
제3회 태산배 전국 스쿼시 선수권대회,202309718,2023-08-08,여자 15세이하부,개인전,토너먼트,예선경기６,정현아,202207001169,,김도은,202006003279,,0,3,B
제3회 태산배 전국 스쿼시 선수권대회,202309718,2023-08-08,여자 15세이하부,개인전,토너먼트,예선경기７,남유비,202202004112,,강연아,202302018871,,1,3,B
제3회 태산배 전국 스쿼시 선수권대회,202309718,2023-08-08,여자 15세이하부,개인전,토너먼트,준준결승경기１,박지은,202002004079,,이해인,202002004113,,0,3,B
제3회 태산배 전국 스쿼시 선수권대회,202309718,2023-08-08,여자 15세이하부,개인전,토너먼트,준준결승경기２,박예원,202303026617,,라우림,202202004038,,0,3,B
제3회 태산배 전국 스쿼시 선수권대회,202309718,2023-08-08,여자 15세이하부,개인전,토너먼트,준준결승경기３,이수현,202302014612,,김도은,202006003279,,1,3,B
제3회 태산배 전국 스쿼시 선수권대회,202309718,2023-08-08,여자 15세이하부,개인전,토너먼트,준준결승경기４,강연아,202302018871,,문하람,202002004153,,0,3,B
제3회 태산배 전국 스쿼시 선수권대회,202309718,2023-08-08,여자 15세이하부,개인전,토너먼트,준결승경기１,이해인,202002004113,,라우림,202202004038,,3,0,A
제3회 태산배 전국 스쿼시 선수권대회,202309718,2023-08-08,여자 15세이하부,개인전,토너먼트,준결승경기２,김도은,202006003279,,문하람,202002004153,,3,2,A
제3회 태산배 전국 스쿼시 선수권대회,202309718,2023-08-08,여자 15세이하부,개인전,토너먼트,결승,이해인,202002004113,,김도은,202006003279,,3,1,A
제3회 태산배 전국 스쿼시 선수권대회,202309718,2023-08-08,남자 15세이하부,개인전,토너먼트,예선경기２,김민재,202303000324,,황지호,202306012178,,0,0,A
제3회 태산배 전국 스쿼시 선수권대회,202309718,2023-08-08,남자 15세이하부,개인전,토너먼트,예선경기１５,류이안,202202002233,,오지훈,202307006557,,1,3,B
제3회 태산배 전국 스쿼시 선수권대회,202309718,2023-08-08,남자 15세이하부,개인전,토너먼트,준준준결승경기１,전서율,201905001623,,김민재,202303000324,,0,0,A
제3회 태산배 전국 스쿼시 선수권대회,202309718,2023-08-08,남자 15세이하부,개인전,토너먼트,준준준결승경기２,윤태훈,202209003037,,윤종현,202204001156,,1,3,B
제3회 태산배 전국 스쿼시 선수권대회,202309718,2023-08-08,남자 15세이하부,개인전,토너먼트,준준준결승경기３,김현,202303001958,,이동화,202007000243,,0,3,B
제3회 태산배 전국 스쿼시 선수권대회,202309718,2023-08-08,남자 15세이하부,개인전,토너먼트,준준준결승경기４,홍인후,202302016108,,장승보,202303008035,,0,3,B
제3회 태산배 전국 스쿼시 선수권대회,202309718,2023-08-08,남자 15세이하부,개인전,토너먼트,준준준결승경기５,허준원,982227000004,,김성주,202203007369,,3,1,A
제3회 태산배 전국 스쿼시 선수권대회,202309718,2023-08-08,남자 15세이하부,개인전,토너먼트,준준준결승경기６,구건휘,202206008055,,이승준,202302017771,,0,0,A
제3회 태산배 전국 스쿼시 선수권대회,202309718,2023-08-08,남자 15세이하부,개인전,토너먼트,준준준결승경기７,현종선,202302017920,,김준일,202202003963,,3,0,A
제3회 태산배 전국 스쿼시 선수권대회,202309718,2023-08-08,남자 15세이하부,개인전,토너먼트,준준준결승경기８,오지훈,202307006557,,김찬영,202203001906,,0,3,B
제3회 태산배 전국 스쿼시 선수권대회,202309718,2023-08-08,남자 15세이하부,개인전,토너먼트,준준결승경기１,전서율,201905001623,,윤종현,202204001156,,3,2,A
제3회 태산배 전국 스쿼시 선수권대회,202309718,2023-08-08,남자 15세이하부,개인전,토너먼트,준준결승경기２,이동화,202007000243,,장승보,202303008035,,3,0,A
제3회 태산배 전국 스쿼시 선수권대회,202309718,2023-08-08,남자 15세이하부,개인전,토너먼트,준준결승경기３,허준원,982227000004,,구건휘,202206008055,,2,3,B
제3회 태산배 전국 스쿼시 선수권대회,202309718,2023-08-08,남자 15세이하부,개인전,토너먼트,준준결승경기４,현종선,202302017920,,김찬영,202203001906,,0,3,B
제3회 태산배 전국 스쿼시 선수권대회,202309718,2023-08-08,남자 15세이하부,개인전,토너먼트,준결승경기１,전서율,201905001623,,이동화,202007000243,,0,3,B
제3회 태산배 전국 스쿼시 선수권대회,202309718,2023-08-08,남자 15세이하부,개인전,토너먼트,준결승경기２,구건휘,202206008055,,김찬영,202203001906,,1,3,B
제3회 태산배 전국 스쿼시 선수권대회,202309718,2023-08-08,남자 15세이하부,개인전,토너먼트,결승,이동화,202007000243,,김찬영,202203001906,,2,3,B
제3회 태산배 전국 스쿼시 선수권대회,202309718,2023-08-08,여자 18세이하부,개인전,토너먼트,예선경기１,유주아,202303027889,,김민지,202205118922,,3,1,A
제3회 태산배 전국 스쿼시 선수권대회,202309718,2023-08-08,여자 18세이하부,개인전,토너먼트,예선경기２,김하연,201503006905,,정수아,202307002127,,3,0,A
제3회 태산배 전국 스쿼시 선수권대회,202309718,2023-08-08,여자 18세이하부,개인전,토너먼트,예선경기３,엄준,201804000231,,김소윤,202307002569,,3,0,A
제3회 태산배 전국 스쿼시 선수권대회,202309718,2023-08-08,여자 18세이하부,개인전,토너먼트,예선경기４,김민경,202207007077,,임수아,202302017165,,0,0,A
제3회 태산배 전국 스쿼시 선수권대회,202309718,2023-08-08,여자 18세이하부,개인전,토너먼트,예선경기５,황수민,202302003492,,김태연,201605003414,,0,3,B
제3회 태산배 전국 스쿼시 선수권대회,202309718,2023-08-08,여자 18세이하부,개인전,토너먼트,예선경기６,강현아,202204080697,,김유빈,202302015267,,3,0,A
제3회 태산배 전국 스쿼시 선수권대회,202309718,2023-08-08,여자 18세이하부,개인전,토너먼트,예선경기７,문서윤,202307002568,,서예은,202206004756,,0,3,B
제3회 태산배 전국 스쿼시 선수권대회,202309718,2023-08-08,여자 18세이하부,개인전,토너먼트,예선경기８,남지윤,202203011255,,조아연,201903004040,,0,3,B
제3회 태산배 전국 스쿼시 선수권대회,202309718,2023-08-08,여자 18세이하부,개인전,토너먼트,준준결승경기１,유주아,202303027889,,김하연,201503006905,,0,3,B
제3회 태산배 전국 스쿼시 선수권대회,202309718,2023-08-08,여자 18세이하부,개인전,토너먼트,준준결승경기２,엄준,201804000231,,김민경,202207007077,,3,2,A
제3회 태산배 전국 스쿼시 선수권대회,202309718,2023-08-08,여자 18세이하부,개인전,토너먼트,준준결승경기３,김태연,201605003414,,강현아,202204080697,,3,0,A
제3회 태산배 전국 스쿼시 선수권대회,202309718,2023-08-08,여자 18세이하부,개인전,토너먼트,준준결승경기４,서예은,202206004756,,조아연,201903004040,,0,3,B
제3회 태산배 전국 스쿼시 선수권대회,202309718,2023-08-08,여자 18세이하부,개인전,토너먼트,준결승경기１,김하연,201503006905,,엄준,201804000231,,3,1,A
제3회 태산배 전국 스쿼시 선수권대회,202309718,2023-08-08,여자 18세이하부,개인전,토너먼트,준결승경기２,김태연,201605003414,,조아연,201903004040,,0,3,B
제3회 태산배 전국 스쿼시 선수권대회,202309718,2023-08-08,여자 18세이하부,개인전,토너먼트,결승,김하연,201503006905,,조아연,201903004040,,3,2,A
제3회 태산배 전국 스쿼시 선수권대회,202309718,2023-08-08,여자 18세이하부,단체전,토너먼트,예선경기１,충북상업정보고등학교,,,서울특별시스쿼시연맹,,,0,2,B
제3회 태산배 전국 스쿼시 선수권대회,202309718,2023-08-08,여자 18세이하부,단체전,토너먼트,예선경기２,(사)천안남서울스포츠클럽,,,진접스쿼시클럽,,,0,2,B
제3회 태산배 전국 스쿼시 선수권대회,202309718,2023-08-08,여자 18세이하부,단체전,토너먼트,결승,서울특별시스쿼시연맹,,,진접스쿼시클럽,,,2,1,A
제3회 태산배 전국 스쿼시 선수권대회,202309718,2023-08-08,남자 18세이하부,개인전,토너먼트,예선경기２,이용욱,201902003971,,윤성호,982127000016,,3,2,A
제3회 태산배 전국 스쿼시 선수권대회,202309718,2023-08-08,남자 18세이하부,개인전,토너먼트,준준준준결승 1,류정욱,201603018160,,이용욱,201902003971,,3,0,A
제3회 태산배 전국 스쿼시 선수권대회,202309718,2023-08-08,남자 18세이하부,개인전,토너먼트,준준준준결승 2,박지훈,201706000549,,서윤재,202203001042,,3,0,A
제3회 태산배 전국 스쿼시 선수권대회,202309718,2023-08-08,남자 18세이하부,개인전,토너먼트,준준준준결승 3,김건,201503006845,,고백균,202203000460,,3,0,A
제3회 태산배 전국 스쿼시 선수권대회,202309718,2023-08-08,남자 18세이하부,개인전,토너먼트,준준준준결승 4,김준희,982127000018,,손우주,201902004585,,0,3,B
제3회 태산배 전국 스쿼시 선수권대회,202309718,2023-08-08,남자 18세이하부,개인전,토너먼트,준준준준결승 5,나동현,202301001068,,최지성,202307006878,,0,0,B
제3회 태산배 전국 스쿼시 선수권대회,202309718,2023-08-08,남자 18세이하부,개인전,토너먼트,준준준준결승 6,함동현,202307006269,,구동현,201402010302,,0,3,B
제3회 태산배 전국 스쿼시 선수권대회,202309718,2023-08-08,남자 18세이하부,개인전,토너먼트,준준준준결승 7,손다니엘,202207009393,,정광민,202103008002,,0,3,B
제3회 태산배 전국 스쿼시 선수권대회,202309718,2023-08-08,남자 18세이하부,개인전,토너먼트,준준준준결승 8,나주영,201602006877,,박민기,202006000140,,3,0,A
제3회 태산배 전국 스쿼시 선수권대회,202309718,2023-08-08,남자 18세이하부,개인전,토너먼트,준준준준결승 9,김준영,201707001971,,남기태,202103006627,,3,0,A
제3회 태산배 전국 스쿼시 선수권대회,202309718,2023-08-08,남자 18세이하부,개인전,토너먼트,준준준준결승 10,안지훈,202307002572,,김동하,202207005619,,0,3,B
제3회 태산배 전국 스쿼시 선수권대회,202309718,2023-08-08,남자 18세이하부,개인전,토너먼트,준준준준결승 11,이성민,202107001910,,조현준,202203001440,,3,1,A
제3회 태산배 전국 스쿼시 선수권대회,202309718,2023-08-08,남자 18세이하부,개인전,토너먼트,준준준준결승 12,이지항,202206007001,,나승찬,202205118675,,1,3,B
제3회 태산배 전국 스쿼시 선수권대회,202309718,2023-08-08,남자 18세이하부,개인전,토너먼트,준준준준결승 13,권용하,202302018804,,이건후,202103007938,,0,3,B
제3회 태산배 전국 스쿼시 선수권대회,202309718,2023-08-08,남자 18세이하부,개인전,토너먼트,준준준준결승 14,이동욱,202007000237,,강세찬,202303003325,,3,0,A
제3회 태산배 전국 스쿼시 선수권대회,202309718,2023-08-08,남자 18세이하부,개인전,토너먼트,준준준준결승 15,우석현,202307002559,,배성현,982127000020,,0,3,B
제3회 태산배 전국 스쿼시 선수권대회,202309718,2023-08-08,남자 18세이하부,개인전,토너먼트,준준준준결승 16,김준호,202004000367,,오서진,201605004663,,0,0,B
제3회 태산배 전국 스쿼시 선수권대회,202309718,2023-08-08,남자 18세이하부,개인전,토너먼트,준준준결승경기１,류정욱,201603018160,,박지훈,201706000549,,3,0,A
제3회 태산배 전국 스쿼시 선수권대회,202309718,2023-08-08,남자 18세이하부,개인전,토너먼트,준준준결승경기２,김건,201503006845,,손우주,201902004585,,3,0,A
제3회 태산배 전국 스쿼시 선수권대회,202309718,2023-08-08,남자 18세이하부,개인전,토너먼트,준준준결승경기３,최지성,202307006878,,구동현,201402010302,,0,3,B
제3회 태산배 전국 스쿼시 선수권대회,202309718,2023-08-08,남자 18세이하부,개인전,토너먼트,준준준결승경기４,정광민,202103008002,,나주영,201602006877,,0,3,B
제3회 태산배 전국 스쿼시 선수권대회,202309718,2023-08-08,남자 18세이하부,개인전,토너먼트,준준준결승경기５,김준영,201707001971,,김동하,202207005619,,3,0,A
제3회 태산배 전국 스쿼시 선수권대회,202309718,2023-08-08,남자 18세이하부,개인전,토너먼트,준준준결승경기６,이성민,202107001910,,나승찬,202205118675,,3,2,A
제3회 태산배 전국 스쿼시 선수권대회,202309718,2023-08-08,남자 18세이하부,개인전,토너먼트,준준준결승경기７,이건후,202103007938,,이동욱,202007000237,,1,3,B
제3회 태산배 전국 스쿼시 선수권대회,202309718,2023-08-08,남자 18세이하부,개인전,토너먼트,준준준결승경기８,배성현,982127000020,,오서진,201605004663,,0,3,B
제3회 태산배 전국 스쿼시 선수권대회,202309718,2023-08-08,남자 18세이하부,개인전,토너먼트,준준결승경기１,류정욱,201603018160,,김건,201503006845,,2,3,B
제3회 태산배 전국 스쿼시 선수권대회,202309718,2023-08-08,남자 18세이하부,개인전,토너먼트,준준결승경기２,구동현,201402010302,,나주영,201602006877,,0,3,B
제3회 태산배 전국 스쿼시 선수권대회,202309718,2023-08-08,남자 18세이하부,개인전,토너먼트,준준결승경기３,김준영,201707001971,,이성민,202107001910,,3,0,A
제3회 태산배 전국 스쿼시 선수권대회,202309718,2023-08-08,남자 18세이하부,개인전,토너먼트,준준결승경기４,이동욱,202007000237,,오서진,201605004663,,0,3,B
제3회 태산배 전국 스쿼시 선수권대회,202309718,2023-08-08,남자 18세이하부,개인전,토너먼트,준결승경기１,김건,201503006845,,나주영,201602006877,,1,3,B
제3회 태산배 전국 스쿼시 선수권대회,202309718,2023-08-08,남자 18세이하부,개인전,토너먼트,준결승경기２,김준영,201707001971,,오서진,201605004663,,0,3,B
제3회 태산배 전국 스쿼시 선수권대회,202309718,2023-08-08,남자 18세이하부,개인전,토너먼트,결승,나주영,201602006877,,오서진,201605004663,,3,0,A
제3회 태산배 전국 스쿼시 선수권대회,202309718,2023-08-08,남자 18세이하부,단체전,토너먼트,예선경기２,인천 대건고등학교,,,충북상업정보고등학교,,,3,0,A
제3회 태산배 전국 스쿼시 선수권대회,202309718,2023-08-08,남자 18세이하부,단체전,토너먼트,예선경기３,양산제일고등학교,,,천안월봉고등학교,,,0,3,B
제3회 태산배 전국 스쿼시 선수권대회,202309718,2023-08-08,남자 18세이하부,단체전,토너먼트,예선경기４,인천대건고등학교,,,세종고등학교,,,3,0,A
제3회 태산배 전국 스쿼시 선수권대회,202309718,2023-08-08,남자 18세이하부,단체전,토너먼트,준결승경기１,언양고등학교,,,인천 대건고등학교,,,0,2,B
제3회 태산배 전국 스쿼시 선수권대회,202309718,2023-08-08,남자 18세이하부,단체전,토너먼트,준결승경기２,천안월봉고등학교,,,인천대건고등학교,,,2,0,A
제3회 태산배 전국 스쿼시 선수권대회,202309718,2023-08-08,남자 18세이하부,단체전,토너먼트,결승,인천 대건고등학교,,,천안월봉고등학교,,,1,2,B
제3회 태산배 전국 스쿼시 선수권대회,202309718,2023-08-08,남자 18세이하부,복식,토너먼트,예선경기１,"이지항, 최지성",,,"고백균, 권용하",,,0,2,B
제3회 태산배 전국 스쿼시 선수권대회,202309718,2023-08-08,남자 18세이하부,복식,토너먼트,예선경기２,"류정욱, 정건희",,,"이성빈, 곽서준",,,2,0,A
제3회 태산배 전국 스쿼시 선수권대회,202309718,2023-08-08,남자 18세이하부,복식,토너먼트,예선경기３,"이동욱, 정광민",,,"나동현, 조현준",,,0,0,A
제3회 태산배 전국 스쿼시 선수권대회,202309718,2023-08-08,남자 18세이하부,복식,토너먼트,예선경기４,"강민석, 김민재",,,"박지훈, 박은찬",,,0,0,B
제3회 태산배 전국 스쿼시 선수권대회,202309718,2023-08-08,남자 18세이하부,복식,토너먼트,준결승경기１,"고백균, 권용하",,,"류정욱, 정건희",,,0,2,B
제3회 태산배 전국 스쿼시 선수권대회,202309718,2023-08-08,남자 18세이하부,복식,토너먼트,준결승경기２,"이동욱, 정광민",,,"박지훈, 박은찬",,,2,1,A
제3회 태산배 전국 스쿼시 선수권대회,202309718,2023-08-08,남자 18세이하부,복식,토너먼트,결승,"류정욱, 정건희",,,"이동욱, 정광민",,,2,0,A
제3회 태산배 전국 스쿼시 선수권대회,202309718,2023-08-08,여자 대학부,개인전,토너먼트,예선경기１,이소진,201503029527,,조예림,202006001243,,3,0,A
제3회 태산배 전국 스쿼시 선수권대회,202309718,2023-08-08,여자 대학부,개인전,토너먼트,예선경기２,김민정,202102002754,,장예원,201601000670,,0,3,B
제3회 태산배 전국 스쿼시 선수권대회,202309718,2023-08-08,여자 대학부,개인전,토너먼트,결승,이소진,201503029527,,장예원,201601000670,,1,3,B
제3회 태산배 전국 스쿼시 선수권대회,202309718,2023-08-08,남자 대학부,개인전,토너먼트,예선경기２,유호제,201405000567,,정태경,201606000617,,0,3,B
제3회 태산배 전국 스쿼시 선수권대회,202309718,2023-08-08,남자 대학부,개인전,토너먼트,예선경기３,김사무엘,201505001195,,박민준,201902005286,,3,0,A
제3회 태산배 전국 스쿼시 선수권대회,202309718,2023-08-08,남자 대학부,개인전,토너먼트,예선경기４,김현인,201602013447,,박경민,201504006889,,3,1,A
제3회 태산배 전국 스쿼시 선수권대회,202309718,2023-08-08,남자 대학부,개인전,토너먼트,예선경기５,구성진,201302009824,,한혁중,202203001974,,3,0,A
제3회 태산배 전국 스쿼시 선수권대회,202309718,2023-08-08,남자 대학부,개인전,토너먼트,예선경기６,손현승,201907003063,,이라온,201602011151,,0,3,B
제3회 태산배 전국 스쿼시 선수권대회,202309718,2023-08-08,남자 대학부,개인전,토너먼트,예선경기７,탁효진,201104003468,,심규영,201504001319,,3,1,A
제3회 태산배 전국 스쿼시 선수권대회,202309718,2023-08-08,남자 대학부,개인전,토너먼트,예선경기８,천승환,202107003356,,이강인,201808001789,,0,3,B
제3회 태산배 전국 스쿼시 선수권대회,202309718,2023-08-08,남자 대학부,개인전,토너먼트,준준결승경기１,박승민,201702006829,,정태경,201606000617,,3,2,A
제3회 태산배 전국 스쿼시 선수권대회,202309718,2023-08-08,남자 대학부,개인전,토너먼트,준준결승경기２,김사무엘,201505001195,,김현인,201602013447,,2,3,B
제3회 태산배 전국 스쿼시 선수권대회,202309718,2023-08-08,남자 대학부,개인전,토너먼트,준준결승경기３,구성진,201302009824,,이라온,201602011151,,0,3,B
제3회 태산배 전국 스쿼시 선수권대회,202309718,2023-08-08,남자 대학부,개인전,토너먼트,준준결승경기４,탁효진,201104003468,,이강인,201808001789,,3,1,A
제3회 태산배 전국 스쿼시 선수권대회,202309718,2023-08-08,남자 대학부,개인전,토너먼트,준결승경기１,박승민,201702006829,,김현인,201602013447,,3,1,A
제3회 태산배 전국 스쿼시 선수권대회,202309718,2023-08-08,남자 대학부,개인전,토너먼트,준결승경기２,이라온,201602011151,,탁효진,201104003468,,0,3,B
제3회 태산배 전국 스쿼시 선수권대회,202309718,2023-08-08,남자 대학부,개인전,토너먼트,결승,박승민,201702006829,,탁효진,201104003468,,3,0,A
제3회 태산배 전국 스쿼시 선수권대회,202309718,2023-08-08,남자 대학부,복식,토너먼트,예선경기１,"김사무엘, 정태경",,,"천승환, 박민준",,,2,0,A
제3회 태산배 전국 스쿼시 선수권대회,202309718,2023-08-08,남자 대학부,복식,토너먼트,예선경기２,"탁효진, 이라온",,,"박승민, 이강인",,,2,0,A
제3회 태산배 전국 스쿼시 선수권대회,202309718,2023-08-08,남자 대학부,복식,토너먼트,결승,"김사무엘, 정태경",,,"탁효진, 이라온",,,1,2,B
제3회 태산배 전국 스쿼시 선수권대회,202309718,2023-08-08,여자 일반부,개인전,토너먼트,예선경기２,이지현,200504008455,,박미림,200312007885,,3,0,A
제3회 태산배 전국 스쿼시 선수권대회,202309718,2023-08-08,여자 일반부,개인전,토너먼트,예선경기７,김가람,200505000922,,이승연,201405001347,,3,2,A
제3회 태산배 전국 스쿼시 선수권대회,202309718,2023-08-08,여자 일반부,개인전,토너먼트,예선경기１０,곽다연,201302006626,,송지유,200504008897,,3,1,A
제3회 태산배 전국 스쿼시 선수권대회,202309718,2023-08-08,여자 일반부,개인전,토너먼트,예선경기１５,김아현,200312015283,,허정연,200506000402,,3,0,A
제3회 태산배 전국 스쿼시 선수권대회,202309718,2023-08-08,여자 일반부,개인전,토너먼트,준준준결승경기１,엄화영,201002007702,,이지현,200504008455,,3,1,A
제3회 태산배 전국 스쿼시 선수권대회,202309718,2023-08-08,여자 일반부,개인전,토너먼트,준준준결승경기２,김민희,201402004905,,김다정,200506003985,,3,1,A
제3회 태산배 전국 스쿼시 선수권대회,202309718,2023-08-08,여자 일반부,개인전,토너먼트,준준준결승경기３,박상은,201404002146,,서하민,201703008633,,2,3,B
제3회 태산배 전국 스쿼시 선수권대회,202309718,2023-08-08,여자 일반부,개인전,토너먼트,준준준결승경기４,김가람,200505000922,,허민경,201103015212,,1,3,B
제3회 태산배 전국 스쿼시 선수권대회,202309718,2023-08-08,여자 일반부,개인전,토너먼트,준준준결승경기５,김하은,201302005893,,곽다연,201302006626,,3,0,A
제3회 태산배 전국 스쿼시 선수권대회,202309718,2023-08-08,여자 일반부,개인전,토너먼트,준준준결승경기６,오승희,201209002253,,문혜연,201203009845,,0,0,A
제3회 태산배 전국 스쿼시 선수권대회,202309718,2023-08-08,여자 일반부,개인전,토너먼트,준준준결승경기７,송채원,200903026922,,김진희,200504012003,,3,2,A
제3회 태산배 전국 스쿼시 선수권대회,202309718,2023-08-08,여자 일반부,개인전,토너먼트,준준준결승경기８,김아현,200312015283,,류보람,201503023001,,2,3,B
제3회 태산배 전국 스쿼시 선수권대회,202309718,2023-08-08,여자 일반부,개인전,토너먼트,준준결승경기１,엄화영,201002007702,,김민희,201402004905,,3,0,A
제3회 태산배 전국 스쿼시 선수권대회,202309718,2023-08-08,여자 일반부,개인전,토너먼트,준준결승경기２,서하민,201703008633,,허민경,201103015212,,0,3,B
제3회 태산배 전국 스쿼시 선수권대회,202309718,2023-08-08,여자 일반부,개인전,토너먼트,준준결승경기３,김하은,201302005893,,오승희,201209002253,,0,3,B
제3회 태산배 전국 스쿼시 선수권대회,202309718,2023-08-08,여자 일반부,개인전,토너먼트,준준결승경기４,송채원,200903026922,,류보람,201503023001,,0,0,A
제3회 태산배 전국 스쿼시 선수권대회,202309718,2023-08-08,여자 일반부,개인전,토너먼트,준결승경기１,엄화영,201002007702,,허민경,201103015212,,3,2,A
제3회 태산배 전국 스쿼시 선수권대회,202309718,2023-08-08,여자 일반부,개인전,토너먼트,준결승경기２,오승희,201209002253,,송채원,200903026922,,0,3,B
제3회 태산배 전국 스쿼시 선수권대회,202309718,2023-08-08,여자 일반부,개인전,토너먼트,결승,엄화영,201002007702,,송채원,200903026922,,3,0,A
제3회 태산배 전국 스쿼시 선수권대회,202309718,2023-08-08,남자 일반부,개인전,토너먼트,예선경기２,진승우,200312004753,,우창욱,200505000725,,3,0,A
제3회 태산배 전국 스쿼시 선수권대회,202309718,2023-08-08,남자 일반부,개인전,토너먼트,예선경기１８,최동진,201104003470,,이상훈,200809000849,,1,3,B
제3회 태산배 전국 스쿼시 선수권대회,202309718,2023-08-08,남자 일반부,개인전,토너먼트,예선경기 31,김태현,201302005947,,김승현,201403012359,,1,3,B
제3회 태산배 전국 스쿼시 선수권대회,202309718,2023-08-08,남자 일반부,개인전,토너먼트,준준준준결승 1,이민우,201407000924,,진승우,200312004753,,3,0,A
제3회 태산배 전국 스쿼시 선수권대회,202309718,2023-08-08,남자 일반부,개인전,토너먼트,준준준준결승 2,탁형진,201012000985,,강현범,201302006321,,1,3,B
제3회 태산배 전국 스쿼시 선수권대회,202309718,2023-08-08,남자 일반부,개인전,토너먼트,준준준준결승 3,이원기,201304000473,,최영진,201603000883,,3,0,A
제3회 태산배 전국 스쿼시 선수권대회,202309718,2023-08-08,남자 일반부,개인전,토너먼트,준준준준결승 4,황중찬,200706002344,,강우석,201302005902,,1,3,B
제3회 태산배 전국 스쿼시 선수권대회,202309718,2023-08-08,남자 일반부,개인전,토너먼트,준준준준결승 5,이동준,201302010744,,류한동,200903026007,,3,0,A
제3회 태산배 전국 스쿼시 선수권대회,202309718,2023-08-08,남자 일반부,개인전,토너먼트,준준준준결승 6,오민재,200805001140,,이년호,200312006064,,3,1,A
제3회 태산배 전국 스쿼시 선수권대회,202309718,2023-08-08,남자 일반부,개인전,토너먼트,준준준준결승 7,문석호,201402009240,,이동민,201302010757,,2,3,B
제3회 태산배 전국 스쿼시 선수권대회,202309718,2023-08-08,남자 일반부,개인전,토너먼트,준준준준결승 8,한승철,201501001406,,유재진,200504008874,,1,3,B
제3회 태산배 전국 스쿼시 선수권대회,202309718,2023-08-08,남자 일반부,개인전,토너먼트,준준준준결승 9,유덕재,201104000837,,이상훈,200809000849,,3,1,A
제3회 태산배 전국 스쿼시 선수권대회,202309718,2023-08-08,남자 일반부,개인전,토너먼트,준준준준결승 10,김창하,201602010896,,지동현,201507002321,,1,3,B
제3회 태산배 전국 스쿼시 선수권대회,202309718,2023-08-08,남자 일반부,개인전,토너먼트,준준준준결승 11,송문석,982127000009,,김현동,200312010625,,0,3,B
제3회 태산배 전국 스쿼시 선수권대회,202309718,2023-08-08,남자 일반부,개인전,토너먼트,준준준준결승 12,류정민,201505003438,,오성학,201103013572,,3,0,A
제3회 태산배 전국 스쿼시 선수권대회,202309718,2023-08-08,남자 일반부,개인전,토너먼트,준준준준결승 13,이세현,200504008934,,유승용,200907002704,,3,1,A
제3회 태산배 전국 스쿼시 선수권대회,202309718,2023-08-08,남자 일반부,개인전,토너먼트,준준준준결승 14,임재현,201402001427,,이현욱,201203014577,,1,3,B
제3회 태산배 전국 스쿼시 선수권대회,202309718,2023-08-08,남자 일반부,개인전,토너먼트,준준준준결승 15,김경훈,982227000001,,박성찬,201006002472,,0,3,B
제3회 태산배 전국 스쿼시 선수권대회,202309718,2023-08-08,남자 일반부,개인전,토너먼트,준준준준결승 16,김승현,201403012359,,박종명,200803023360,,0,0,A
제3회 태산배 전국 스쿼시 선수권대회,202309718,2023-08-08,남자 일반부,개인전,토너먼트,준준준결승경기１,이민우,201407000924,,강현범,201302006321,,3,1,A
제3회 태산배 전국 스쿼시 선수권대회,202309718,2023-08-08,남자 일반부,개인전,토너먼트,준준준결승경기２,이원기,201304000473,,강우석,201302005902,,0,3,B
제3회 태산배 전국 스쿼시 선수권대회,202309718,2023-08-08,남자 일반부,개인전,토너먼트,준준준결승경기３,이동준,201302010744,,오민재,200805001140,,3,1,A
제3회 태산배 전국 스쿼시 선수권대회,202309718,2023-08-08,남자 일반부,개인전,토너먼트,준준준결승경기４,이동민,201302010757,,유재진,200504008874,,3,2,A
제3회 태산배 전국 스쿼시 선수권대회,202309718,2023-08-08,남자 일반부,개인전,토너먼트,준준준결승경기５,유덕재,201104000837,,지동현,201507002321,,3,0,A
제3회 태산배 전국 스쿼시 선수권대회,202309718,2023-08-08,남자 일반부,개인전,토너먼트,준준준결승경기６,김현동,200312010625,,류정민,201505003438,,1,3,B
제3회 태산배 전국 스쿼시 선수권대회,202309718,2023-08-08,남자 일반부,개인전,토너먼트,준준준결승경기７,이세현,200504008934,,이현욱,201203014577,,3,0,A
제3회 태산배 전국 스쿼시 선수권대회,202309718,2023-08-08,남자 일반부,개인전,토너먼트,준준준결승경기８,박성찬,201006002472,,김승현,201403012359,,3,0,A
제3회 태산배 전국 스쿼시 선수권대회,202309718,2023-08-08,남자 일반부,개인전,토너먼트,준준결승경기１,이민우,201407000924,,강우석,201302005902,,0,3,B
제3회 태산배 전국 스쿼시 선수권대회,202309718,2023-08-08,남자 일반부,개인전,토너먼트,준준결승경기２,이동준,201302010744,,이동민,201302010757,,3,2,A
제3회 태산배 전국 스쿼시 선수권대회,202309718,2023-08-08,남자 일반부,개인전,토너먼트,준준결승경기３,유덕재,201104000837,,류정민,201505003438,,1,3,B
제3회 태산배 전국 스쿼시 선수권대회,202309718,2023-08-08,남자 일반부,개인전,토너먼트,준준결승경기４,이세현,200504008934,,박성찬,201006002472,,3,0,A
제3회 태산배 전국 스쿼시 선수권대회,202309718,2023-08-08,남자 일반부,개인전,토너먼트,준결승경기１,강우석,201302005902,,이동준,201302010744,,1,3,B
제3회 태산배 전국 스쿼시 선수권대회,202309718,2023-08-08,남자 일반부,개인전,토너먼트,준결승경기２,류정민,201505003438,,이세현,200504008934,,3,0,A
제3회 태산배 전국 스쿼시 선수권대회,202309718,2023-08-08,남자 일반부,개인전,토너먼트,결승,이동준,201302010744,,류정민,201505003438,,0,3,B
2023 제8회 전국실업스쿼시 선수권대회(개인전),202309782,2023-08-21,여자 일반부,개인전,토너먼트,예선경기２,이승연,201405001347,,노윤진,201702011015,,3,1,A
2023 제8회 전국실업스쿼시 선수권대회(개인전),202309782,2023-08-21,여자 일반부,개인전,토너먼트,예선경기１５,유승경,202307006833,,김아현,200312015283,,0,0,B
2023 제8회 전국실업스쿼시 선수권대회(개인전),202309782,2023-08-21,여자 일반부,개인전,토너먼트,예선경기１８,이자연,202003003272,,이소진,201503029527,,2,3,B
2023 제8회 전국실업스쿼시 선수권대회(개인전),202309782,2023-08-21,여자 일반부,개인전,토너먼트,예선경기 31,조강빈,201606003147,,서효주,201402001683,,2,3,B
2023 제8회 전국실업스쿼시 선수권대회(개인전),202309782,2023-08-21,여자 일반부,개인전,토너먼트,준준준준결승 1,박진주,200505000920,,이승연,201405001347,,3,2,A
2023 제8회 전국실업스쿼시 선수권대회(개인전),202309782,2023-08-21,여자 일반부,개인전,토너먼트,준준준준결승 2,김민희,201402004905,,장예원,201601000670,,0,3,B
2023 제8회 전국실업스쿼시 선수권대회(개인전),202309782,2023-08-21,여자 일반부,개인전,토너먼트,준준준준결승 3,김하은,201302005893,,곽다연,201302006626,,0,3,B
2023 제8회 전국실업스쿼시 선수권대회(개인전),202309782,2023-08-21,여자 일반부,개인전,토너먼트,준준준준결승 4,박미림,200312007885,,김다정,200506003985,,3,1,A
2023 제8회 전국실업스쿼시 선수권대회(개인전),202309782,2023-08-21,여자 일반부,개인전,토너먼트,준준준준결승 5,오승희,201209002253,,박은옥,200312004918,,3,0,A
2023 제8회 전국실업스쿼시 선수권대회(개인전),202309782,2023-08-21,여자 일반부,개인전,토너먼트,준준준준결승 6,송채원,200903026922,,박상은,201404002146,,3,1,A
2023 제8회 전국실업스쿼시 선수권대회(개인전),202309782,2023-08-21,여자 일반부,개인전,토너먼트,준준준준결승 7,안은찬,200312014298,,송지유,200504008897,,3,1,A
2023 제8회 전국실업스쿼시 선수권대회(개인전),202309782,2023-08-21,여자 일반부,개인전,토너먼트,준준준준결승 8,김아현,200312015283,,이지현,200504008455,,0,3,B
2023 제8회 전국실업스쿼시 선수권대회(개인전),202309782,2023-08-21,여자 일반부,개인전,토너먼트,준준준준결승 9,엄화영,201002007702,,이소진,201503029527,,3,0,A
2023 제8회 전국실업스쿼시 선수권대회(개인전),202309782,2023-08-21,여자 일반부,개인전,토너먼트,준준준준결승 10,문혜연,201203009845,,김가혜,200312004260,,0,3,B
2023 제8회 전국실업스쿼시 선수권대회(개인전),202309782,2023-08-21,여자 일반부,개인전,토너먼트,준준준준결승 11,서하민,201703008633,,배찬미,200506004011,,0,3,B
2023 제8회 전국실업스쿼시 선수권대회(개인전),202309782,2023-08-21,여자 일반부,개인전,토너먼트,준준준준결승 12,양연수,200409006651,,김가람,200505000922,,3,1,A
2023 제8회 전국실업스쿼시 선수권대회(개인전),202309782,2023-08-21,여자 일반부,개인전,토너먼트,준준준준결승 13,허정연,200506000402,,이보라,200312015404,,0,0,A
2023 제8회 전국실업스쿼시 선수권대회(개인전),202309782,2023-08-21,여자 일반부,개인전,토너먼트,준준준준결승 14,이해경,200402015564,,최유라,200703026440,,0,3,B
2023 제8회 전국실업스쿼시 선수권대회(개인전),202309782,2023-08-21,여자 일반부,개인전,토너먼트,준준준준결승 15,류보람,201503023001,,허민경,201103015212,,0,0,B
2023 제8회 전국실업스쿼시 선수권대회(개인전),202309782,2023-08-21,여자 일반부,개인전,토너먼트,준준준준결승 16,서효주,201402001683,,송동주,201205000983,,0,3,B
2023 제8회 전국실업스쿼시 선수권대회(개인전),202309782,2023-08-21,여자 일반부,개인전,토너먼트,준준준결승경기１,박진주,200505000920,,장예원,201601000670,,3,1,A
2023 제8회 전국실업스쿼시 선수권대회(개인전),202309782,2023-08-21,여자 일반부,개인전,토너먼트,준준준결승경기２,곽다연,201302006626,,박미림,200312007885,,3,2,A
2023 제8회 전국실업스쿼시 선수권대회(개인전),202309782,2023-08-21,여자 일반부,개인전,토너먼트,준준준결승경기３,오승희,201209002253,,송채원,200903026922,,3,1,A
2023 제8회 전국실업스쿼시 선수권대회(개인전),202309782,2023-08-21,여자 일반부,개인전,토너먼트,준준준결승경기４,안은찬,200312014298,,이지현,200504008455,,0,3,B
2023 제8회 전국실업스쿼시 선수권대회(개인전),202309782,2023-08-21,여자 일반부,개인전,토너먼트,준준준결승경기５,엄화영,201002007702,,김가혜,200312004260,,3,1,A
2023 제8회 전국실업스쿼시 선수권대회(개인전),202309782,2023-08-21,여자 일반부,개인전,토너먼트,준준준결승경기６,배찬미,200506004011,,양연수,200409006651,,0,3,B
2023 제8회 전국실업스쿼시 선수권대회(개인전),202309782,2023-08-21,여자 일반부,개인전,토너먼트,준준준결승경기７,허정연,200506000402,,최유라,200703026440,,0,3,B
2023 제8회 전국실업스쿼시 선수권대회(개인전),202309782,2023-08-21,여자 일반부,개인전,토너먼트,준준준결승경기８,허민경,201103015212,,송동주,201205000983,,0,0,A
2023 제8회 전국실업스쿼시 선수권대회(개인전),202309782,2023-08-21,여자 일반부,개인전,토너먼트,준준결승경기１,박진주,200505000920,,곽다연,201302006626,,3,0,A
2023 제8회 전국실업스쿼시 선수권대회(개인전),202309782,2023-08-21,여자 일반부,개인전,토너먼트,준준결승경기２,오승희,201209002253,,이지현,200504008455,,0,3,B
2023 제8회 전국실업스쿼시 선수권대회(개인전),202309782,2023-08-21,여자 일반부,개인전,토너먼트,준준결승경기３,엄화영,201002007702,,양연수,200409006651,,0,3,B
2023 제8회 전국실업스쿼시 선수권대회(개인전),202309782,2023-08-21,여자 일반부,개인전,토너먼트,준준결승경기４,최유라,200703026440,,허민경,201103015212,,3,0,A
2023 제8회 전국실업스쿼시 선수권대회(개인전),202309782,2023-08-21,여자 일반부,개인전,토너먼트,준결승경기１,박진주,200505000920,,이지현,200504008455,,0,3,B
2023 제8회 전국실업스쿼시 선수권대회(개인전),202309782,2023-08-21,여자 일반부,개인전,토너먼트,준결승경기２,양연수,200409006651,,최유라,200703026440,,3,0,A
2023 제8회 전국실업스쿼시 선수권대회(개인전),202309782,2023-08-21,여자 일반부,개인전,토너먼트,결승,이지현,200504008455,,양연수,200409006651,,0,3,B
2023 제8회 전국실업스쿼시 선수권대회(개인전),202309782,2023-08-21,남자 일반부,개인전,토너먼트,예선경기２,진승우,200312004753,,천승환,202107003356,,3,0,A
2023 제8회 전국실업스쿼시 선수권대회(개인전),202309782,2023-08-21,남자 일반부,개인전,토너먼트,예선경기６,박정식,201103008064,,지동현,201507002321,,2,3,B
2023 제8회 전국실업스쿼시 선수권대회(개인전),202309782,2023-08-21,남자 일반부,개인전,토너먼트,예선경기７,임재현,201402001427,,이상훈,200809000849,,0,0,A
2023 제8회 전국실업스쿼시 선수권대회(개인전),202309782,2023-08-21,남자 일반부,개인전,토너먼트,예선경기１０,이라온,201602011151,,이동준,201302010744,,1,3,B
2023 제8회 전국실업스쿼시 선수권대회(개인전),202309782,2023-08-21,남자 일반부,개인전,토너먼트,예선경기１５,이승택,200505000724,,최호진,201306001130,,0,0,B
2023 제8회 전국실업스쿼시 선수권대회(개인전),202309782,2023-08-21,남자 일반부,개인전,토너먼트,예선경기１８,박성찬,201006002472,,김승현,201403012359,,3,1,A
2023 제8회 전국실업스쿼시 선수권대회(개인전),202309782,2023-08-21,남자 일반부,개인전,토너먼트,예선경기 23,유덕재,201104000837,,탁효진,201104003468,,3,0,A
2023 제8회 전국실업스쿼시 선수권대회(개인전),202309782,2023-08-21,남자 일반부,개인전,토너먼트,예선경기 26,유호제,201405000567,,오성학,201103013572,,0,3,B
2023 제8회 전국실업스쿼시 선수권대회(개인전),202309782,2023-08-21,남자 일반부,개인전,토너먼트,예선경기 31,박종명,200803023360,,문석호,201402009240,,3,1,A
2023 제8회 전국실업스쿼시 선수권대회(개인전),202309782,2023-08-21,남자 일반부,개인전,토너먼트,준준준준결승 1,이민우,201407000924,,진승우,200312004753,,3,0,A
2023 제8회 전국실업스쿼시 선수권대회(개인전),202309782,2023-08-21,남자 일반부,개인전,토너먼트,준준준준결승 2,이년호,200312006064,,구성진,201302009824,,3,0,A
2023 제8회 전국실업스쿼시 선수권대회(개인전),202309782,2023-08-21,남자 일반부,개인전,토너먼트,준준준준결승 3,김태현,201302005947,,지동현,201507002321,,0,3,B
2023 제8회 전국실업스쿼시 선수권대회(개인전),202309782,2023-08-21,남자 일반부,개인전,토너먼트,준준준준결승 4,임재현,201402001427,,유재진,200504008874,,2,3,B
2023 제8회 전국실업스쿼시 선수권대회(개인전),202309782,2023-08-21,남자 일반부,개인전,토너먼트,준준준준결승 5,고영조,200506001863,,이동준,201302010744,,1,3,B
2023 제8회 전국실업스쿼시 선수권대회(개인전),202309782,2023-08-21,남자 일반부,개인전,토너먼트,준준준준결승 6,정대훈,200504009468,,강우석,201302005902,,0,3,B
2023 제8회 전국실업스쿼시 선수권대회(개인전),202309782,2023-08-21,남자 일반부,개인전,토너먼트,준준준준결승 7,이동민,201302010757,,탁형진,201012000985,,3,0,A
2023 제8회 전국실업스쿼시 선수권대회(개인전),202309782,2023-08-21,남자 일반부,개인전,토너먼트,준준준준결승 8,최호진,201306001130,,류한동,200903026007,,3,0,A
2023 제8회 전국실업스쿼시 선수권대회(개인전),202309782,2023-08-21,남자 일반부,개인전,토너먼트,준준준준결승 9,최동진,201104003470,,박성찬,201006002472,,0,3,B
2023 제8회 전국실업스쿼시 선수권대회(개인전),202309782,2023-08-21,남자 일반부,개인전,토너먼트,준준준준결승 10,오민재,200805001140,,한승철,201501001406,,0,3,B
2023 제8회 전국실업스쿼시 선수권대회(개인전),202309782,2023-08-21,남자 일반부,개인전,토너먼트,준준준준결승 11,김현동,200312010625,,심규영,201504001319,,0,0,B
2023 제8회 전국실업스쿼시 선수권대회(개인전),202309782,2023-08-21,남자 일반부,개인전,토너먼트,준준준준결승 12,유덕재,201104000837,,황중찬,200706002344,,2,3,B
2023 제8회 전국실업스쿼시 선수권대회(개인전),202309782,2023-08-21,남자 일반부,개인전,토너먼트,준준준준결승 13,박승민,201702006829,,오성학,201103013572,,2,3,B
2023 제8회 전국실업스쿼시 선수권대회(개인전),202309782,2023-08-21,남자 일반부,개인전,토너먼트,준준준준결승 14,유승용,200907002704,,박경민,201504006889,,3,0,A
2023 제8회 전국실업스쿼시 선수권대회(개인전),202309782,2023-08-21,남자 일반부,개인전,토너먼트,준준준준결승 15,이건동,200312007919,,강현범,201302006321,,1,3,B
2023 제8회 전국실업스쿼시 선수권대회(개인전),202309782,2023-08-21,남자 일반부,개인전,토너먼트,준준준준결승 16,박종명,200803023360,,조영훈,200905003169,,2,3,B
2023 제8회 전국실업스쿼시 선수권대회(개인전),202309782,2023-08-21,남자 일반부,개인전,토너먼트,준준준결승경기１,이민우,201407000924,,이년호,200312006064,,3,0,A
2023 제8회 전국실업스쿼시 선수권대회(개인전),202309782,2023-08-21,남자 일반부,개인전,토너먼트,준준준결승경기２,지동현,201507002321,,유재진,200504008874,,0,3,B
2023 제8회 전국실업스쿼시 선수권대회(개인전),202309782,2023-08-21,남자 일반부,개인전,토너먼트,준준준결승경기３,이동준,201302010744,,강우석,201302005902,,3,1,A
2023 제8회 전국실업스쿼시 선수권대회(개인전),202309782,2023-08-21,남자 일반부,개인전,토너먼트,준준준결승경기４,이동민,201302010757,,최호진,201306001130,,3,1,A
2023 제8회 전국실업스쿼시 선수권대회(개인전),202309782,2023-08-21,남자 일반부,개인전,토너먼트,준준준결승경기５,박성찬,201006002472,,한승철,201501001406,,2,3,B
2023 제8회 전국실업스쿼시 선수권대회(개인전),202309782,2023-08-21,남자 일반부,개인전,토너먼트,준준준결승경기６,심규영,201504001319,,황중찬,200706002344,,0,3,B
2023 제8회 전국실업스쿼시 선수권대회(개인전),202309782,2023-08-21,남자 일반부,개인전,토너먼트,준준준결승경기７,오성학,201103013572,,유승용,200907002704,,3,2,A
2023 제8회 전국실업스쿼시 선수권대회(개인전),202309782,2023-08-21,남자 일반부,개인전,토너먼트,준준준결승경기８,강현범,201302006321,,조영훈,200905003169,,3,0,A
2023 제8회 전국실업스쿼시 선수권대회(개인전),202309782,2023-08-21,남자 일반부,개인전,토너먼트,준준결승경기１,이민우,201407000924,,유재진,200504008874,,0,3,B
2023 제8회 전국실업스쿼시 선수권대회(개인전),202309782,2023-08-21,남자 일반부,개인전,토너먼트,준준결승경기２,이동준,201302010744,,이동민,201302010757,,2,3,B
2023 제8회 전국실업스쿼시 선수권대회(개인전),202309782,2023-08-21,남자 일반부,개인전,토너먼트,준준결승경기３,한승철,201501001406,,황중찬,200706002344,,3,0,A
2023 제8회 전국실업스쿼시 선수권대회(개인전),202309782,2023-08-21,남자 일반부,개인전,토너먼트,준준결승경기４,오성학,201103013572,,강현범,201302006321,,0,3,B
2023 제8회 전국실업스쿼시 선수권대회(개인전),202309782,2023-08-21,남자 일반부,개인전,토너먼트,준결승경기１,유재진,200504008874,,이동민,201302010757,,3,1,A
2023 제8회 전국실업스쿼시 선수권대회(개인전),202309782,2023-08-21,남자 일반부,개인전,토너먼트,준결승경기２,한승철,201501001406,,강현범,201302006321,,3,1,A
2023 제8회 전국실업스쿼시 선수권대회(개인전),202309782,2023-08-21,남자 일반부,개인전,토너먼트,결승,유재진,200504008874,,한승철,201501001406,,3,0,A
제20회 회장배 전국 학생 스쿼시 선수권대회,202309747,2023-08-25,여자 18세이하부,개인전,토너먼트,예선경기２,김유빈,202302015267,,김하연,201503006905,,0,0,B
제20회 회장배 전국 학생 스쿼시 선수권대회,202309747,2023-08-25,여자 18세이하부,개인전,토너먼트,예선경기３,이기쁨,202201001493,,남지윤,202203011255,,3,1,A
제20회 회장배 전국 학생 스쿼시 선수권대회,202309747,2023-08-25,여자 18세이하부,개인전,토너먼트,예선경기４,조아연,201903004040,,문서윤,202307002568,,3,0,A
제20회 회장배 전국 학생 스쿼시 선수권대회,202309747,2023-08-25,여자 18세이하부,개인전,토너먼트,예선경기５,서예은,202206004756,,김소윤,202307002569,,3,0,A
제20회 회장배 전국 학생 스쿼시 선수권대회,202309747,2023-08-25,여자 18세이하부,개인전,토너먼트,예선경기６,김태연,201605003414,,임수아,202302017165,,3,0,A
제20회 회장배 전국 학생 스쿼시 선수권대회,202309747,2023-08-25,여자 18세이하부,개인전,토너먼트,예선경기７,정수아,202307002127,,유주아,202303027889,,1,3,B
제20회 회장배 전국 학생 스쿼시 선수권대회,202309747,2023-08-25,여자 18세이하부,개인전,토너먼트,예선경기８,전현영,202201001946,,강현아,202204080697,,3,0,A
제20회 회장배 전국 학생 스쿼시 선수권대회,202309747,2023-08-25,여자 18세이하부,개인전,토너먼트,준준결승경기１,엄준,201804000231,,김하연,201503006905,,0,3,B
제20회 회장배 전국 학생 스쿼시 선수권대회,202309747,2023-08-25,여자 18세이하부,개인전,토너먼트,준준결승경기２,이기쁨,202201001493,,조아연,201903004040,,0,3,B
제20회 회장배 전국 학생 스쿼시 선수권대회,202309747,2023-08-25,여자 18세이하부,개인전,토너먼트,준준결승경기３,서예은,202206004756,,김태연,201605003414,,3,2,A
제20회 회장배 전국 학생 스쿼시 선수권대회,202309747,2023-08-25,여자 18세이하부,개인전,토너먼트,준준결승경기４,유주아,202303027889,,전현영,202201001946,,0,3,B
제20회 회장배 전국 학생 스쿼시 선수권대회,202309747,2023-08-25,여자 18세이하부,개인전,토너먼트,준결승경기１,김하연,201503006905,,조아연,201903004040,,3,2,A
제20회 회장배 전국 학생 스쿼시 선수권대회,202309747,2023-08-25,여자 18세이하부,개인전,토너먼트,준결승경기２,서예은,202206004756,,전현영,202201001946,,0,3,B
제20회 회장배 전국 학생 스쿼시 선수권대회,202309747,2023-08-25,여자 18세이하부,개인전,토너먼트,결승,김하연,201503006905,,전현영,202201001946,,3,0,A
제20회 회장배 전국 학생 스쿼시 선수권대회,202309747,2023-08-25,여자 18세이하부,복식,토너먼트,예선경기１,"이기쁨, 전현영",,,"임수아, 조아연",,,2,1,A
제20회 회장배 전국 학생 스쿼시 선수권대회,202309747,2023-08-25,여자 18세이하부,복식,토너먼트,예선경기２,"강현아, 엄준",,,"정수아, 문서윤",,,2,0,A
제20회 회장배 전국 학생 스쿼시 선수권대회,202309747,2023-08-25,여자 18세이하부,복식,토너먼트,결승,"이기쁨, 전현영",,,"강현아, 엄준",,,2,0,A
제20회 회장배 전국 학생 스쿼시 선수권대회,202309747,2023-08-25,남자 18세이하부,개인전,토너먼트,예선경기２,이건후,202103007938,,김준석,202305013055,,3,0,A
제20회 회장배 전국 학생 스쿼시 선수권대회,202309747,2023-08-25,남자 18세이하부,개인전,토너먼트,예선경기３,이지항,202206007001,,박상현,202306009676,,3,0,A
제20회 회장배 전국 학생 스쿼시 선수권대회,202309747,2023-08-25,남자 18세이하부,개인전,토너먼트,예선경기４,안지훈,202307002572,,남기태,202103006627,,0,3,B
제20회 회장배 전국 학생 스쿼시 선수권대회,202309747,2023-08-25,남자 18세이하부,개인전,토너먼트,예선경기６,이용욱,201902003971,,권용하,202302018804,,3,0,A
제20회 회장배 전국 학생 스쿼시 선수권대회,202309747,2023-08-25,남자 18세이하부,개인전,토너먼트,예선경기７,오서진,201605004663,,우석현,202307002559,,3,0,A
제20회 회장배 전국 학생 스쿼시 선수권대회,202309747,2023-08-25,남자 18세이하부,개인전,토너먼트,예선경기１０,류정욱,201603018160,,조현준,202203001440,,3,0,A
제20회 회장배 전국 학생 스쿼시 선수권대회,202309747,2023-08-25,남자 18세이하부,개인전,토너먼트,예선경기１１,김준호,202004000367,,윤성호,982127000016,,0,0,B
제20회 회장배 전국 학생 스쿼시 선수권대회,202309747,2023-08-25,남자 18세이하부,개인전,토너먼트,예선경기１３,이성민,202107001910,,전윤건,202306010293,,3,0,A
제20회 회장배 전국 학생 스쿼시 선수권대회,202309747,2023-08-25,남자 18세이하부,개인전,토너먼트,예선경기１４,서윤재,202203001042,,김동하,202207005619,,1,3,B
제20회 회장배 전국 학생 스쿼시 선수권대회,202309747,2023-08-25,남자 18세이하부,개인전,토너먼트,예선경기１５,정광민,202103008002,,나동현,202301001068,,3,0,A
제20회 회장배 전국 학생 스쿼시 선수권대회,202309747,2023-08-25,남자 18세이하부,개인전,토너먼트,준준준결승경기１,박민기,202006000140,,이건후,202103007938,,0,3,B
제20회 회장배 전국 학생 스쿼시 선수권대회,202309747,2023-08-25,남자 18세이하부,개인전,토너먼트,준준준결승경기２,이지항,202206007001,,남기태,202103006627,,0,3,B
제20회 회장배 전국 학생 스쿼시 선수권대회,202309747,2023-08-25,남자 18세이하부,개인전,토너먼트,준준준결승경기３,김준영,201707001971,,이용욱,201902003971,,3,0,A
제20회 회장배 전국 학생 스쿼시 선수권대회,202309747,2023-08-25,남자 18세이하부,개인전,토너먼트,준준준결승경기４,오서진,201605004663,,박시환,202306009362,,3,0,A
제20회 회장배 전국 학생 스쿼시 선수권대회,202309747,2023-08-25,남자 18세이하부,개인전,토너먼트,준준준결승경기５,고백균,202203000460,,류정욱,201603018160,,0,3,B
제20회 회장배 전국 학생 스쿼시 선수권대회,202309747,2023-08-25,남자 18세이하부,개인전,토너먼트,준준준결승경기６,윤성호,982127000016,,구동현,201402010302,,3,0,A
제20회 회장배 전국 학생 스쿼시 선수권대회,202309747,2023-08-25,남자 18세이하부,개인전,토너먼트,준준준결승경기７,이성민,202107001910,,김동하,202207005619,,1,3,B
제20회 회장배 전국 학생 스쿼시 선수권대회,202309747,2023-08-25,남자 18세이하부,개인전,토너먼트,준준준결승경기８,정광민,202103008002,,손우주,201902004585,,0,3,B
제20회 회장배 전국 학생 스쿼시 선수권대회,202309747,2023-08-25,남자 18세이하부,개인전,토너먼트,준준결승경기１,이건후,202103007938,,남기태,202103006627,,3,1,A
제20회 회장배 전국 학생 스쿼시 선수권대회,202309747,2023-08-25,남자 18세이하부,개인전,토너먼트,준준결승경기２,김준영,201707001971,,오서진,201605004663,,0,3,B
제20회 회장배 전국 학생 스쿼시 선수권대회,202309747,2023-08-25,남자 18세이하부,개인전,토너먼트,준준결승경기３,류정욱,201603018160,,윤성호,982127000016,,3,1,A
제20회 회장배 전국 학생 스쿼시 선수권대회,202309747,2023-08-25,남자 18세이하부,개인전,토너먼트,준준결승경기４,김동하,202207005619,,손우주,201902004585,,0,0,B
제20회 회장배 전국 학생 스쿼시 선수권대회,202309747,2023-08-25,남자 18세이하부,개인전,토너먼트,준결승경기１,이건후,202103007938,,오서진,201605004663,,0,3,B
제20회 회장배 전국 학생 스쿼시 선수권대회,202309747,2023-08-25,남자 18세이하부,개인전,토너먼트,준결승경기２,류정욱,201603018160,,손우주,201902004585,,3,0,A
제20회 회장배 전국 학생 스쿼시 선수권대회,202309747,2023-08-25,남자 18세이하부,개인전,토너먼트,결승,오서진,201605004663,,류정욱,201603018160,,3,1,A
제20회 회장배 전국 학생 스쿼시 선수권대회,202309747,2023-08-25,남자 18세이하부,단체전,토너먼트,예선경기２,인천 대건고등학교,,,양산제일고등학교,,,0,2,B
제20회 회장배 전국 학생 스쿼시 선수권대회,202309747,2023-08-25,남자 18세이하부,단체전,토너먼트,예선경기３,충북상업정보고등학교,,,인천 대건고등학교,,,0,3,B
제20회 회장배 전국 학생 스쿼시 선수권대회,202309747,2023-08-25,남자 18세이하부,단체전,토너먼트,예선경기４,동일미래과학고등학교,,,대광고등학교,,,3,0,A
제20회 회장배 전국 학생 스쿼시 선수권대회,202309747,2023-08-25,남자 18세이하부,단체전,토너먼트,준결승경기１,언양고등학교,,,양산제일고등학교,,,0,2,B
제20회 회장배 전국 학생 스쿼시 선수권대회,202309747,2023-08-25,남자 18세이하부,단체전,토너먼트,준결승경기２,인천 대건고등학교,,,동일미래과학고등학교,,,2,0,A
제20회 회장배 전국 학생 스쿼시 선수권대회,202309747,2023-08-25,남자 18세이하부,단체전,토너먼트,결승,양산제일고등학교,,,인천 대건고등학교,,,0,0,B
제20회 회장배 전국 학생 스쿼시 선수권대회,202309747,2023-08-25,남자 18세이하부,복식,토너먼트,예선경기２,"김건, 김준영",,,"조현준, 나동현",,,0,0,B
제20회 회장배 전국 학생 스쿼시 선수권대회,202309747,2023-08-25,남자 18세이하부,복식,토너먼트,예선경기３,"곽서준, 이성빈",,,"고백균, 권용하",,,1,2,B
제20회 회장배 전국 학생 스쿼시 선수권대회,202309747,2023-08-25,남자 18세이하부,복식,토너먼트,예선경기４,"정건희, 류정욱",,,"이동욱, 정광민",,,2,0,A
제20회 회장배 전국 학생 스쿼시 선수권대회,202309747,2023-08-25,남자 18세이하부,복식,토너먼트,준결승경기１,"박지훈, 박은찬",,,"조현준, 나동현",,,2,0,A
제20회 회장배 전국 학생 스쿼시 선수권대회,202309747,2023-08-25,남자 18세이하부,복식,토너먼트,준결승경기２,"고백균, 권용하",,,"정건희, 류정욱",,,0,2,B
제20회 회장배 전국 학생 스쿼시 선수권대회,202309747,2023-08-25,남자 18세이하부,복식,토너먼트,결승,"박지훈, 박은찬",,,"정건희, 류정욱",,,0,2,B
제20회 회장배 전국 학생 스쿼시 선수권대회,202309747,2023-08-25,여자 대학부,개인전,토너먼트,예선경기２,노윤진,201702011015,,김민정,202102002754,,3,0,A
제20회 회장배 전국 학생 스쿼시 선수권대회,202309747,2023-08-25,여자 대학부,개인전,토너먼트,예선경기３,조강빈,201606003147,,조예림,202006001243,,3,0,A
제20회 회장배 전국 학생 스쿼시 선수권대회,202309747,2023-08-25,여자 대학부,개인전,토너먼트,준결승경기１,장예원,201601000670,,노윤진,201702011015,,3,0,A
제20회 회장배 전국 학생 스쿼시 선수권대회,202309747,2023-08-25,여자 대학부,개인전,토너먼트,준결승경기２,조강빈,201606003147,,이소진,201503029527,,1,3,B
제20회 회장배 전국 학생 스쿼시 선수권대회,202309747,2023-08-25,여자 대학부,개인전,토너먼트,결승,장예원,201601000670,,이소진,201503029527,,3,0,A
제20회 회장배 전국 학생 스쿼시 선수권대회,202309747,2023-08-25,남자 대학부,개인전,토너먼트,예선경기２,김현인,201602013447,,박경민,201504006889,,3,1,A
제20회 회장배 전국 학생 스쿼시 선수권대회,202309747,2023-08-25,남자 대학부,개인전,토너먼트,예선경기３,이라온,201602011151,,천승환,202107003356,,3,0,A
제20회 회장배 전국 학생 스쿼시 선수권대회,202309747,2023-08-25,남자 대학부,개인전,토너먼트,예선경기４,박민준,201902005286,,탁효진,201104003468,,0,3,B
제20회 회장배 전국 학생 스쿼시 선수권대회,202309747,2023-08-25,남자 대학부,개인전,토너먼트,예선경기５,이강인,201808001789,,정태경,201606000617,,1,3,B
제20회 회장배 전국 학생 스쿼시 선수권대회,202309747,2023-08-25,남자 대학부,개인전,토너먼트,예선경기６,심규영,201504001319,,김사무엘,201505001195,,3,1,A
제20회 회장배 전국 학생 스쿼시 선수권대회,202309747,2023-08-25,남자 대학부,개인전,토너먼트,예선경기７,구성진,201302009824,,한혁중,202203001974,,3,0,A
제20회 회장배 전국 학생 스쿼시 선수권대회,202309747,2023-08-25,남자 대학부,개인전,토너먼트,예선경기８,유호제,201405000567,,최호진,201306001130,,1,3,B
제20회 회장배 전국 학생 스쿼시 선수권대회,202309747,2023-08-25,남자 대학부,개인전,토너먼트,준준결승경기１,박승민,201702006829,,김현인,201602013447,,3,0,A
제20회 회장배 전국 학생 스쿼시 선수권대회,202309747,2023-08-25,남자 대학부,개인전,토너먼트,준준결승경기２,이라온,201602011151,,탁효진,201104003468,,1,3,B
제20회 회장배 전국 학생 스쿼시 선수권대회,202309747,2023-08-25,남자 대학부,개인전,토너먼트,준준결승경기３,정태경,201606000617,,심규영,201504001319,,2,3,B
제20회 회장배 전국 학생 스쿼시 선수권대회,202309747,2023-08-25,남자 대학부,개인전,토너먼트,준준결승경기４,구성진,201302009824,,최호진,201306001130,,1,3,B
제20회 회장배 전국 학생 스쿼시 선수권대회,202309747,2023-08-25,남자 대학부,개인전,토너먼트,준결승경기１,박승민,201702006829,,탁효진,201104003468,,3,2,A
제20회 회장배 전국 학생 스쿼시 선수권대회,202309747,2023-08-25,남자 대학부,개인전,토너먼트,준결승경기２,심규영,201504001319,,최호진,201306001130,,1,3,B
제20회 회장배 전국 학생 스쿼시 선수권대회,202309747,2023-08-25,남자 대학부,개인전,토너먼트,결승,박승민,201702006829,,최호진,201306001130,,3,1,A
제20회 회장배 전국 학생 스쿼시 선수권대회,202309747,2023-08-25,남자 대학부,복식,토너먼트,예선경기１,"김사무엘, 탁효진",,,"박승민, 박경민",,,2,0,A
제20회 회장배 전국 학생 스쿼시 선수권대회,202309747,2023-08-25,남자 대학부,복식,토너먼트,예선경기２,"구성진, 정태경",,,"천승환, 박민준",,,2,0,A
제20회 회장배 전국 학생 스쿼시 선수권대회,202309747,2023-08-25,남자 대학부,복식,토너먼트,결승,"김사무엘, 탁효진",,,"구성진, 정태경",,,2,1,A
제16회 하계 전국 중고 스쿼시 선수권대회,202309748,2023-08-26,여자 15세이하부,개인전,토너먼트,예선경기１,정단아,202207001150,,서윤지,202303007684,,3,0,A
제16회 하계 전국 중고 스쿼시 선수권대회,202309748,2023-08-26,여자 15세이하부,개인전,토너먼트,예선경기２,이수현,202302014612,,정현아,202207001169,,3,0,A
제16회 하계 전국 중고 스쿼시 선수권대회,202309748,2023-08-26,여자 15세이하부,개인전,토너먼트,예선경기３,조소연,202207001038,,박인비,202303006453,,2,3,B
제16회 하계 전국 중고 스쿼시 선수권대회,202309748,2023-08-26,여자 15세이하부,개인전,토너먼트,예선경기４,박하윤,202307007841,,이재인,202305008081,,3,1,A
제16회 하계 전국 중고 스쿼시 선수권대회,202309748,2023-08-26,여자 15세이하부,개인전,토너먼트,준결승경기１,정단아,202207001150,,이수현,202302014612,,0,3,B
제16회 하계 전국 중고 스쿼시 선수권대회,202309748,2023-08-26,여자 15세이하부,개인전,토너먼트,준결승경기２,박인비,202303006453,,박하윤,202307007841,,3,0,A
제16회 하계 전국 중고 스쿼시 선수권대회,202309748,2023-08-26,여자 15세이하부,개인전,토너먼트,결승,이수현,202302014612,,박인비,202303006453,,3,0,A
제16회 하계 전국 중고 스쿼시 선수권대회,202309748,2023-08-26,남자 15세이하부,개인전,토너먼트,예선경기２,김민재,202303000324,,윤종현,202204001156,,0,3,B
제16회 하계 전국 중고 스쿼시 선수권대회,202309748,2023-08-26,남자 15세이하부,개인전,토너먼트,예선경기３,김동휘,202303008046,,류이안,202202002233,,0,3,B
제16회 하계 전국 중고 스쿼시 선수권대회,202309748,2023-08-26,남자 15세이하부,개인전,토너먼트,예선경기４,송지민,202307007502,,장승보,202303008035,,0,3,B
제16회 하계 전국 중고 스쿼시 선수권대회,202309748,2023-08-26,남자 15세이하부,개인전,토너먼트,예선경기５,김찬영,202203001906,,김하늘,202307007862,,3,0,A
제16회 하계 전국 중고 스쿼시 선수권대회,202309748,2023-08-26,남자 15세이하부,개인전,토너먼트,예선경기６,김도윤,202307009270,,윤태훈,202209003037,,0,3,B
제16회 하계 전국 중고 스쿼시 선수권대회,202309748,2023-08-26,남자 15세이하부,개인전,토너먼트,예선경기７,이승준,202302017771,,전서율,201905001623,,0,3,B
제16회 하계 전국 중고 스쿼시 선수권대회,202309748,2023-08-26,남자 15세이하부,개인전,토너먼트,준준결승경기１,이동화,202007000243,,윤종현,202204001156,,3,0,A
제16회 하계 전국 중고 스쿼시 선수권대회,202309748,2023-08-26,남자 15세이하부,개인전,토너먼트,준준결승경기２,류이안,202202002233,,장승보,202303008035,,3,0,A
제16회 하계 전국 중고 스쿼시 선수권대회,202309748,2023-08-26,남자 15세이하부,개인전,토너먼트,준준결승경기３,김찬영,202203001906,,윤태훈,202209003037,,3,0,A
제16회 하계 전국 중고 스쿼시 선수권대회,202309748,2023-08-26,남자 15세이하부,개인전,토너먼트,준준결승경기４,전서율,201905001623,,송지원,202307007512,,3,0,A
제16회 하계 전국 중고 스쿼시 선수권대회,202309748,2023-08-26,남자 15세이하부,개인전,토너먼트,준결승경기１,이동화,202007000243,,류이안,202202002233,,3,0,A
제16회 하계 전국 중고 스쿼시 선수권대회,202309748,2023-08-26,남자 15세이하부,개인전,토너먼트,준결승경기２,김찬영,202203001906,,전서율,201905001623,,3,0,A
제16회 하계 전국 중고 스쿼시 선수권대회,202309748,2023-08-26,남자 15세이하부,개인전,토너먼트,결승,이동화,202007000243,,김찬영,202203001906,,1,3,B
제16회 하계 전국 중고 스쿼시 선수권대회,202309748,2023-08-26,여자 18세이하부,개인전,토너먼트,1R / A조,남지윤,202203011255,,김민지,202205118922,,0,0,
제16회 하계 전국 중고 스쿼시 선수권대회,202309748,2023-08-26,여자 18세이하부,개인전,토너먼트,1R / A조,이소영,202204000485,,김민지,202205118922,,0,0,
제16회 하계 전국 중고 스쿼시 선수권대회,202309748,2023-08-26,여자 18세이하부,개인전,토너먼트,1R / A조,이소영,202204000485,,남지윤,202203011255,,0,0,
제16회 하계 전국 중고 스쿼시 선수권대회,202309748,2023-08-26,여자 18세이하부,개인전,토너먼트,예선경기１,이소영,202204000485,,남지윤,202203011255,,0,0,B
제16회 하계 전국 중고 스쿼시 선수권대회,202309748,2023-08-26,여자 18세이하부,개인전,토너먼트,예선경기２,김민지,202205118922,,이기쁨,202201001493,,0,3,B
제16회 하계 전국 중고 스쿼시 선수권대회,202309748,2023-08-26,여자 18세이하부,개인전,토너먼트,결승,남지윤,202203011255,,이기쁨,202201001493,,1,3,B
제16회 하계 전국 중고 스쿼시 선수권대회,202309748,2023-08-26,남자 18세이하부,개인전,토너먼트,예선경기２,이성민,202107001910,,나동현,202301001068,,3,0,A
제16회 하계 전국 중고 스쿼시 선수권대회,202309748,2023-08-26,남자 18세이하부,개인전,토너먼트,예선경기３,김동하,202207005619,,고백균,202203000460,,0,0,B
제16회 하계 전국 중고 스쿼시 선수권대회,202309748,2023-08-26,남자 18세이하부,개인전,토너먼트,예선경기４,이지항,202206007001,,강세찬,202303003325,,3,0,A
제16회 하계 전국 중고 스쿼시 선수권대회,202309748,2023-08-26,남자 18세이하부,개인전,토너먼트,예선경기５,나승찬,202205118675,,정광민,202103008002,,0,0,A
제16회 하계 전국 중고 스쿼시 선수권대회,202309748,2023-08-26,남자 18세이하부,개인전,토너먼트,예선경기６,권용하,202302018804,,남기태,202103006627,,1,3,B
제16회 하계 전국 중고 스쿼시 선수권대회,202309748,2023-08-26,남자 18세이하부,개인전,토너먼트,예선경기７,유민기,202201001496,,구동현,201402010302,,3,1,A
제16회 하계 전국 중고 스쿼시 선수권대회,202309748,2023-08-26,남자 18세이하부,개인전,토너먼트,예선경기８,조현준,202203001440,,박지훈,201706000549,,0,3,B
제16회 하계 전국 중고 스쿼시 선수권대회,202309748,2023-08-26,남자 18세이하부,개인전,토너먼트,준준결승경기１,정건희,202002001955,,이성민,202107001910,,3,0,A
제16회 하계 전국 중고 스쿼시 선수권대회,202309748,2023-08-26,남자 18세이하부,개인전,토너먼트,준준결승경기２,고백균,202203000460,,이지항,202206007001,,3,0,A
제16회 하계 전국 중고 스쿼시 선수권대회,202309748,2023-08-26,남자 18세이하부,개인전,토너먼트,준준결승경기３,나승찬,202205118675,,남기태,202103006627,,0,3,B
제16회 하계 전국 중고 스쿼시 선수권대회,202309748,2023-08-26,남자 18세이하부,개인전,토너먼트,준준결승경기４,유민기,202201001496,,박지훈,201706000549,,0,3,B
제16회 하계 전국 중고 스쿼시 선수권대회,202309748,2023-08-26,남자 18세이하부,개인전,토너먼트,준결승경기１,정건희,202002001955,,고백균,202203000460,,3,0,A
제16회 하계 전국 중고 스쿼시 선수권대회,202309748,2023-08-26,남자 18세이하부,개인전,토너먼트,준결승경기２,남기태,202103006627,,박지훈,201706000549,,0,3,B
제16회 하계 전국 중고 스쿼시 선수권대회,202309748,2023-08-26,남자 18세이하부,개인전,토너먼트,결승,정건희,202002001955,,박지훈,201706000549,,0,3,B
제20회 대한체육회장배 전국 스쿼시 선수권대회,202400167,2024-03-21,여자 12세이하부,개인전,토너먼트,예선경기２,최은,202304014708,,빈한결,202305009723,,3,0,A
제20회 대한체육회장배 전국 스쿼시 선수권대회,202400167,2024-03-21,여자 12세이하부,개인전,토너먼트,예선경기３,정서윤,202307004948,,김하은,202402004332,,3,0,A
제20회 대한체육회장배 전국 스쿼시 선수권대회,202400167,2024-03-21,여자 12세이하부,개인전,토너먼트,예선경기４,최민지,202311002499,,김아린,202303035971,,0,3,B
제20회 대한체육회장배 전국 스쿼시 선수권대회,202400167,2024-03-21,여자 12세이하부,개인전,토너먼트,예선경기５,신소이,202403001603,,김예빈,202311001849,,0,0,B
제20회 대한체육회장배 전국 스쿼시 선수권대회,202400167,2024-03-21,여자 12세이하부,개인전,토너먼트,예선경기６,이서우,202311002595,,박서하,202307007943,,3,0,A
제20회 대한체육회장배 전국 스쿼시 선수권대회,202400167,2024-03-21,여자 12세이하부,개인전,토너먼트,예선경기７,홍지우,202307007070,,안희채,202311002629,,3,1,A
제20회 대한체육회장배 전국 스쿼시 선수권대회,202400167,2024-03-21,여자 12세이하부,개인전,토너먼트,예선경기８,김다인,202402016722,,김주빈,202202003972,,0,3,B
제20회 대한체육회장배 전국 스쿼시 선수권대회,202400167,2024-03-21,여자 12세이하부,개인전,토너먼트,준준결승경기１,구보민,202206006488,,최은,202304014708,,3,0,A
제20회 대한체육회장배 전국 스쿼시 선수권대회,202400167,2024-03-21,여자 12세이하부,개인전,토너먼트,준준결승경기２,정서윤,202307004948,,김아린,202303035971,,0,3,B
제20회 대한체육회장배 전국 스쿼시 선수권대회,202400167,2024-03-21,여자 12세이하부,개인전,토너먼트,준준결승경기３,김예빈,202311001849,,이서우,202311002595,,0,3,B
제20회 대한체육회장배 전국 스쿼시 선수권대회,202400167,2024-03-21,여자 12세이하부,개인전,토너먼트,준준결승경기４,홍지우,202307007070,,김주빈,202202003972,,2,3,B
제20회 대한체육회장배 전국 스쿼시 선수권대회,202400167,2024-03-21,여자 12세이하부,개인전,토너먼트,준결승경기１,구보민,202206006488,,김아린,202303035971,,3,0,A
제20회 대한체육회장배 전국 스쿼시 선수권대회,202400167,2024-03-21,여자 12세이하부,개인전,토너먼트,준결승경기２,이서우,202311002595,,김주빈,202202003972,,2,3,B
제20회 대한체육회장배 전국 스쿼시 선수권대회,202400167,2024-03-21,여자 12세이하부,개인전,토너먼트,결승,구보민,202206006488,,김주빈,202202003972,,3,0,A
제20회 대한체육회장배 전국 스쿼시 선수권대회,202400167,2024-03-21,남자 12세이하부,개인전,토너먼트,예선경기２,강예준,202304049424,,이준서,202305012079,,3,0,A
제20회 대한체육회장배 전국 스쿼시 선수권대회,202400167,2024-03-21,남자 12세이하부,개인전,토너먼트,준준준결승경기１,김민기,202006003212,,강예준,202304049424,,3,0,A
제20회 대한체육회장배 전국 스쿼시 선수권대회,202400167,2024-03-21,남자 12세이하부,개인전,토너먼트,준준준결승경기２,김승원,202203009992,,이치윤,202308010096,,3,1,A
제20회 대한체육회장배 전국 스쿼시 선수권대회,202400167,2024-03-21,남자 12세이하부,개인전,토너먼트,준준준결승경기３,이석현,202302017098,,김민준,202402015749,,3,0,A
제20회 대한체육회장배 전국 스쿼시 선수권대회,202400167,2024-03-21,남자 12세이하부,개인전,토너먼트,준준준결승경기４,최현욱,202103005535,,강동운,202402018619,,3,0,A
제20회 대한체육회장배 전국 스쿼시 선수권대회,202400167,2024-03-21,남자 12세이하부,개인전,토너먼트,준준준결승경기５,최재원,202102002568,,강동윤,202304049313,,0,3,B
제20회 대한체육회장배 전국 스쿼시 선수권대회,202400167,2024-03-21,남자 12세이하부,개인전,토너먼트,준준준결승경기６,김래원,202308009664,,김현석,202204086936,,0,3,B
제20회 대한체육회장배 전국 스쿼시 선수권대회,202400167,2024-03-21,남자 12세이하부,개인전,토너먼트,준준준결승경기７,문승재,202307003384,,김준수,202305008331,,0,3,B
제20회 대한체육회장배 전국 스쿼시 선수권대회,202400167,2024-03-21,남자 12세이하부,개인전,토너먼트,준준준결승경기８,강연우,202302018875,,이건빈,202306011935,,3,0,A
제20회 대한체육회장배 전국 스쿼시 선수권대회,202400167,2024-03-21,남자 12세이하부,개인전,토너먼트,준준결승경기１,김민기,202006003212,,김승원,202203009992,,3,0,A
제20회 대한체육회장배 전국 스쿼시 선수권대회,202400167,2024-03-21,남자 12세이하부,개인전,토너먼트,준준결승경기２,이석현,202302017098,,최현욱,202103005535,,0,3,B
제20회 대한체육회장배 전국 스쿼시 선수권대회,202400167,2024-03-21,남자 12세이하부,개인전,토너먼트,준준결승경기３,강동윤,202304049313,,김현석,202204086936,,0,3,B
제20회 대한체육회장배 전국 스쿼시 선수권대회,202400167,2024-03-21,남자 12세이하부,개인전,토너먼트,준준결승경기４,김준수,202305008331,,강연우,202302018875,,0,3,B
제20회 대한체육회장배 전국 스쿼시 선수권대회,202400167,2024-03-21,남자 12세이하부,개인전,토너먼트,준결승경기１,김민기,202006003212,,최현욱,202103005535,,3,0,A
제20회 대한체육회장배 전국 스쿼시 선수권대회,202400167,2024-03-21,남자 12세이하부,개인전,토너먼트,준결승경기２,김현석,202204086936,,강연우,202302018875,,0,3,B
제20회 대한체육회장배 전국 스쿼시 선수권대회,202400167,2024-03-21,남자 12세이하부,개인전,토너먼트,결승,김민기,202006003212,,강연우,202302018875,,3,0,A
제20회 대한체육회장배 전국 스쿼시 선수권대회,202400167,2024-03-21,여자 15세이하부,개인전,토너먼트,예선경기２,정지현,202302002107,,박지은,202002004079,,3,0,A
제20회 대한체육회장배 전국 스쿼시 선수권대회,202400167,2024-03-21,여자 15세이하부,개인전,토너먼트,예선경기３,이재인,202305008081,,정단아,202207001150,,0,3,B
제20회 대한체육회장배 전국 스쿼시 선수권대회,202400167,2024-03-21,여자 15세이하부,개인전,토너먼트,예선경기４,김도은,202006003279,,남유비,202202004112,,3,0,A
제20회 대한체육회장배 전국 스쿼시 선수권대회,202400167,2024-03-21,여자 15세이하부,개인전,토너먼트,예선경기６,허은소,202306011197,,강연아,202302018871,,0,3,B
제20회 대한체육회장배 전국 스쿼시 선수권대회,202400167,2024-03-21,여자 15세이하부,개인전,토너먼트,예선경기７,황보영,202303008360,,정현아,202207001169,,3,0,A
제20회 대한체육회장배 전국 스쿼시 선수권대회,202400167,2024-03-21,여자 15세이하부,개인전,토너먼트,준준결승경기１,이해인,202002004113,,정지현,202302002107,,3,0,A
제20회 대한체육회장배 전국 스쿼시 선수권대회,202400167,2024-03-21,여자 15세이하부,개인전,토너먼트,준준결승경기２,정단아,202207001150,,김도은,202006003279,,0,3,B
제20회 대한체육회장배 전국 스쿼시 선수권대회,202400167,2024-03-21,여자 15세이하부,개인전,토너먼트,준준결승경기３,라우림,202202004038,,강연아,202302018871,,1,3,B
제20회 대한체육회장배 전국 스쿼시 선수권대회,202400167,2024-03-21,여자 15세이하부,개인전,토너먼트,준준결승경기４,황보영,202303008360,,문하람,202002004153,,1,3,B
제20회 대한체육회장배 전국 스쿼시 선수권대회,202400167,2024-03-21,여자 15세이하부,개인전,토너먼트,준결승경기１,이해인,202002004113,,김도은,202006003279,,3,0,A
제20회 대한체육회장배 전국 스쿼시 선수권대회,202400167,2024-03-21,여자 15세이하부,개인전,토너먼트,준결승경기２,강연아,202302018871,,문하람,202002004153,,0,3,B
제20회 대한체육회장배 전국 스쿼시 선수권대회,202400167,2024-03-21,여자 15세이하부,개인전,토너먼트,결승,이해인,202002004113,,문하람,202002004153,,3,0,A
제20회 대한체육회장배 전국 스쿼시 선수권대회,202400167,2024-03-21,남자 15세이하부,개인전,토너먼트,예선경기２,홍인후,202302016108,,김준일,202202003963,,0,3,B
제20회 대한체육회장배 전국 스쿼시 선수권대회,202400167,2024-03-21,남자 15세이하부,개인전,토너먼트,예선경기１０,이수현,202403000869,,최규현,202006002884,,0,3,B
제20회 대한체육회장배 전국 스쿼시 선수권대회,202400167,2024-03-21,남자 15세이하부,개인전,토너먼트,예선경기１５,윤태훈,202209003037,,나우영,201902002440,,3,0,A
제20회 대한체육회장배 전국 스쿼시 선수권대회,202400167,2024-03-21,남자 15세이하부,개인전,토너먼트,준준준결승경기１,김찬영,202203001906,,김준일,202202003963,,3,0,A
제20회 대한체육회장배 전국 스쿼시 선수권대회,202400167,2024-03-21,남자 15세이하부,개인전,토너먼트,준준준결승경기２,김성주,202203007369,,황지호,202306012178,,3,0,A
제20회 대한체육회장배 전국 스쿼시 선수권대회,202400167,2024-03-21,남자 15세이하부,개인전,토너먼트,준준준결승경기３,장승보,202303008035,,최윤호,202311001127,,3,1,A
제20회 대한체육회장배 전국 스쿼시 선수권대회,202400167,2024-03-21,남자 15세이하부,개인전,토너먼트,준준준결승경기４,김서준,,,전서율,201905001623,,0,3,B
제20회 대한체육회장배 전국 스쿼시 선수권대회,202400167,2024-03-21,남자 15세이하부,개인전,토너먼트,준준준결승경기５,구건휘,202206008055,,최규현,202006002884,,3,2,A
제20회 대한체육회장배 전국 스쿼시 선수권대회,202400167,2024-03-21,남자 15세이하부,개인전,토너먼트,준준준결승경기６,김민재,202303000324,,류지안,202202002116,,0,3,B
제20회 대한체육회장배 전국 스쿼시 선수권대회,202400167,2024-03-21,남자 15세이하부,개인전,토너먼트,준준준결승경기７,윤종현,202204001156,,김서준,,,3,2,A
제20회 대한체육회장배 전국 스쿼시 선수권대회,202400167,2024-03-21,남자 15세이하부,개인전,토너먼트,준준준결승경기８,윤태훈,202209003037,,이동화,202007000243,,2,3,B
제20회 대한체육회장배 전국 스쿼시 선수권대회,202400167,2024-03-21,남자 15세이하부,개인전,토너먼트,준준결승경기１,김찬영,202203001906,,김성주,202203007369,,3,0,A
제20회 대한체육회장배 전국 스쿼시 선수권대회,202400167,2024-03-21,남자 15세이하부,개인전,토너먼트,준준결승경기２,장승보,202303008035,,전서율,201905001623,,1,3,B
제20회 대한체육회장배 전국 스쿼시 선수권대회,202400167,2024-03-21,남자 15세이하부,개인전,토너먼트,준준결승경기３,구건휘,202206008055,,류지안,202202002116,,0,3,B
제20회 대한체육회장배 전국 스쿼시 선수권대회,202400167,2024-03-21,남자 15세이하부,개인전,토너먼트,준준결승경기４,윤종현,202204001156,,이동화,202007000243,,3,2,A
제20회 대한체육회장배 전국 스쿼시 선수권대회,202400167,2024-03-21,남자 15세이하부,개인전,토너먼트,준결승경기１,김찬영,202203001906,,전서율,201905001623,,3,0,A
제20회 대한체육회장배 전국 스쿼시 선수권대회,202400167,2024-03-21,남자 15세이하부,개인전,토너먼트,준결승경기２,류지안,202202002116,,윤종현,202204001156,,1,3,B
제20회 대한체육회장배 전국 스쿼시 선수권대회,202400167,2024-03-21,남자 15세이하부,개인전,토너먼트,결승,김찬영,202203001906,,윤종현,202204001156,,1,4,B
제20회 대한체육회장배 전국 스쿼시 선수권대회,202400167,2024-03-21,여자 18세이하부,개인전,토너먼트,예선경기２,김민지,202205118922,,임수아,202302017165,,3,1,A
제20회 대한체육회장배 전국 스쿼시 선수권대회,202400167,2024-03-21,여자 18세이하부,개인전,토너먼트,준준준결승경기１,엄준,201804000231,,김민지,202205118922,,3,0,A
제20회 대한체육회장배 전국 스쿼시 선수권대회,202400167,2024-03-21,여자 18세이하부,개인전,토너먼트,준준준결승경기２,김지윤,202306009406,,이현진,202403000783,,3,2,A
제20회 대한체육회장배 전국 스쿼시 선수권대회,202400167,2024-03-21,여자 18세이하부,개인전,토너먼트,준준준결승경기３,이수현,202302014612,,이기쁨,202201001493,,3,1,A
제20회 대한체육회장배 전국 스쿼시 선수권대회,202400167,2024-03-21,여자 18세이하부,개인전,토너먼트,준준준결승경기４,문서윤,202307002568,,황수민,202302003492,,0,3,B
제20회 대한체육회장배 전국 스쿼시 선수권대회,202400167,2024-03-21,여자 18세이하부,개인전,토너먼트,준준준결승경기５,정수아,202307002127,,서예은,202206004756,,0,3,B
제20회 대한체육회장배 전국 스쿼시 선수권대회,202400167,2024-03-21,여자 18세이하부,개인전,토너먼트,준준준결승경기６,박인비,202303006453,,김태연,201605003414,,0,3,B
제20회 대한체육회장배 전국 스쿼시 선수권대회,202400167,2024-03-21,여자 18세이하부,개인전,토너먼트,준준준결승경기７,조아연,201903004040,,박솔민,202002002489,,3,1,A
제20회 대한체육회장배 전국 스쿼시 선수권대회,202400167,2024-03-21,여자 18세이하부,개인전,토너먼트,준준준결승경기８,김소윤,202307002569,,전현영,202201001946,,0,3,B
제20회 대한체육회장배 전국 스쿼시 선수권대회,202400167,2024-03-21,여자 18세이하부,개인전,토너먼트,준준결승경기１,엄준,201804000231,,김지윤,202306009406,,3,0,A
제20회 대한체육회장배 전국 스쿼시 선수권대회,202400167,2024-03-21,여자 18세이하부,개인전,토너먼트,준준결승경기２,이수현,202302014612,,황수민,202302003492,,3,0,A
제20회 대한체육회장배 전국 스쿼시 선수권대회,202400167,2024-03-21,여자 18세이하부,개인전,토너먼트,준준결승경기３,서예은,202206004756,,김태연,201605003414,,3,1,A
제20회 대한체육회장배 전국 스쿼시 선수권대회,202400167,2024-03-21,여자 18세이하부,개인전,토너먼트,준준결승경기４,조아연,201903004040,,전현영,202201001946,,3,0,A
제20회 대한체육회장배 전국 스쿼시 선수권대회,202400167,2024-03-21,여자 18세이하부,개인전,토너먼트,준결승경기１,엄준,201804000231,,이수현,202302014612,,3,0,A
제20회 대한체육회장배 전국 스쿼시 선수권대회,202400167,2024-03-21,여자 18세이하부,개인전,토너먼트,준결승경기２,서예은,202206004756,,조아연,201903004040,,0,3,B
제20회 대한체육회장배 전국 스쿼시 선수권대회,202400167,2024-03-21,여자 18세이하부,개인전,토너먼트,결승,엄준,201804000231,,조아연,201903004040,,0,3,B
제20회 대한체육회장배 전국 스쿼시 선수권대회,202400167,2024-03-21,여자 18세이하부,복식,토너먼트,예선경기１,"전현영, 이기쁨",,,"정수아, 김소윤",,,2,0,A
제20회 대한체육회장배 전국 스쿼시 선수권대회,202400167,2024-03-21,여자 18세이하부,복식,토너먼트,예선경기２,"이수현, 김태연",,,"조아연, 임수아",,,2,1,A
제20회 대한체육회장배 전국 스쿼시 선수권대회,202400167,2024-03-21,여자 18세이하부,복식,토너먼트,결승,"전현영, 이기쁨",,,"이수현, 김태연",,,0,2,B
제20회 대한체육회장배 전국 스쿼시 선수권대회,202400167,2024-03-21,남자 18세이하부,개인전,토너먼트,예선경기２,오지훈,202307006557,,현종선,202302017920,,3,1,A
제20회 대한체육회장배 전국 스쿼시 선수권대회,202400167,2024-03-21,남자 18세이하부,개인전,토너먼트,준준준준결승 1,나주영,201602006877,,오지훈,202307006557,,3,0,A
제20회 대한체육회장배 전국 스쿼시 선수권대회,202400167,2024-03-21,남자 18세이하부,개인전,토너먼트,준준준준결승 2,나승찬,202205118675,,박시환,202306009362,,3,0,A
제20회 대한체육회장배 전국 스쿼시 선수권대회,202400167,2024-03-21,남자 18세이하부,개인전,토너먼트,준준준준결승 3,이성민,202107001910,,안지훈,202307002572,,3,0,A
제20회 대한체육회장배 전국 스쿼시 선수권대회,202400167,2024-03-21,남자 18세이하부,개인전,토너먼트,준준준준결승 4,김준호,202004000367,,이지항,202206007001,,3,0,A
제20회 대한체육회장배 전국 스쿼시 선수권대회,202400167,2024-03-21,남자 18세이하부,개인전,토너먼트,준준준준결승 5,박민기,202006000140,,함동현,202307006269,,3,0,A
제20회 대한체육회장배 전국 스쿼시 선수권대회,202400167,2024-03-21,남자 18세이하부,개인전,토너먼트,준준준준결승 6,고백균,202203000460,,송늘찬,202308010299,,3,1,A
제20회 대한체육회장배 전국 스쿼시 선수권대회,202400167,2024-03-21,남자 18세이하부,개인전,토너먼트,준준준준결승 7,조현준,202203001440,,이동욱,202007000237,,0,3,B
제20회 대한체육회장배 전국 스쿼시 선수권대회,202400167,2024-03-21,남자 18세이하부,개인전,토너먼트,준준준준결승 8,이건후,202103007938,,김형준,202305016448,,3,0,A
제20회 대한체육회장배 전국 스쿼시 선수권대회,202400167,2024-03-21,남자 18세이하부,개인전,토너먼트,준준준준결승 9,류정욱,201603018160,,이용욱,201902003971,,3,0,A
제20회 대한체육회장배 전국 스쿼시 선수권대회,202400167,2024-03-21,남자 18세이하부,개인전,토너먼트,준준준준결승 10,박상현,202306009676,,정광민,202103008002,,0,3,B
제20회 대한체육회장배 전국 스쿼시 선수권대회,202400167,2024-03-21,남자 18세이하부,개인전,토너먼트,준준준준결승 11,구동현,201402010302,,안동현,202305015908,,3,2,A
제20회 대한체육회장배 전국 스쿼시 선수권대회,202400167,2024-03-21,남자 18세이하부,개인전,토너먼트,준준준준결승 12,최지성,202307006878,,김동하,202207005619,,0,3,B
제20회 대한체육회장배 전국 스쿼시 선수권대회,202400167,2024-03-21,남자 18세이하부,개인전,토너먼트,준준준준결승 13,김현,202303001958,,나동현,202301001068,,3,1,A
제20회 대한체육회장배 전국 스쿼시 선수권대회,202400167,2024-03-21,남자 18세이하부,개인전,토너먼트,준준준준결승 14,권용하,202302018804,,서윤재,202203001042,,3,1,A
제20회 대한체육회장배 전국 스쿼시 선수권대회,202400167,2024-03-21,남자 18세이하부,개인전,토너먼트,준준준준결승 15,강혁,202203024817,,강세찬,202303003325,,2,3,B
제20회 대한체육회장배 전국 스쿼시 선수권대회,202400167,2024-03-21,남자 18세이하부,개인전,토너먼트,준준준준결승 16,전윤건,202306010293,,오서진,201605004663,,0,3,B
제20회 대한체육회장배 전국 스쿼시 선수권대회,202400167,2024-03-21,남자 18세이하부,개인전,토너먼트,준준준결승경기１,나주영,201602006877,,나승찬,202205118675,,3,0,A
제20회 대한체육회장배 전국 스쿼시 선수권대회,202400167,2024-03-21,남자 18세이하부,개인전,토너먼트,준준준결승경기２,이성민,202107001910,,김준호,202004000367,,0,3,B
제20회 대한체육회장배 전국 스쿼시 선수권대회,202400167,2024-03-21,남자 18세이하부,개인전,토너먼트,준준준결승경기３,박민기,202006000140,,고백균,202203000460,,3,0,A
제20회 대한체육회장배 전국 스쿼시 선수권대회,202400167,2024-03-21,남자 18세이하부,개인전,토너먼트,준준준결승경기４,이동욱,202007000237,,이건후,202103007938,,3,1,A
제20회 대한체육회장배 전국 스쿼시 선수권대회,202400167,2024-03-21,남자 18세이하부,개인전,토너먼트,준준준결승경기５,류정욱,201603018160,,정광민,202103008002,,3,0,A
제20회 대한체육회장배 전국 스쿼시 선수권대회,202400167,2024-03-21,남자 18세이하부,개인전,토너먼트,준준준결승경기６,구동현,201402010302,,김동하,202207005619,,0,3,B
제20회 대한체육회장배 전국 스쿼시 선수권대회,202400167,2024-03-21,남자 18세이하부,개인전,토너먼트,준준준결승경기７,김현,202303001958,,권용하,202302018804,,0,3,B
제20회 대한체육회장배 전국 스쿼시 선수권대회,202400167,2024-03-21,남자 18세이하부,개인전,토너먼트,준준준결승경기８,강세찬,202303003325,,오서진,201605004663,,0,3,B
제20회 대한체육회장배 전국 스쿼시 선수권대회,202400167,2024-03-21,남자 18세이하부,개인전,토너먼트,준준결승경기１,나주영,201602006877,,김준호,202004000367,,3,0,A
제20회 대한체육회장배 전국 스쿼시 선수권대회,202400167,2024-03-21,남자 18세이하부,개인전,토너먼트,준준결승경기２,박민기,202006000140,,이동욱,202007000237,,3,1,A
제20회 대한체육회장배 전국 스쿼시 선수권대회,202400167,2024-03-21,남자 18세이하부,개인전,토너먼트,준준결승경기３,류정욱,201603018160,,김동하,202207005619,,3,0,A
제20회 대한체육회장배 전국 스쿼시 선수권대회,202400167,2024-03-21,남자 18세이하부,개인전,토너먼트,준준결승경기４,권용하,202302018804,,오서진,201605004663,,0,3,B
제20회 대한체육회장배 전국 스쿼시 선수권대회,202400167,2024-03-21,남자 18세이하부,개인전,토너먼트,준결승경기１,나주영,201602006877,,박민기,202006000140,,3,0,A
제20회 대한체육회장배 전국 스쿼시 선수권대회,202400167,2024-03-21,남자 18세이하부,개인전,토너먼트,준결승경기２,류정욱,201603018160,,오서진,201605004663,,0,3,B
제20회 대한체육회장배 전국 스쿼시 선수권대회,202400167,2024-03-21,남자 18세이하부,개인전,토너먼트,결승,나주영,201602006877,,오서진,201605004663,,3,1,A
제20회 대한체육회장배 전국 스쿼시 선수권대회,202400167,2024-03-21,남자 18세이하부,단체전,토너먼트,예선경기２,대광고등학교,,,인천 대건고등학교,,,0,2,B
제20회 대한체육회장배 전국 스쿼시 선수권대회,202400167,2024-03-21,남자 18세이하부,단체전,토너먼트,예선경기３,대광고등학교,,,천안월봉고등학교,,,0,2,B
제20회 대한체육회장배 전국 스쿼시 선수권대회,202400167,2024-03-21,남자 18세이하부,단체전,토너먼트,예선경기４,양산제일고등학교,,,동일미래과학고등학교,,,2,0,A
제20회 대한체육회장배 전국 스쿼시 선수권대회,202400167,2024-03-21,남자 18세이하부,단체전,토너먼트,준결승경기１,언양고등학교,,,인천 대건고등학교,,,0,2,B
제20회 대한체육회장배 전국 스쿼시 선수권대회,202400167,2024-03-21,남자 18세이하부,단체전,토너먼트,준결승경기２,천안월봉고등학교,,,양산제일고등학교,,,2,1,A
제20회 대한체육회장배 전국 스쿼시 선수권대회,202400167,2024-03-21,남자 18세이하부,단체전,토너먼트,결승,인천 대건고등학교,,,천안월봉고등학교,,,2,1,A
제20회 대한체육회장배 전국 스쿼시 선수권대회,202400167,2024-03-21,남자 18세이하부,복식,토너먼트,예선경기２,"안지훈, 류정욱",,,"이지항, 박은찬",,,0,2,B
제20회 대한체육회장배 전국 스쿼시 선수권대회,202400167,2024-03-21,남자 18세이하부,복식,토너먼트,준준결승경기１,"강세찬, 김형준",,,"이지항, 박은찬",,,0,2,B
제20회 대한체육회장배 전국 스쿼시 선수권대회,202400167,2024-03-21,남자 18세이하부,복식,토너먼트,준준결승경기２,"서윤재, 오지훈",,,"곽서준, 이성빈",,,0,2,B
제20회 대한체육회장배 전국 스쿼시 선수권대회,202400167,2024-03-21,남자 18세이하부,복식,토너먼트,준준결승경기３,"이동욱, 정광민",,,"나승찬, 안동현",,,2,1,A
제20회 대한체육회장배 전국 스쿼시 선수권대회,202400167,2024-03-21,남자 18세이하부,복식,토너먼트,준준결승경기４,"조현준, 나동현",,,"고백균, 권용하",,,0,2,B
제20회 대한체육회장배 전국 스쿼시 선수권대회,202400167,2024-03-21,남자 18세이하부,복식,토너먼트,준결승경기１,"이지항, 박은찬",,,"곽서준, 이성빈",,,2,1,A
제20회 대한체육회장배 전국 스쿼시 선수권대회,202400167,2024-03-21,남자 18세이하부,복식,토너먼트,준결승경기２,"이동욱, 정광민",,,"고백균, 권용하",,,2,0,A
제20회 대한체육회장배 전국 스쿼시 선수권대회,202400167,2024-03-21,남자 18세이하부,복식,토너먼트,결승,"이지항, 박은찬",,,"이동욱, 정광민",,,0,2,B
제20회 대한체육회장배 전국 스쿼시 선수권대회,202400167,2024-03-21,여자 대학부,개인전,토너먼트,예선경기２,남지윤,202203011255,,조예림,202006001243,,1,3,B
제20회 대한체육회장배 전국 스쿼시 선수권대회,202400167,2024-03-21,여자 대학부,개인전,토너먼트,예선경기３,김민정,202102002754,,김하연,201503006905,,0,3,B
제20회 대한체육회장배 전국 스쿼시 선수권대회,202400167,2024-03-21,여자 대학부,개인전,토너먼트,예선경기４,김민경,202207007077,,노윤진,201702011015,,0,3,B
제20회 대한체육회장배 전국 스쿼시 선수권대회,202400167,2024-03-21,여자 대학부,개인전,토너먼트,준결승경기１,이소진,201503029527,,조예림,202006001243,,3,0,A
제20회 대한체육회장배 전국 스쿼시 선수권대회,202400167,2024-03-21,여자 대학부,개인전,토너먼트,준결승경기２,김하연,201503006905,,노윤진,201702011015,,3,0,A
제20회 대한체육회장배 전국 스쿼시 선수권대회,202400167,2024-03-21,여자 대학부,개인전,토너먼트,결승,이소진,201503029527,,김하연,201503006905,,3,2,A
제20회 대한체육회장배 전국 스쿼시 선수권대회,202400167,2024-03-21,남자 대학부,개인전,토너먼트,예선경기１,박승민,201702006829,,이지석,201703004879,,3,0,A
제20회 대한체육회장배 전국 스쿼시 선수권대회,202400167,2024-03-21,남자 대학부,개인전,토너먼트,예선경기２,김석진,201203009405,,천승환,202107003356,,3,0,A
제20회 대한체육회장배 전국 스쿼시 선수권대회,202400167,2024-03-21,남자 대학부,개인전,토너먼트,예선경기３,심규영,201504001319,,손우주,201902004585,,3,0,A
제20회 대한체육회장배 전국 스쿼시 선수권대회,202400167,2024-03-21,남자 대학부,개인전,토너먼트,예선경기４,한혁중,202203001974,,김사무엘,201505001195,,0,3,B
제20회 대한체육회장배 전국 스쿼시 선수권대회,202400167,2024-03-21,남자 대학부,개인전,토너먼트,예선경기５,이강인,201808001789,,김준영,201707001971,,3,0,A
제20회 대한체육회장배 전국 스쿼시 선수권대회,202400167,2024-03-21,남자 대학부,개인전,토너먼트,예선경기６,남기태,202103006627,,정태경,201606000617,,0,3,B
제20회 대한체육회장배 전국 스쿼시 선수권대회,202400167,2024-03-21,남자 대학부,개인전,토너먼트,예선경기７,유호제,201405000567,,박지훈,201706000549,,3,1,A
제20회 대한체육회장배 전국 스쿼시 선수권대회,202400167,2024-03-21,남자 대학부,개인전,토너먼트,예선경기８,박민준,201902005286,,탁효진,201104003468,,0,3,B
제20회 대한체육회장배 전국 스쿼시 선수권대회,202400167,2024-03-21,남자 대학부,개인전,토너먼트,준준결승경기１,박승민,201702006829,,김석진,201203009405,,3,0,A
제20회 대한체육회장배 전국 스쿼시 선수권대회,202400167,2024-03-21,남자 대학부,개인전,토너먼트,준준결승경기２,심규영,201504001319,,김사무엘,201505001195,,0,3,B
제20회 대한체육회장배 전국 스쿼시 선수권대회,202400167,2024-03-21,남자 대학부,개인전,토너먼트,준준결승경기３,이강인,201808001789,,정태경,201606000617,,1,3,B
제20회 대한체육회장배 전국 스쿼시 선수권대회,202400167,2024-03-21,남자 대학부,개인전,토너먼트,준준결승경기４,유호제,201405000567,,탁효진,201104003468,,0,3,B
제20회 대한체육회장배 전국 스쿼시 선수권대회,202400167,2024-03-21,남자 대학부,개인전,토너먼트,준결승경기１,박승민,201702006829,,김사무엘,201505001195,,0,0,A
제20회 대한체육회장배 전국 스쿼시 선수권대회,202400167,2024-03-21,남자 대학부,개인전,토너먼트,준결승경기２,정태경,201606000617,,탁효진,201104003468,,3,2,A
제20회 대한체육회장배 전국 스쿼시 선수권대회,202400167,2024-03-21,남자 대학부,개인전,토너먼트,결승,박승민,201702006829,,정태경,201606000617,,3,0,A
제20회 대한체육회장배 전국 스쿼시 선수권대회,202400167,2024-03-21,남자 대학부,복식,토너먼트,예선경기１,"김사무엘, 김준영",,,"김석진, 정태경",,,0,2,B
제20회 대한체육회장배 전국 스쿼시 선수권대회,202400167,2024-03-21,남자 대학부,복식,토너먼트,예선경기２,"천승환, 박민준",,,"탁효진, 손우주",,,1,2,B
제20회 대한체육회장배 전국 스쿼시 선수권대회,202400167,2024-03-21,남자 대학부,복식,토너먼트,결승,"김석진, 정태경",,,"탁효진, 손우주",,,2,0,A
제20회 대한체육회장배 전국 스쿼시 선수권대회,202400167,2024-03-21,여자 일반부,개인전,토너먼트,예선경기２,서하민,201703008633,,김가람,200505000922,,2,3,B
제20회 대한체육회장배 전국 스쿼시 선수권대회,202400167,2024-03-21,여자 일반부,개인전,토너먼트,예선경기３,이자연,202003003272,,김다미,201107004502,,0,3,B
제20회 대한체육회장배 전국 스쿼시 선수권대회,202400167,2024-03-21,여자 일반부,개인전,토너먼트,예선경기４,문혜연,201203009845,,송채원,200903026922,,0,3,B
제20회 대한체육회장배 전국 스쿼시 선수권대회,202400167,2024-03-21,여자 일반부,개인전,토너먼트,예선경기６,김다정,200506003985,,장예원,201601000670,,3,0,A
제20회 대한체육회장배 전국 스쿼시 선수권대회,202400167,2024-03-21,여자 일반부,개인전,토너먼트,예선경기７,곽다연,201302006626,,이보라,200312015404,,3,1,A
제20회 대한체육회장배 전국 스쿼시 선수권대회,202400167,2024-03-21,여자 일반부,개인전,토너먼트,예선경기１０,박미림,200312007885,,조강빈,201606003147,,0,0,B
제20회 대한체육회장배 전국 스쿼시 선수권대회,202400167,2024-03-21,여자 일반부,개인전,토너먼트,예선경기１１,안은찬,200312014298,,서효주,201402001683,,3,0,A
제20회 대한체육회장배 전국 스쿼시 선수권대회,202400167,2024-03-21,여자 일반부,개인전,토너먼트,예선경기１２,강현아,202204080697,,류보람,201503023001,,0,3,B
제20회 대한체육회장배 전국 스쿼시 선수권대회,202400167,2024-03-21,여자 일반부,개인전,토너먼트,예선경기１３,배찬미,200506004011,,이경진,981527000015,,0,0,B
제20회 대한체육회장배 전국 스쿼시 선수권대회,202400167,2024-03-21,여자 일반부,개인전,토너먼트,예선경기１４,이지현,200504008455,,김민희,201402004905,,3,0,A
제20회 대한체육회장배 전국 스쿼시 선수권대회,202400167,2024-03-21,여자 일반부,개인전,토너먼트,예선경기１５,박진주,200505000920,,이승연,201405001347,,2,3,B
제20회 대한체육회장배 전국 스쿼시 선수권대회,202400167,2024-03-21,여자 일반부,개인전,토너먼트,준준준결승경기１,엄화영,201002007702,,김가람,200505000922,,3,0,A
제20회 대한체육회장배 전국 스쿼시 선수권대회,202400167,2024-03-21,여자 일반부,개인전,토너먼트,준준준결승경기２,김다미,201107004502,,송채원,200903026922,,1,3,B
제20회 대한체육회장배 전국 스쿼시 선수권대회,202400167,2024-03-21,여자 일반부,개인전,토너먼트,준준준결승경기３,김하은,201302005893,,김다정,200506003985,,3,0,A
제20회 대한체육회장배 전국 스쿼시 선수권대회,202400167,2024-03-21,여자 일반부,개인전,토너먼트,준준준결승경기４,곽다연,201302006626,,허민경,201103015212,,0,3,B
제20회 대한체육회장배 전국 스쿼시 선수권대회,202400167,2024-03-21,여자 일반부,개인전,토너먼트,준준준결승경기５,최유라,200703026440,,조강빈,201606003147,,3,0,A
제20회 대한체육회장배 전국 스쿼시 선수권대회,202400167,2024-03-21,여자 일반부,개인전,토너먼트,준준준결승경기６,안은찬,200312014298,,류보람,201503023001,,3,2,A
제20회 대한체육회장배 전국 스쿼시 선수권대회,202400167,2024-03-21,여자 일반부,개인전,토너먼트,준준준결승경기７,이경진,981527000015,,이지현,200504008455,,0,3,B
제20회 대한체육회장배 전국 스쿼시 선수권대회,202400167,2024-03-21,여자 일반부,개인전,토너먼트,준준준결승경기８,이승연,201405001347,,양연수,200409006651,,0,0,A
제20회 대한체육회장배 전국 스쿼시 선수권대회,202400167,2024-03-21,여자 일반부,개인전,토너먼트,준준결승경기１,엄화영,201002007702,,송채원,200903026922,,3,0,A
제20회 대한체육회장배 전국 스쿼시 선수권대회,202400167,2024-03-21,여자 일반부,개인전,토너먼트,준준결승경기２,김하은,201302005893,,허민경,201103015212,,0,3,B
제20회 대한체육회장배 전국 스쿼시 선수권대회,202400167,2024-03-21,여자 일반부,개인전,토너먼트,준준결승경기３,최유라,200703026440,,안은찬,200312014298,,3,1,A
제20회 대한체육회장배 전국 스쿼시 선수권대회,202400167,2024-03-21,여자 일반부,개인전,토너먼트,준준결승경기４,이지현,200504008455,,이승연,201405001347,,3,0,A
제20회 대한체육회장배 전국 스쿼시 선수권대회,202400167,2024-03-21,여자 일반부,개인전,토너먼트,준결승경기１,엄화영,201002007702,,허민경,201103015212,,0,3,B
제20회 대한체육회장배 전국 스쿼시 선수권대회,202400167,2024-03-21,여자 일반부,개인전,토너먼트,준결승경기２,최유라,200703026440,,이지현,200504008455,,3,1,A
제20회 대한체육회장배 전국 스쿼시 선수권대회,202400167,2024-03-21,여자 일반부,개인전,토너먼트,결승,허민경,201103015212,,최유라,200703026440,,3,2,A
제20회 대한체육회장배 전국 스쿼시 선수권대회,202400167,2024-03-21,남자 일반부,개인전,토너먼트,예선경기２,김창하,201602010896,,박정식,201103008064,,0,3,B
제20회 대한체육회장배 전국 스쿼시 선수권대회,202400167,2024-03-21,남자 일반부,개인전,토너먼트,예선경기１０,김현인,201602013447,,강현범,201302006321,,0,3,B
제20회 대한체육회장배 전국 스쿼시 선수권대회,202400167,2024-03-21,남자 일반부,개인전,토너먼트,예선경기１５,오민재,200805001140,,이현욱,201203014577,,3,2,A
제20회 대한체육회장배 전국 스쿼시 선수권대회,202400167,2024-03-21,남자 일반부,개인전,토너먼트,예선경기１８,김현동,200312010625,,임재현,201402001427,,3,1,A
제20회 대한체육회장배 전국 스쿼시 선수권대회,202400167,2024-03-21,남자 일반부,개인전,토너먼트,예선경기 23,이건동,200312007919,,우창욱,200505000725,,0,0,B
제20회 대한체육회장배 전국 스쿼시 선수권대회,202400167,2024-03-21,남자 일반부,개인전,토너먼트,예선경기 31,류한동,200903026007,,유승용,200907002704,,0,3,B
제20회 대한체육회장배 전국 스쿼시 선수권대회,202400167,2024-03-21,남자 일반부,개인전,토너먼트,준준준준결승 1,이민우,201407000924,,박정식,201103008064,,3,1,A
제20회 대한체육회장배 전국 스쿼시 선수권대회,202400167,2024-03-21,남자 일반부,개인전,토너먼트,준준준준결승 2,이년호,200312006064,,김경훈,982227000001,,3,0,A
제20회 대한체육회장배 전국 스쿼시 선수권대회,202400167,2024-03-21,남자 일반부,개인전,토너먼트,준준준준결승 3,이상훈,200809000849,,김승현,201403012359,,3,0,A
제20회 대한체육회장배 전국 스쿼시 선수권대회,202400167,2024-03-21,남자 일반부,개인전,토너먼트,준준준준결승 4,지동현,201507002321,,강우석,201302005902,,2,3,B
제20회 대한체육회장배 전국 스쿼시 선수권대회,202400167,2024-03-21,남자 일반부,개인전,토너먼트,준준준준결승 5,유덕재,201104000837,,강현범,201302006321,,2,3,B
제20회 대한체육회장배 전국 스쿼시 선수권대회,202400167,2024-03-21,남자 일반부,개인전,토너먼트,준준준준결승 6,김진규,202302005904,,이승택,200505000724,,0,3,B
제20회 대한체육회장배 전국 스쿼시 선수권대회,202400167,2024-03-21,남자 일반부,개인전,토너먼트,준준준준결승 7,진승우,200312004753,,박성찬,201006002472,,1,3,B
제20회 대한체육회장배 전국 스쿼시 선수권대회,202400167,2024-03-21,남자 일반부,개인전,토너먼트,준준준준결승 8,오민재,200805001140,,이동준,201302010744,,1,3,B
제20회 대한체육회장배 전국 스쿼시 선수권대회,202400167,2024-03-21,남자 일반부,개인전,토너먼트,준준준준결승 9,유재진,200504008874,,김현동,200312010625,,3,0,A
제20회 대한체육회장배 전국 스쿼시 선수권대회,202400167,2024-03-21,남자 일반부,개인전,토너먼트,준준준준결승 10,이원기,201304000473,,한승철,201501001406,,2,3,B
제20회 대한체육회장배 전국 스쿼시 선수권대회,202400167,2024-03-21,남자 일반부,개인전,토너먼트,준준준준결승 11,문석호,201402009240,,황중찬,200706002344,,3,2,A
제20회 대한체육회장배 전국 스쿼시 선수권대회,202400167,2024-03-21,남자 일반부,개인전,토너먼트,준준준준결승 12,우창욱,200505000725,,이세현,200504008934,,0,3,B
제20회 대한체육회장배 전국 스쿼시 선수권대회,202400167,2024-03-21,남자 일반부,개인전,토너먼트,준준준준결승 13,오성학,201103013572,,임지훈,982127000008,,3,0,A
제20회 대한체육회장배 전국 스쿼시 선수권대회,202400167,2024-03-21,남자 일반부,개인전,토너먼트,준준준준결승 14,김건,201503006845,,김태현,201302005947,,3,0,A
제20회 대한체육회장배 전국 스쿼시 선수권대회,202400167,2024-03-21,남자 일반부,개인전,토너먼트,준준준준결승 15,류정민,201505003438,,구성진,201302009824,,3,1,A
제20회 대한체육회장배 전국 스쿼시 선수권대회,202400167,2024-03-21,남자 일반부,개인전,토너먼트,준준준준결승 16,유승용,200907002704,,박종명,200803023360,,0,3,B
제20회 대한체육회장배 전국 스쿼시 선수권대회,202400167,2024-03-21,남자 일반부,개인전,토너먼트,준준준결승경기１,이민우,201407000924,,이년호,200312006064,,3,1,A
제20회 대한체육회장배 전국 스쿼시 선수권대회,202400167,2024-03-21,남자 일반부,개인전,토너먼트,준준준결승경기２,이상훈,200809000849,,강우석,201302005902,,0,3,B
제20회 대한체육회장배 전국 스쿼시 선수권대회,202400167,2024-03-21,남자 일반부,개인전,토너먼트,준준준결승경기３,강현범,201302006321,,이승택,200505000724,,3,2,A
제20회 대한체육회장배 전국 스쿼시 선수권대회,202400167,2024-03-21,남자 일반부,개인전,토너먼트,준준준결승경기４,박성찬,201006002472,,이동준,201302010744,,0,3,B
제20회 대한체육회장배 전국 스쿼시 선수권대회,202400167,2024-03-21,남자 일반부,개인전,토너먼트,준준준결승경기５,유재진,200504008874,,한승철,201501001406,,3,1,A
제20회 대한체육회장배 전국 스쿼시 선수권대회,202400167,2024-03-21,남자 일반부,개인전,토너먼트,준준준결승경기６,문석호,201402009240,,이세현,200504008934,,0,3,B
제20회 대한체육회장배 전국 스쿼시 선수권대회,202400167,2024-03-21,남자 일반부,개인전,토너먼트,준준준결승경기７,오성학,201103013572,,김건,201503006845,,1,3,B
제20회 대한체육회장배 전국 스쿼시 선수권대회,202400167,2024-03-21,남자 일반부,개인전,토너먼트,준준준결승경기８,류정민,201505003438,,박종명,200803023360,,3,0,A
제20회 대한체육회장배 전국 스쿼시 선수권대회,202400167,2024-03-21,남자 일반부,개인전,토너먼트,준준결승경기１,이민우,201407000924,,강우석,201302005902,,3,0,A
제20회 대한체육회장배 전국 스쿼시 선수권대회,202400167,2024-03-21,남자 일반부,개인전,토너먼트,준준결승경기２,강현범,201302006321,,이동준,201302010744,,1,3,B
제20회 대한체육회장배 전국 스쿼시 선수권대회,202400167,2024-03-21,남자 일반부,개인전,토너먼트,준준결승경기３,유재진,200504008874,,이세현,200504008934,,1,3,B
제20회 대한체육회장배 전국 스쿼시 선수권대회,202400167,2024-03-21,남자 일반부,개인전,토너먼트,준준결승경기４,김건,201503006845,,류정민,201505003438,,1,3,B
제20회 대한체육회장배 전국 스쿼시 선수권대회,202400167,2024-03-21,남자 일반부,개인전,토너먼트,준결승경기１,이민우,201407000924,,이동준,201302010744,,3,1,A
제20회 대한체육회장배 전국 스쿼시 선수권대회,202400167,2024-03-21,남자 일반부,개인전,토너먼트,준결승경기２,이세현,200504008934,,류정민,201505003438,,1,3,B
제20회 대한체육회장배 전국 스쿼시 선수권대회,202400167,2024-03-21,남자 일반부,개인전,토너먼트,결승,이민우,201407000924,,류정민,201505003438,,3,0,A
제8회 광주시장배 전국실업스쿼시 선수권대회(개인전),202400276,2024-04-02,여자 일반부,개인전,토너먼트,예선경기２,곽다연,201302006626,,엄화영,201002007702,,0,3,B
제8회 광주시장배 전국실업스쿼시 선수권대회(개인전),202400276,2024-04-02,여자 일반부,개인전,토너먼트,예선경기３,서효주,201402001683,,이자연,202003003272,,3,1,A
제8회 광주시장배 전국실업스쿼시 선수권대회(개인전),202400276,2024-04-02,여자 일반부,개인전,토너먼트,예선경기４,김하연,201503006905,,김하은,201302005893,,1,3,B
제8회 광주시장배 전국실업스쿼시 선수권대회(개인전),202400276,2024-04-02,여자 일반부,개인전,토너먼트,예선경기６,노윤진,201702011015,,박진주,200505000920,,0,3,B
제8회 광주시장배 전국실업스쿼시 선수권대회(개인전),202400276,2024-04-02,여자 일반부,개인전,토너먼트,예선경기７,이지현,200504008455,,류보람,201503023001,,3,0,A
제8회 광주시장배 전국실업스쿼시 선수권대회(개인전),202400276,2024-04-02,여자 일반부,개인전,토너먼트,예선경기１０,문혜연,201203009845,,장예원,201601000670,,3,1,A
제8회 광주시장배 전국실업스쿼시 선수권대회(개인전),202400276,2024-04-02,여자 일반부,개인전,토너먼트,예선경기１１,양연수,200409006651,,이보라,200312015404,,0,0,B
제8회 광주시장배 전국실업스쿼시 선수권대회(개인전),202400276,2024-04-02,여자 일반부,개인전,토너먼트,예선경기１４,조강빈,201606003147,,안은찬,200312014298,,0,3,B
제8회 광주시장배 전국실업스쿼시 선수권대회(개인전),202400276,2024-04-02,여자 일반부,개인전,토너먼트,예선경기１５,김민희,201402004905,,김가람,200505000922,,0,3,B
제8회 광주시장배 전국실업스쿼시 선수권대회(개인전),202400276,2024-04-02,여자 일반부,개인전,토너먼트,준준준결승경기１,김다정,200506003985,,엄화영,201002007702,,1,3,B
제8회 광주시장배 전국실업스쿼시 선수권대회(개인전),202400276,2024-04-02,여자 일반부,개인전,토너먼트,준준준결승경기２,서효주,201402001683,,김하은,201302005893,,3,0,A
제8회 광주시장배 전국실업스쿼시 선수권대회(개인전),202400276,2024-04-02,여자 일반부,개인전,토너먼트,준준준결승경기３,허민경,201103015212,,박진주,200505000920,,3,0,A
제8회 광주시장배 전국실업스쿼시 선수권대회(개인전),202400276,2024-04-02,여자 일반부,개인전,토너먼트,준준준결승경기４,이지현,200504008455,,송채원,200903026922,,3,2,A
제8회 광주시장배 전국실업스쿼시 선수권대회(개인전),202400276,2024-04-02,여자 일반부,개인전,토너먼트,준준준결승경기５,김가혜,200312004260,,문혜연,201203009845,,3,0,A
제8회 광주시장배 전국실업스쿼시 선수권대회(개인전),202400276,2024-04-02,여자 일반부,개인전,토너먼트,준준준결승경기６,이보라,200312015404,,최유라,200703026440,,0,0,A
제8회 광주시장배 전국실업스쿼시 선수권대회(개인전),202400276,2024-04-02,여자 일반부,개인전,토너먼트,준준준결승경기７,이승연,201405001347,,안은찬,200312014298,,0,3,B
제8회 광주시장배 전국실업스쿼시 선수권대회(개인전),202400276,2024-04-02,여자 일반부,개인전,토너먼트,준준준결승경기８,김가람,200505000922,,서하민,201703008633,,1,3,B
제8회 광주시장배 전국실업스쿼시 선수권대회(개인전),202400276,2024-04-02,여자 일반부,개인전,토너먼트,준준결승경기１,엄화영,201002007702,,서효주,201402001683,,3,0,A
제8회 광주시장배 전국실업스쿼시 선수권대회(개인전),202400276,2024-04-02,여자 일반부,개인전,토너먼트,준준결승경기２,허민경,201103015212,,이지현,200504008455,,0,3,B
제8회 광주시장배 전국실업스쿼시 선수권대회(개인전),202400276,2024-04-02,여자 일반부,개인전,토너먼트,준준결승경기３,김가혜,200312004260,,이보라,200312015404,,3,0,A
제8회 광주시장배 전국실업스쿼시 선수권대회(개인전),202400276,2024-04-02,여자 일반부,개인전,토너먼트,준준결승경기４,안은찬,200312014298,,서하민,201703008633,,3,0,A
제8회 광주시장배 전국실업스쿼시 선수권대회(개인전),202400276,2024-04-02,여자 일반부,개인전,토너먼트,준결승경기１,엄화영,201002007702,,이지현,200504008455,,3,0,A
제8회 광주시장배 전국실업스쿼시 선수권대회(개인전),202400276,2024-04-02,여자 일반부,개인전,토너먼트,준결승경기２,김가혜,200312004260,,안은찬,200312014298,,3,1,A
제8회 광주시장배 전국실업스쿼시 선수권대회(개인전),202400276,2024-04-02,여자 일반부,개인전,토너먼트,결승,엄화영,201002007702,,김가혜,200312004260,,3,0,A
제8회 광주시장배 전국실업스쿼시 선수권대회(개인전),202400276,2024-04-02,남자 일반부,개인전,토너먼트,예선경기２,김석진,201203009405,,진승우,200312004753,,0,3,B
제8회 광주시장배 전국실업스쿼시 선수권대회(개인전),202400276,2024-04-02,남자 일반부,개인전,토너먼트,예선경기１８,문석호,201402009240,,박성찬,201006002472,,1,3,B
제8회 광주시장배 전국실업스쿼시 선수권대회(개인전),202400276,2024-04-02,남자 일반부,개인전,토너먼트,예선경기 31,김동우,201503028559,,정태경,201606000617,,3,0,A
제8회 광주시장배 전국실업스쿼시 선수권대회(개인전),202400276,2024-04-02,남자 일반부,개인전,토너먼트,준준준준결승 1,강우석,201302005902,,진승우,200312004753,,1,3,B
제8회 광주시장배 전국실업스쿼시 선수권대회(개인전),202400276,2024-04-02,남자 일반부,개인전,토너먼트,준준준준결승 2,김승현,201403012359,,오성학,201103013572,,0,3,B
제8회 광주시장배 전국실업스쿼시 선수권대회(개인전),202400276,2024-04-02,남자 일반부,개인전,토너먼트,준준준준결승 3,지동현,201507002321,,구성진,201302009824,,3,0,A
제8회 광주시장배 전국실업스쿼시 선수권대회(개인전),202400276,2024-04-02,남자 일반부,개인전,토너먼트,준준준준결승 4,김태현,201302005947,,유재진,200504008874,,1,3,B
제8회 광주시장배 전국실업스쿼시 선수권대회(개인전),202400276,2024-04-02,남자 일반부,개인전,토너먼트,준준준준결승 5,황중찬,200706002344,,박종명,200803023360,,1,3,B
제8회 광주시장배 전국실업스쿼시 선수권대회(개인전),202400276,2024-04-02,남자 일반부,개인전,토너먼트,준준준준결승 6,우창욱,200505000725,,김건,201503006845,,0,3,B
제8회 광주시장배 전국실업스쿼시 선수권대회(개인전),202400276,2024-04-02,남자 일반부,개인전,토너먼트,준준준준결승 7,강현범,201302006321,,류한동,200903026007,,3,1,A
제8회 광주시장배 전국실업스쿼시 선수권대회(개인전),202400276,2024-04-02,남자 일반부,개인전,토너먼트,준준준준결승 8,박정식,201103008064,,임재현,201402001427,,3,2,A
제8회 광주시장배 전국실업스쿼시 선수권대회(개인전),202400276,2024-04-02,남자 일반부,개인전,토너먼트,준준준준결승 9,박지훈,201706000549,,박성찬,201006002472,,0,3,B
제8회 광주시장배 전국실업스쿼시 선수권대회(개인전),202400276,2024-04-02,남자 일반부,개인전,토너먼트,준준준준결승 10,한승철,201501001406,,이동준,201302010744,,0,3,B
제8회 광주시장배 전국실업스쿼시 선수권대회(개인전),202400276,2024-04-02,남자 일반부,개인전,토너먼트,준준준준결승 11,김성집,200707000159,,김현동,200312010625,,1,3,B
제8회 광주시장배 전국실업스쿼시 선수권대회(개인전),202400276,2024-04-02,남자 일반부,개인전,토너먼트,준준준준결승 12,이상훈,200809000849,,심규영,201504001319,,3,0,A
제8회 광주시장배 전국실업스쿼시 선수권대회(개인전),202400276,2024-04-02,남자 일반부,개인전,토너먼트,준준준준결승 13,이건동,200312007919,,오민재,200805001140,,0,3,B
제8회 광주시장배 전국실업스쿼시 선수권대회(개인전),202400276,2024-04-02,남자 일반부,개인전,토너먼트,준준준준결승 14,이현욱,201203014577,,유승용,200907002704,,2,3,B
제8회 광주시장배 전국실업스쿼시 선수권대회(개인전),202400276,2024-04-02,남자 일반부,개인전,토너먼트,준준준준결승 15,유덕재,201104000837,,이민우,201407000924,,1,3,B
제8회 광주시장배 전국실업스쿼시 선수권대회(개인전),202400276,2024-04-02,남자 일반부,개인전,토너먼트,준준준준결승 16,김동우,201503028559,,이승택,200505000724,,0,3,B
제8회 광주시장배 전국실업스쿼시 선수권대회(개인전),202400276,2024-04-02,남자 일반부,개인전,토너먼트,준준준결승경기１,진승우,200312004753,,오성학,201103013572,,0,3,B
제8회 광주시장배 전국실업스쿼시 선수권대회(개인전),202400276,2024-04-02,남자 일반부,개인전,토너먼트,준준준결승경기２,지동현,201507002321,,유재진,200504008874,,1,3,B
제8회 광주시장배 전국실업스쿼시 선수권대회(개인전),202400276,2024-04-02,남자 일반부,개인전,토너먼트,준준준결승경기３,박종명,200803023360,,김건,201503006845,,0,3,B
제8회 광주시장배 전국실업스쿼시 선수권대회(개인전),202400276,2024-04-02,남자 일반부,개인전,토너먼트,준준준결승경기４,강현범,201302006321,,박정식,201103008064,,3,1,A
제8회 광주시장배 전국실업스쿼시 선수권대회(개인전),202400276,2024-04-02,남자 일반부,개인전,토너먼트,준준준결승경기５,박성찬,201006002472,,이동준,201302010744,,1,3,B
제8회 광주시장배 전국실업스쿼시 선수권대회(개인전),202400276,2024-04-02,남자 일반부,개인전,토너먼트,준준준결승경기６,김현동,200312010625,,이상훈,200809000849,,1,3,B
제8회 광주시장배 전국실업스쿼시 선수권대회(개인전),202400276,2024-04-02,남자 일반부,개인전,토너먼트,준준준결승경기７,오민재,200805001140,,유승용,200907002704,,3,1,A
제8회 광주시장배 전국실업스쿼시 선수권대회(개인전),202400276,2024-04-02,남자 일반부,개인전,토너먼트,준준준결승경기８,이민우,201407000924,,이승택,200505000724,,3,0,A
제8회 광주시장배 전국실업스쿼시 선수권대회(개인전),202400276,2024-04-02,남자 일반부,개인전,토너먼트,준준결승경기１,오성학,201103013572,,유재진,200504008874,,1,3,B
제8회 광주시장배 전국실업스쿼시 선수권대회(개인전),202400276,2024-04-02,남자 일반부,개인전,토너먼트,준준결승경기２,김건,201503006845,,강현범,201302006321,,3,0,A
제8회 광주시장배 전국실업스쿼시 선수권대회(개인전),202400276,2024-04-02,남자 일반부,개인전,토너먼트,준준결승경기３,이동준,201302010744,,이상훈,200809000849,,3,0,A
제8회 광주시장배 전국실업스쿼시 선수권대회(개인전),202400276,2024-04-02,남자 일반부,개인전,토너먼트,준준결승경기４,오민재,200805001140,,이민우,201407000924,,0,3,B
제8회 광주시장배 전국실업스쿼시 선수권대회(개인전),202400276,2024-04-02,남자 일반부,개인전,토너먼트,준결승경기１,유재진,200504008874,,김건,201503006845,,0,0,B
제8회 광주시장배 전국실업스쿼시 선수권대회(개인전),202400276,2024-04-02,남자 일반부,개인전,토너먼트,준결승경기２,이동준,201302010744,,이민우,201407000924,,3,0,A
제8회 광주시장배 전국실업스쿼시 선수권대회(개인전),202400276,2024-04-02,남자 일반부,개인전,토너먼트,결승,김건,201503006845,,이동준,201302010744,,3,2,A
제4회 태산배 전국 스쿼시 선수권대회,202403023,2024-04-18,여자 12세이하부,개인전,토너먼트,예선경기２,최은,202304014708,,안희채,202311002629,,3,0,A
제4회 태산배 전국 스쿼시 선수권대회,202403023,2024-04-18,여자 12세이하부,개인전,토너먼트,예선경기３,김지은,202008003330,,오태희,202206006930,,3,1,A
제4회 태산배 전국 스쿼시 선수권대회,202403023,2024-04-18,여자 12세이하부,개인전,토너먼트,예선경기４,김리안,202402002128,,김예빈,202311001849,,3,0,A
제4회 태산배 전국 스쿼시 선수권대회,202403023,2024-04-18,여자 12세이하부,개인전,토너먼트,예선경기６,오승희,202204087882,,정서윤,202307004948,,3,1,A
제4회 태산배 전국 스쿼시 선수권대회,202403023,2024-04-18,여자 12세이하부,개인전,토너먼트,예선경기７,이서우,202311002595,,홍지우,202307007070,,3,0,A
제4회 태산배 전국 스쿼시 선수권대회,202403023,2024-04-18,여자 12세이하부,개인전,토너먼트,준준결승경기１,김아린,202303035971,,최은,202304014708,,3,0,A
제4회 태산배 전국 스쿼시 선수권대회,202403023,2024-04-18,여자 12세이하부,개인전,토너먼트,준준결승경기２,김지은,202008003330,,김리안,202402002128,,0,3,B
제4회 태산배 전국 스쿼시 선수권대회,202403023,2024-04-18,여자 12세이하부,개인전,토너먼트,준준결승경기３,최민지,202311002499,,오승희,202204087882,,0,3,B
제4회 태산배 전국 스쿼시 선수권대회,202403023,2024-04-18,여자 12세이하부,개인전,토너먼트,준준결승경기４,이서우,202311002595,,박서하,202307007943,,3,0,A
제4회 태산배 전국 스쿼시 선수권대회,202403023,2024-04-18,여자 12세이하부,개인전,토너먼트,준결승경기１,김아린,202303035971,,김리안,202402002128,,3,0,A
제4회 태산배 전국 스쿼시 선수권대회,202403023,2024-04-18,여자 12세이하부,개인전,토너먼트,준결승경기２,오승희,202204087882,,이서우,202311002595,,3,2,A
제4회 태산배 전국 스쿼시 선수권대회,202403023,2024-04-18,여자 12세이하부,개인전,토너먼트,결승,김아린,202303035971,,오승희,202204087882,,3,0,A
제4회 태산배 전국 스쿼시 선수권대회,202403023,2024-04-18,남자 12세이하부,개인전,토너먼트,예선경기２,김시우,202307007967,,이석현,202302017098,,0,3,B
제4회 태산배 전국 스쿼시 선수권대회,202403023,2024-04-18,남자 12세이하부,개인전,토너먼트,예선경기３,강예준,202304049424,,강연우,202302018875,,0,3,B
제4회 태산배 전국 스쿼시 선수권대회,202403023,2024-04-18,남자 12세이하부,개인전,토너먼트,예선경기６,강동윤,202304049313,,최재원,202102002568,,3,0,A
제4회 태산배 전국 스쿼시 선수권대회,202403023,2024-04-18,남자 12세이하부,개인전,토너먼트,예선경기７,이주현,202403006885,,최현욱,202103005535,,0,3,B
제4회 태산배 전국 스쿼시 선수권대회,202403023,2024-04-18,남자 12세이하부,개인전,토너먼트,준준결승경기１,김민기,202006003212,,이석현,202302017098,,3,0,A
제4회 태산배 전국 스쿼시 선수권대회,202403023,2024-04-18,남자 12세이하부,개인전,토너먼트,준준결승경기２,강연우,202302018875,,김주호,202008004170,,3,0,A
제4회 태산배 전국 스쿼시 선수권대회,202403023,2024-04-18,남자 12세이하부,개인전,토너먼트,준준결승경기３,김래원,202308009664,,강동윤,202304049313,,0,3,B
제4회 태산배 전국 스쿼시 선수권대회,202403023,2024-04-18,남자 12세이하부,개인전,토너먼트,준준결승경기４,최현욱,202103005535,,김준수,202305008331,,1,3,B
제4회 태산배 전국 스쿼시 선수권대회,202403023,2024-04-18,남자 12세이하부,개인전,토너먼트,준결승경기１,김민기,202006003212,,강연우,202302018875,,3,0,A
제4회 태산배 전국 스쿼시 선수권대회,202403023,2024-04-18,남자 12세이하부,개인전,토너먼트,준결승경기２,강동윤,202304049313,,김준수,202305008331,,1,3,B
제4회 태산배 전국 스쿼시 선수권대회,202403023,2024-04-18,남자 12세이하부,개인전,토너먼트,결승,김민기,202006003212,,김준수,202305008331,,3,0,A
제4회 태산배 전국 스쿼시 선수권대회,202403023,2024-04-18,여자 15세이하부,개인전,토너먼트,예선경기１,이해인,202002004113,,정단아,202207001150,,3,0,A
제4회 태산배 전국 스쿼시 선수권대회,202403023,2024-04-18,여자 15세이하부,개인전,토너먼트,예선경기２,황보영,202303008360,,박지은,202002004079,,3,0,A
제4회 태산배 전국 스쿼시 선수권대회,202403023,2024-04-18,여자 15세이하부,개인전,토너먼트,예선경기３,문하람,202002004153,,강연아,202302018871,,3,0,A
제4회 태산배 전국 스쿼시 선수권대회,202403023,2024-04-18,여자 15세이하부,개인전,토너먼트,예선경기４,정현아,202207001169,,김도은,202006003279,,0,3,B
제4회 태산배 전국 스쿼시 선수권대회,202403023,2024-04-18,여자 15세이하부,개인전,토너먼트,준결승경기１,이해인,202002004113,,황보영,202303008360,,3,0,A
제4회 태산배 전국 스쿼시 선수권대회,202403023,2024-04-18,여자 15세이하부,개인전,토너먼트,준결승경기２,문하람,202002004153,,김도은,202006003279,,3,0,A
제4회 태산배 전국 스쿼시 선수권대회,202403023,2024-04-18,여자 15세이하부,개인전,토너먼트,결승,이해인,202002004113,,문하람,202002004153,,3,1,A
제4회 태산배 전국 스쿼시 선수권대회,202403023,2024-04-18,남자 15세이하부,개인전,토너먼트,예선경기１,김찬영,202203001906,,김민재,,,3,0,A
제4회 태산배 전국 스쿼시 선수권대회,202403023,2024-04-18,남자 15세이하부,개인전,토너먼트,예선경기２,장승보,202303008035,,최규현,202006002884,,3,0,A
제4회 태산배 전국 스쿼시 선수권대회,202403023,2024-04-18,남자 15세이하부,개인전,토너먼트,예선경기３,김성주,202203007369,,남우진,202308012404,,3,0,A
제4회 태산배 전국 스쿼시 선수권대회,202403023,2024-04-18,남자 15세이하부,개인전,토너먼트,예선경기４,최윤호,202311001127,,전서율,201905001623,,0,3,B
제4회 태산배 전국 스쿼시 선수권대회,202403023,2024-04-18,남자 15세이하부,개인전,토너먼트,예선경기５,구건휘,202206008055,,류지안,202202002116,,0,3,B
제4회 태산배 전국 스쿼시 선수권대회,202403023,2024-04-18,남자 15세이하부,개인전,토너먼트,예선경기６,나우영,201902002440,,윤종현,202204001156,,0,3,B
제4회 태산배 전국 스쿼시 선수권대회,202403023,2024-04-18,남자 15세이하부,개인전,토너먼트,예선경기７,박용호,202403089572,,윤태훈,202209003037,,2,3,B
제4회 태산배 전국 스쿼시 선수권대회,202403023,2024-04-18,남자 15세이하부,개인전,토너먼트,예선경기８,김민재,,,이동화,202007000243,,0,3,B
제4회 태산배 전국 스쿼시 선수권대회,202403023,2024-04-18,남자 15세이하부,개인전,토너먼트,준준결승경기１,김찬영,202203001906,,장승보,202303008035,,3,0,A
제4회 태산배 전국 스쿼시 선수권대회,202403023,2024-04-18,남자 15세이하부,개인전,토너먼트,준준결승경기２,김성주,202203007369,,전서율,201905001623,,1,3,B
제4회 태산배 전국 스쿼시 선수권대회,202403023,2024-04-18,남자 15세이하부,개인전,토너먼트,준준결승경기３,류지안,202202002116,,윤종현,202204001156,,1,3,B
제4회 태산배 전국 스쿼시 선수권대회,202403023,2024-04-18,남자 15세이하부,개인전,토너먼트,준준결승경기４,윤태훈,202209003037,,이동화,202007000243,,2,3,B
제4회 태산배 전국 스쿼시 선수권대회,202403023,2024-04-18,남자 15세이하부,개인전,토너먼트,준결승경기１,김찬영,202203001906,,전서율,201905001623,,3,2,A
제4회 태산배 전국 스쿼시 선수권대회,202403023,2024-04-18,남자 15세이하부,개인전,토너먼트,준결승경기２,윤종현,202204001156,,이동화,202007000243,,3,0,A
제4회 태산배 전국 스쿼시 선수권대회,202403023,2024-04-18,남자 15세이하부,개인전,토너먼트,결승,김찬영,202203001906,,윤종현,202204001156,,3,0,A
제4회 태산배 전국 스쿼시 선수권대회,202403023,2024-04-18,여자 18세이하부,개인전,토너먼트,예선경기２,김민지,202205118922,,임수아,202302017165,,3,1,A
제4회 태산배 전국 스쿼시 선수권대회,202403023,2024-04-18,여자 18세이하부,개인전,토너먼트,예선경기３,박솔민,202002002489,,정수아,202307002127,,0,0,A
제4회 태산배 전국 스쿼시 선수권대회,202403023,2024-04-18,여자 18세이하부,개인전,토너먼트,예선경기４,황수민,202302003492,,이수현,202302014612,,0,3,B
제4회 태산배 전국 스쿼시 선수권대회,202403023,2024-04-18,여자 18세이하부,개인전,토너먼트,예선경기５,엄준,201804000231,,김예은,202008003322,,3,0,A
제4회 태산배 전국 스쿼시 선수권대회,202403023,2024-04-18,여자 18세이하부,개인전,토너먼트,예선경기６,문서윤,202307002568,,서예은,202206004756,,0,3,B
제4회 태산배 전국 스쿼시 선수권대회,202403023,2024-04-18,여자 18세이하부,개인전,토너먼트,예선경기７,김소윤,202307002569,,김유빈,202302015267,,0,3,B
제4회 태산배 전국 스쿼시 선수권대회,202403023,2024-04-18,여자 18세이하부,개인전,토너먼트,준준결승경기１,조아연,201903004040,,김민지,202205118922,,3,0,A
제4회 태산배 전국 스쿼시 선수권대회,202403023,2024-04-18,여자 18세이하부,개인전,토너먼트,준준결승경기２,박솔민,202002002489,,이수현,202302014612,,3,0,A
제4회 태산배 전국 스쿼시 선수권대회,202403023,2024-04-18,여자 18세이하부,개인전,토너먼트,준준결승경기３,엄준,201804000231,,서예은,202206004756,,3,1,A
제4회 태산배 전국 스쿼시 선수권대회,202403023,2024-04-18,여자 18세이하부,개인전,토너먼트,준준결승경기４,김유빈,202302015267,,김태연,201605003414,,0,3,B
제4회 태산배 전국 스쿼시 선수권대회,202403023,2024-04-18,여자 18세이하부,개인전,토너먼트,준결승경기１,조아연,201903004040,,박솔민,202002002489,,3,1,A
제4회 태산배 전국 스쿼시 선수권대회,202403023,2024-04-18,여자 18세이하부,개인전,토너먼트,준결승경기２,엄준,201804000231,,김태연,201605003414,,3,0,A
제4회 태산배 전국 스쿼시 선수권대회,202403023,2024-04-18,여자 18세이하부,개인전,토너먼트,결승,조아연,201903004040,,엄준,201804000231,,3,0,A
제4회 태산배 전국 스쿼시 선수권대회,202403023,2024-04-18,여자 18세이하부,복식,리그전,1R / A조,"조아연, 임수아",,,"이수현, 김태연",,,1,2,B
제4회 태산배 전국 스쿼시 선수권대회,202403023,2024-04-18,여자 18세이하부,복식,리그전,1R / A조,"김소윤, 문서윤",,,"이수현, 김태연",,,0,2,B
제4회 태산배 전국 스쿼시 선수권대회,202403023,2024-04-18,여자 18세이하부,복식,리그전,1R / A조,"김소윤, 문서윤",,,"조아연, 임수아",,,0,2,B
제4회 태산배 전국 스쿼시 선수권대회,202403023,2024-04-18,여자 18세이하부,복식,리그전,예선경기２,"김소윤, 문서윤",,,"조아연, 임수아",,,0,0,
제4회 태산배 전국 스쿼시 선수권대회,202403023,2024-04-18,남자 18세이하부,개인전,토너먼트,예선경기２,이동욱,202007000237,,고백균,202203000460,,3,2,A
제4회 태산배 전국 스쿼시 선수권대회,202403023,2024-04-18,남자 18세이하부,개인전,토너먼트,예선경기３,이건후,202103007938,,박은찬,202206006191,,3,0,A
제4회 태산배 전국 스쿼시 선수권대회,202403023,2024-04-18,남자 18세이하부,개인전,토너먼트,예선경기４,김동하,202207005619,,이성민,202107001910,,3,0,A
제4회 태산배 전국 스쿼시 선수권대회,202403023,2024-04-18,남자 18세이하부,개인전,토너먼트,예선경기５,함동현,202307006269,,황승조,202402001062,,3,2,A
제4회 태산배 전국 스쿼시 선수권대회,202403023,2024-04-18,남자 18세이하부,개인전,토너먼트,예선경기６,정광민,202103008002,,조현준,202203001440,,3,0,A
제4회 태산배 전국 스쿼시 선수권대회,202403023,2024-04-18,남자 18세이하부,개인전,토너먼트,예선경기７,강세찬,202303003325,,이지항,202206007001,,0,3,B
제4회 태산배 전국 스쿼시 선수권대회,202403023,2024-04-18,남자 18세이하부,개인전,토너먼트,예선경기８,구동현,201402010302,,현종선,202302017920,,0,0,A
제4회 태산배 전국 스쿼시 선수권대회,202403023,2024-04-18,남자 18세이하부,개인전,토너먼트,예선경기１０,김준호,202004000367,,강혁,202203024817,,3,0,A
제4회 태산배 전국 스쿼시 선수권대회,202403023,2024-04-18,남자 18세이하부,개인전,토너먼트,예선경기１１,안동현,202305015908,,류정욱,201603018160,,0,0,A
제4회 태산배 전국 스쿼시 선수권대회,202403023,2024-04-18,남자 18세이하부,개인전,토너먼트,예선경기１２,서윤재,202203001042,,나동현,202301001068,,2,3,B
제4회 태산배 전국 스쿼시 선수권대회,202403023,2024-04-18,남자 18세이하부,개인전,토너먼트,예선경기１３,오지훈,202307006557,,김현,202303001958,,0,3,B
제4회 태산배 전국 스쿼시 선수권대회,202403023,2024-04-18,남자 18세이하부,개인전,토너먼트,예선경기１４,나승찬,202205118675,,박민기,202006000140,,0,3,B
제4회 태산배 전국 스쿼시 선수권대회,202403023,2024-04-18,남자 18세이하부,개인전,토너먼트,예선경기１５,안지훈,202307002572,,권용하,202302018804,,0,3,B
제4회 태산배 전국 스쿼시 선수권대회,202403023,2024-04-18,남자 18세이하부,개인전,토너먼트,준준준결승경기１,오서진,201605004663,,이동욱,202007000237,,3,0,A
제4회 태산배 전국 스쿼시 선수권대회,202403023,2024-04-18,남자 18세이하부,개인전,토너먼트,준준준결승경기２,이건후,202103007938,,김동하,202207005619,,3,2,A
제4회 태산배 전국 스쿼시 선수권대회,202403023,2024-04-18,남자 18세이하부,개인전,토너먼트,준준준결승경기３,함동현,202307006269,,정광민,202103008002,,0,3,B
제4회 태산배 전국 스쿼시 선수권대회,202403023,2024-04-18,남자 18세이하부,개인전,토너먼트,준준준결승경기４,이지항,202206007001,,구동현,201402010302,,3,0,A
제4회 태산배 전국 스쿼시 선수권대회,202403023,2024-04-18,남자 18세이하부,개인전,토너먼트,준준준결승경기５,이성빈,202302013707,,김준호,202004000367,,0,3,B
제4회 태산배 전국 스쿼시 선수권대회,202403023,2024-04-18,남자 18세이하부,개인전,토너먼트,준준준결승경기６,안동현,202305015908,,나동현,202301001068,,1,3,B
제4회 태산배 전국 스쿼시 선수권대회,202403023,2024-04-18,남자 18세이하부,개인전,토너먼트,준준준결승경기７,김현,202303001958,,박민기,202006000140,,0,3,B
제4회 태산배 전국 스쿼시 선수권대회,202403023,2024-04-18,남자 18세이하부,개인전,토너먼트,준준준결승경기８,권용하,202302018804,,이용욱,201902003971,,1,3,B
제4회 태산배 전국 스쿼시 선수권대회,202403023,2024-04-18,남자 18세이하부,개인전,토너먼트,준준결승경기１,오서진,201605004663,,이건후,202103007938,,3,0,A
제4회 태산배 전국 스쿼시 선수권대회,202403023,2024-04-18,남자 18세이하부,개인전,토너먼트,준준결승경기２,정광민,202103008002,,이지항,202206007001,,3,0,A
제4회 태산배 전국 스쿼시 선수권대회,202403023,2024-04-18,남자 18세이하부,개인전,토너먼트,준준결승경기３,김준호,202004000367,,나동현,202301001068,,3,0,A
제4회 태산배 전국 스쿼시 선수권대회,202403023,2024-04-18,남자 18세이하부,개인전,토너먼트,준준결승경기４,박민기,202006000140,,이용욱,201902003971,,2,3,B
제4회 태산배 전국 스쿼시 선수권대회,202403023,2024-04-18,남자 18세이하부,개인전,토너먼트,준결승경기１,오서진,201605004663,,정광민,202103008002,,3,0,A
제4회 태산배 전국 스쿼시 선수권대회,202403023,2024-04-18,남자 18세이하부,개인전,토너먼트,준결승경기２,김준호,202004000367,,이용욱,201902003971,,3,0,A
제4회 태산배 전국 스쿼시 선수권대회,202403023,2024-04-18,남자 18세이하부,개인전,토너먼트,결승,오서진,201605004663,,김준호,202004000367,,3,0,A
제4회 태산배 전국 스쿼시 선수권대회,202403023,2024-04-18,남자 18세이하부,단체전,토너먼트,예선경기１,와룡고등학교,,,인천 대건고등학교,,,0,2,B
제4회 태산배 전국 스쿼시 선수권대회,202403023,2024-04-18,남자 18세이하부,단체전,토너먼트,예선경기２,언양고등학교,,,양산제일고등학교,,,0,3,B
제4회 태산배 전국 스쿼시 선수권대회,202403023,2024-04-18,남자 18세이하부,단체전,토너먼트,결승,인천 대건고등학교,,,양산제일고등학교,,,1,2,B
제4회 태산배 전국 스쿼시 선수권대회,202403023,2024-04-18,남자 18세이하부,복식,토너먼트,예선경기１,"정광민, 이동욱",,,"오지훈, 서윤재",,,2,1,A
제4회 태산배 전국 스쿼시 선수권대회,202403023,2024-04-18,남자 18세이하부,복식,토너먼트,예선경기２,"이지항, 박은찬",,,"조현준, 나동현",,,2,0,A
제4회 태산배 전국 스쿼시 선수권대회,202403023,2024-04-18,남자 18세이하부,복식,토너먼트,예선경기３,"류정욱, 안지훈",,,"이용욱, 함동현",,,0,0,B
제4회 태산배 전국 스쿼시 선수권대회,202403023,2024-04-18,남자 18세이하부,복식,토너먼트,예선경기４,"이성빈, 곽서준",,,"고백균, 권용하",,,2,1,A
제4회 태산배 전국 스쿼시 선수권대회,202403023,2024-04-18,남자 18세이하부,복식,토너먼트,준결승경기１,"정광민, 이동욱",,,"이지항, 박은찬",,,2,0,A
제4회 태산배 전국 스쿼시 선수권대회,202403023,2024-04-18,남자 18세이하부,복식,토너먼트,준결승경기２,"이용욱, 함동현",,,"이성빈, 곽서준",,,0,2,B
제4회 태산배 전국 스쿼시 선수권대회,202403023,2024-04-18,남자 18세이하부,복식,토너먼트,결승,"정광민, 이동욱",,,"이성빈, 곽서준",,,2,0,A
제4회 태산배 전국 스쿼시 선수권대회,202403023,2024-04-18,여자 대학부,개인전,토너먼트,예선경기２,김민경,202207007077,,남지윤,202203011255,,3,1,A
제4회 태산배 전국 스쿼시 선수권대회,202403023,2024-04-18,여자 대학부,개인전,토너먼트,준결승경기１,이소진,201503029527,,김민경,202207007077,,3,0,A
제4회 태산배 전국 스쿼시 선수권대회,202403023,2024-04-18,여자 대학부,개인전,토너먼트,준결승경기２,노윤진,201702011015,,조예림,202006001243,,3,1,A
제4회 태산배 전국 스쿼시 선수권대회,202403023,2024-04-18,여자 대학부,개인전,토너먼트,결승,이소진,201503029527,,노윤진,201702011015,,3,0,A
제4회 태산배 전국 스쿼시 선수권대회,202403023,2024-04-18,남자 대학부,개인전,토너먼트,예선경기２,한혁중,202203001974,,손우주,201902004585,,0,3,B
제4회 태산배 전국 스쿼시 선수권대회,202403023,2024-04-18,남자 대학부,개인전,토너먼트,예선경기３,김석진,201203009405,,박민준,201902005286,,3,0,A
제4회 태산배 전국 스쿼시 선수권대회,202403023,2024-04-18,남자 대학부,개인전,토너먼트,예선경기４,이지석,201703004879,,이강인,201808001789,,1,3,B
제4회 태산배 전국 스쿼시 선수권대회,202403023,2024-04-18,남자 대학부,개인전,토너먼트,예선경기６,남기태,202103006627,,심규영,201504001319,,0,3,B
제4회 태산배 전국 스쿼시 선수권대회,202403023,2024-04-18,남자 대학부,개인전,토너먼트,예선경기７,김준영,201707001971,,천승환,202107003356,,3,0,A
제4회 태산배 전국 스쿼시 선수권대회,202403023,2024-04-18,남자 대학부,개인전,토너먼트,준준결승경기１,정태경,201606000617,,손우주,201902004585,,3,0,A
제4회 태산배 전국 스쿼시 선수권대회,202403023,2024-04-18,남자 대학부,개인전,토너먼트,준준결승경기２,김석진,201203009405,,이강인,201808001789,,3,2,A
제4회 태산배 전국 스쿼시 선수권대회,202403023,2024-04-18,남자 대학부,개인전,토너먼트,준준결승경기３,김사무엘,201505001195,,심규영,201504001319,,2,3,B
제4회 태산배 전국 스쿼시 선수권대회,202403023,2024-04-18,남자 대학부,개인전,토너먼트,준준결승경기４,김준영,201707001971,,탁효진,201104003468,,0,3,B
제4회 태산배 전국 스쿼시 선수권대회,202403023,2024-04-18,남자 대학부,개인전,토너먼트,준결승경기１,정태경,201606000617,,김석진,201203009405,,3,2,A
제4회 태산배 전국 스쿼시 선수권대회,202403023,2024-04-18,남자 대학부,개인전,토너먼트,준결승경기２,심규영,201504001319,,탁효진,201104003468,,0,3,B
제4회 태산배 전국 스쿼시 선수권대회,202403023,2024-04-18,남자 대학부,개인전,토너먼트,결승,정태경,201606000617,,탁효진,201104003468,,3,1,A
제4회 태산배 전국 스쿼시 선수권대회,202403023,2024-04-18,남자 대학부,복식,토너먼트,예선경기１,"천승환, 박민준",,,"김사무엘, 김석진",,,0,2,B
제4회 태산배 전국 스쿼시 선수권대회,202403023,2024-04-18,남자 대학부,복식,토너먼트,예선경기２,"손우주, 김준영",,,"탁효진, 정태경",,,0,2,B
제4회 태산배 전국 스쿼시 선수권대회,202403023,2024-04-18,남자 대학부,복식,토너먼트,결승,"김사무엘, 김석진",,,"탁효진, 정태경",,,1,2,B
제4회 태산배 전국 스쿼시 선수권대회,202403023,2024-04-18,여자 일반부,개인전,토너먼트,예선경기２,강현아,202204080697,,양연수,200409006651,,0,3,B
제4회 태산배 전국 스쿼시 선수권대회,202403023,2024-04-18,여자 일반부,개인전,토너먼트,예선경기３,서하민,201703008633,,김다정,200506003985,,3,1,A
제4회 태산배 전국 스쿼시 선수권대회,202403023,2024-04-18,여자 일반부,개인전,토너먼트,예선경기７,장예원,201601000670,,류보람,201503023001,,1,3,B
제4회 태산배 전국 스쿼시 선수권대회,202403023,2024-04-18,여자 일반부,개인전,토너먼트,예선경기１０,박진주,200505000920,,이자연,202003003272,,3,0,A
제4회 태산배 전국 스쿼시 선수권대회,202403023,2024-04-18,여자 일반부,개인전,토너먼트,예선경기１５,김민희,201402004905,,서효주,201402001683,,0,3,B
제4회 태산배 전국 스쿼시 선수권대회,202403023,2024-04-18,여자 일반부,개인전,토너먼트,준준준결승경기１,최유라,200703026440,,양연수,200409006651,,3,1,A
제4회 태산배 전국 스쿼시 선수권대회,202403023,2024-04-18,여자 일반부,개인전,토너먼트,준준준결승경기２,서하민,201703008633,,조강빈,201606003147,,0,0,A
제4회 태산배 전국 스쿼시 선수권대회,202403023,2024-04-18,여자 일반부,개인전,토너먼트,준준준결승경기３,안은찬,200312014298,,문혜연,201203009845,,3,2,A
제4회 태산배 전국 스쿼시 선수권대회,202403023,2024-04-18,여자 일반부,개인전,토너먼트,준준준결승경기４,류보람,201503023001,,김하은,201302005893,,3,0,A
제4회 태산배 전국 스쿼시 선수권대회,202403023,2024-04-18,여자 일반부,개인전,토너먼트,준준준결승경기５,이승연,201405001347,,박진주,200505000920,,2,3,B
제4회 태산배 전국 스쿼시 선수권대회,202403023,2024-04-18,여자 일반부,개인전,토너먼트,준준준결승경기６,김가람,200505000922,,김다미,201107004502,,0,3,B
제4회 태산배 전국 스쿼시 선수권대회,202403023,2024-04-18,여자 일반부,개인전,토너먼트,준준준결승경기７,곽다연,201302006626,,박미림,200312007885,,3,1,A
제4회 태산배 전국 스쿼시 선수권대회,202403023,2024-04-18,여자 일반부,개인전,토너먼트,준준준결승경기８,서효주,201402001683,,송채원,200903026922,,1,3,B
제4회 태산배 전국 스쿼시 선수권대회,202403023,2024-04-18,여자 일반부,개인전,토너먼트,준준결승경기１,최유라,200703026440,,서하민,201703008633,,3,1,A
제4회 태산배 전국 스쿼시 선수권대회,202403023,2024-04-18,여자 일반부,개인전,토너먼트,준준결승경기２,안은찬,200312014298,,류보람,201503023001,,3,1,A
제4회 태산배 전국 스쿼시 선수권대회,202403023,2024-04-18,여자 일반부,개인전,토너먼트,준준결승경기３,박진주,200505000920,,김다미,201107004502,,1,3,B
제4회 태산배 전국 스쿼시 선수권대회,202403023,2024-04-18,여자 일반부,개인전,토너먼트,준준결승경기４,곽다연,201302006626,,송채원,200903026922,,0,3,B
제4회 태산배 전국 스쿼시 선수권대회,202403023,2024-04-18,여자 일반부,개인전,토너먼트,준결승경기１,최유라,200703026440,,안은찬,200312014298,,1,3,B
제4회 태산배 전국 스쿼시 선수권대회,202403023,2024-04-18,여자 일반부,개인전,토너먼트,준결승경기２,김다미,201107004502,,송채원,200903026922,,3,0,A
제4회 태산배 전국 스쿼시 선수권대회,202403023,2024-04-18,여자 일반부,개인전,토너먼트,결승,안은찬,200312014298,,김다미,201107004502,,3,0,A
제4회 태산배 전국 스쿼시 선수권대회,202403023,2024-04-18,남자 일반부,개인전,토너먼트,예선경기２,김동우,201503028559,,유덕재,201104000837,,2,3,B
제4회 태산배 전국 스쿼시 선수권대회,202403023,2024-04-18,남자 일반부,개인전,토너먼트,예선경기７,황중찬,200706002344,,김경훈,982227000001,,3,0,A
제4회 태산배 전국 스쿼시 선수권대회,202403023,2024-04-18,남자 일반부,개인전,토너먼트,예선경기１０,구성진,201302009824,,류한동,200903026007,,0,3,B
제4회 태산배 전국 스쿼시 선수권대회,202403023,2024-04-18,남자 일반부,개인전,토너먼트,예선경기１５,진승우,200312004753,,김진규,202302005904,,3,0,A
제4회 태산배 전국 스쿼시 선수권대회,202403023,2024-04-18,남자 일반부,개인전,토너먼트,준준준결승경기１,이동준,201302010744,,유덕재,201104000837,,3,1,A
제4회 태산배 전국 스쿼시 선수권대회,202403023,2024-04-18,남자 일반부,개인전,토너먼트,준준준결승경기２,김창하,201602010896,,김현인,201602013447,,0,3,B
제4회 태산배 전국 스쿼시 선수권대회,202403023,2024-04-18,남자 일반부,개인전,토너먼트,준준준결승경기３,김승현,201403012359,,이현욱,201203014577,,3,0,A
제4회 태산배 전국 스쿼시 선수권대회,202403023,2024-04-18,남자 일반부,개인전,토너먼트,준준준결승경기４,황중찬,200706002344,,한승철,201501001406,,0,3,B
제4회 태산배 전국 스쿼시 선수권대회,202403023,2024-04-18,남자 일반부,개인전,토너먼트,준준준결승경기５,강현범,201302006321,,류한동,200903026007,,3,0,A
제4회 태산배 전국 스쿼시 선수권대회,202403023,2024-04-18,남자 일반부,개인전,토너먼트,준준준결승경기６,이승훈,201005005675,,지동현,201507002321,,0,3,B
제4회 태산배 전국 스쿼시 선수권대회,202403023,2024-04-18,남자 일반부,개인전,토너먼트,준준준결승경기７,김태현,201302005947,,임재현,201402001427,,3,2,A
제4회 태산배 전국 스쿼시 선수권대회,202403023,2024-04-18,남자 일반부,개인전,토너먼트,준준준결승경기８,진승우,200312004753,,강우석,201302005902,,1,3,B
제4회 태산배 전국 스쿼시 선수권대회,202403023,2024-04-18,남자 일반부,개인전,토너먼트,준준결승경기１,이동준,201302010744,,김현인,201602013447,,3,1,A
제4회 태산배 전국 스쿼시 선수권대회,202403023,2024-04-18,남자 일반부,개인전,토너먼트,준준결승경기２,김승현,201403012359,,한승철,201501001406,,0,3,B
제4회 태산배 전국 스쿼시 선수권대회,202403023,2024-04-18,남자 일반부,개인전,토너먼트,준준결승경기３,강현범,201302006321,,지동현,201507002321,,3,0,A
제4회 태산배 전국 스쿼시 선수권대회,202403023,2024-04-18,남자 일반부,개인전,토너먼트,준준결승경기４,김태현,201302005947,,강우석,201302005902,,0,3,B
제4회 태산배 전국 스쿼시 선수권대회,202403023,2024-04-18,남자 일반부,개인전,토너먼트,준결승경기１,이동준,201302010744,,한승철,201501001406,,3,1,A
제4회 태산배 전국 스쿼시 선수권대회,202403023,2024-04-18,남자 일반부,개인전,토너먼트,준결승경기２,강현범,201302006321,,강우석,201302005902,,2,3,B
제4회 태산배 전국 스쿼시 선수권대회,202403023,2024-04-18,남자 일반부,개인전,토너먼트,결승,이동준,201302010744,,강우석,201302005902,,3,0,A
제18회 회장배(전북) 전국 스쿼시 선수권대회,202403082,2024-05-09,여자 12세이하부,개인전,토너먼트,예선경기２,홍지우,202307007070,,안희채,202311002629,,0,0,A
제18회 회장배(전북) 전국 스쿼시 선수권대회,202403082,2024-05-09,여자 12세이하부,개인전,토너먼트,준준준결승경기１,김아린,202303035971,,홍지우,202307007070,,3,0,A
제18회 회장배(전북) 전국 스쿼시 선수권대회,202403082,2024-05-09,여자 12세이하부,개인전,토너먼트,준준준결승경기２,성하엘,202306005206,,이서우,202311002595,,0,3,B
제18회 회장배(전북) 전국 스쿼시 선수권대회,202403082,2024-05-09,여자 12세이하부,개인전,토너먼트,준준준결승경기３,정서윤,202307004948,,김다인,202402016722,,3,0,A
제18회 회장배(전북) 전국 스쿼시 선수권대회,202403082,2024-05-09,여자 12세이하부,개인전,토너먼트,준준준결승경기４,김예빈,202311001849,,김하은,202402004332,,0,0,B
제18회 회장배(전북) 전국 스쿼시 선수권대회,202403082,2024-05-09,여자 12세이하부,개인전,토너먼트,준준준결승경기５,최민지,202311002499,,김리안,202402002128,,2,3,B
제18회 회장배(전북) 전국 스쿼시 선수권대회,202403082,2024-05-09,여자 12세이하부,개인전,토너먼트,준준준결승경기６,전지아,202309001333,,최은,202304014708,,0,3,B
제18회 회장배(전북) 전국 스쿼시 선수권대회,202403082,2024-05-09,여자 12세이하부,개인전,토너먼트,준준준결승경기７,김지은,202008003330,,박서하,202307007943,,0,3,B
제18회 회장배(전북) 전국 스쿼시 선수권대회,202403082,2024-05-09,여자 12세이하부,개인전,토너먼트,준준준결승경기８,구보민,202206006488,,신소이,202403001603,,3,0,A
제18회 회장배(전북) 전국 스쿼시 선수권대회,202403082,2024-05-09,여자 12세이하부,개인전,토너먼트,준준결승경기１,김아린,202303035971,,이서우,202311002595,,3,0,A
제18회 회장배(전북) 전국 스쿼시 선수권대회,202403082,2024-05-09,여자 12세이하부,개인전,토너먼트,준준결승경기２,정서윤,202307004948,,김하은,202402004332,,3,0,A
제18회 회장배(전북) 전국 스쿼시 선수권대회,202403082,2024-05-09,여자 12세이하부,개인전,토너먼트,준준결승경기３,김리안,202402002128,,최은,202304014708,,0,3,B
제18회 회장배(전북) 전국 스쿼시 선수권대회,202403082,2024-05-09,여자 12세이하부,개인전,토너먼트,준준결승경기４,박서하,202307007943,,구보민,202206006488,,0,3,B
제18회 회장배(전북) 전국 스쿼시 선수권대회,202403082,2024-05-09,여자 12세이하부,개인전,토너먼트,준결승경기１,김아린,202303035971,,정서윤,202307004948,,3,0,A
제18회 회장배(전북) 전국 스쿼시 선수권대회,202403082,2024-05-09,여자 12세이하부,개인전,토너먼트,준결승경기２,최은,202304014708,,구보민,202206006488,,0,3,B
제18회 회장배(전북) 전국 스쿼시 선수권대회,202403082,2024-05-09,여자 12세이하부,개인전,토너먼트,결승,김아린,202303035971,,구보민,202206006488,,0,3,B
제18회 회장배(전북) 전국 스쿼시 선수권대회,202403082,2024-05-09,남자 12세이하부,개인전,토너먼트,예선경기２,강연우,202302018875,,김시우,202307007967,,3,0,A
제18회 회장배(전북) 전국 스쿼시 선수권대회,202403082,2024-05-09,남자 12세이하부,개인전,토너먼트,예선경기７,이치윤,202308010096,,김현석,202204086936,,0,3,B
제18회 회장배(전북) 전국 스쿼시 선수권대회,202403082,2024-05-09,남자 12세이하부,개인전,토너먼트,예선경기１０,강동운,202402018619,,전윤우,202309001289,,1,3,B
제18회 회장배(전북) 전국 스쿼시 선수권대회,202403082,2024-05-09,남자 12세이하부,개인전,토너먼트,예선경기１５,김래원,202308009664,,강동윤,202304049313,,0,3,B
제18회 회장배(전북) 전국 스쿼시 선수권대회,202403082,2024-05-09,남자 12세이하부,개인전,토너먼트,준준준결승경기１,서예준,202403017121,,강연우,202302018875,,0,3,B
제18회 회장배(전북) 전국 스쿼시 선수권대회,202403082,2024-05-09,남자 12세이하부,개인전,토너먼트,준준준결승경기２,김민준,202402015749,,이주현,202403006885,,0,3,B
제18회 회장배(전북) 전국 스쿼시 선수권대회,202403082,2024-05-09,남자 12세이하부,개인전,토너먼트,준준준결승경기３,강예준,202304049424,,최재원,202102002568,,3,0,A
제18회 회장배(전북) 전국 스쿼시 선수권대회,202403082,2024-05-09,남자 12세이하부,개인전,토너먼트,준준준결승경기４,김현석,202204086936,,이준서,202305012079,,3,0,A
제18회 회장배(전북) 전국 스쿼시 선수권대회,202403082,2024-05-09,남자 12세이하부,개인전,토너먼트,준준준결승경기５,최진우,202308012526,,전윤우,202309001289,,0,3,B
제18회 회장배(전북) 전국 스쿼시 선수권대회,202403082,2024-05-09,남자 12세이하부,개인전,토너먼트,준준준결승경기６,김주호,202008004170,,문승재,202307003384,,3,0,A
제18회 회장배(전북) 전국 스쿼시 선수권대회,202403082,2024-05-09,남자 12세이하부,개인전,토너먼트,준준준결승경기７,이석현,202302017098,,최승우,202307001052,,3,0,A
제18회 회장배(전북) 전국 스쿼시 선수권대회,202403082,2024-05-09,남자 12세이하부,개인전,토너먼트,준준준결승경기８,강동윤,202304049313,,전윤서,202309001349,,3,0,A
제18회 회장배(전북) 전국 스쿼시 선수권대회,202403082,2024-05-09,남자 12세이하부,개인전,토너먼트,준준결승경기１,강연우,202302018875,,이주현,202403006885,,3,0,A
제18회 회장배(전북) 전국 스쿼시 선수권대회,202403082,2024-05-09,남자 12세이하부,개인전,토너먼트,준준결승경기２,강예준,202304049424,,김현석,202204086936,,1,3,B
제18회 회장배(전북) 전국 스쿼시 선수권대회,202403082,2024-05-09,남자 12세이하부,개인전,토너먼트,준준결승경기３,전윤우,202309001289,,김주호,202008004170,,0,3,B
제18회 회장배(전북) 전국 스쿼시 선수권대회,202403082,2024-05-09,남자 12세이하부,개인전,토너먼트,준준결승경기４,이석현,202302017098,,강동윤,202304049313,,1,3,B
제18회 회장배(전북) 전국 스쿼시 선수권대회,202403082,2024-05-09,남자 12세이하부,개인전,토너먼트,준결승경기１,강연우,202302018875,,김현석,202204086936,,3,0,A
제18회 회장배(전북) 전국 스쿼시 선수권대회,202403082,2024-05-09,남자 12세이하부,개인전,토너먼트,준결승경기２,김주호,202008004170,,강동윤,202304049313,,2,3,B
제18회 회장배(전북) 전국 스쿼시 선수권대회,202403082,2024-05-09,남자 12세이하부,개인전,토너먼트,결승,강연우,202302018875,,강동윤,202304049313,,3,0,A
제18회 회장배(전북) 전국 스쿼시 선수권대회,202403082,2024-05-09,여자 15세이하부,개인전,토너먼트,예선경기１,이해인,202002004113,,강연아,202302018871,,3,0,A
제18회 회장배(전북) 전국 스쿼시 선수권대회,202403082,2024-05-09,여자 15세이하부,개인전,토너먼트,예선경기２,박지은,202002004079,,허은소,202306011197,,3,0,A
제18회 회장배(전북) 전국 스쿼시 선수권대회,202403082,2024-05-09,여자 15세이하부,개인전,토너먼트,예선경기３,황보영,202303008360,,서주연,202403017297,,3,0,A
제18회 회장배(전북) 전국 스쿼시 선수권대회,202403082,2024-05-09,여자 15세이하부,개인전,토너먼트,예선경기４,정단아,202207001150,,문하람,202002004153,,0,3,B
제18회 회장배(전북) 전국 스쿼시 선수권대회,202403082,2024-05-09,여자 15세이하부,개인전,토너먼트,준결승경기１,이해인,202002004113,,박지은,202002004079,,3,1,A
제18회 회장배(전북) 전국 스쿼시 선수권대회,202403082,2024-05-09,여자 15세이하부,개인전,토너먼트,준결승경기２,황보영,202303008360,,문하람,202002004153,,3,1,A
제18회 회장배(전북) 전국 스쿼시 선수권대회,202403082,2024-05-09,여자 15세이하부,개인전,토너먼트,결승,이해인,202002004113,,황보영,202303008360,,3,0,A
제18회 회장배(전북) 전국 스쿼시 선수권대회,202403082,2024-05-09,남자 15세이하부,개인전,토너먼트,예선경기２,최시후,202308012402,,구건휘,202206008055,,0,3,B
제18회 회장배(전북) 전국 스쿼시 선수권대회,202403082,2024-05-09,남자 15세이하부,개인전,토너먼트,예선경기１０,이수현,202403000869,,류지안,202202002116,,0,3,B
제18회 회장배(전북) 전국 스쿼시 선수권대회,202403082,2024-05-09,남자 15세이하부,개인전,토너먼트,예선경기１５,윤종현,202204001156,,윤태훈,202209003037,,3,0,A
제18회 회장배(전북) 전국 스쿼시 선수권대회,202403082,2024-05-09,남자 15세이하부,개인전,토너먼트,준준준결승경기１,김찬영,202203001906,,구건휘,202206008055,,3,1,A
제18회 회장배(전북) 전국 스쿼시 선수권대회,202403082,2024-05-09,남자 15세이하부,개인전,토너먼트,준준준결승경기２,김민재,,,장승보,202303008035,,0,3,B
제18회 회장배(전북) 전국 스쿼시 선수권대회,202403082,2024-05-09,남자 15세이하부,개인전,토너먼트,준준준결승경기３,이준용,202404014974,,김서준,201904001822,,0,0,B
제18회 회장배(전북) 전국 스쿼시 선수권대회,202403082,2024-05-09,남자 15세이하부,개인전,토너먼트,준준준결승경기４,남우진,202308012404,,김성주,202203007369,,0,3,B
제18회 회장배(전북) 전국 스쿼시 선수권대회,202403082,2024-05-09,남자 15세이하부,개인전,토너먼트,준준준결승경기５,전서율,201905001623,,류지안,202202002116,,1,3,B
제18회 회장배(전북) 전국 스쿼시 선수권대회,202403082,2024-05-09,남자 15세이하부,개인전,토너먼트,준준준결승경기６,나우영,201902002440,,오동욱,202308012705,,0,0,A
제18회 회장배(전북) 전국 스쿼시 선수권대회,202403082,2024-05-09,남자 15세이하부,개인전,토너먼트,준준준결승경기７,김민재,,,홍인후,202302016108,,1,3,B
제18회 회장배(전북) 전국 스쿼시 선수권대회,202403082,2024-05-09,남자 15세이하부,개인전,토너먼트,준준준결승경기８,윤종현,202204001156,,이동화,202007000243,,3,0,A
제18회 회장배(전북) 전국 스쿼시 선수권대회,202403082,2024-05-09,남자 15세이하부,개인전,토너먼트,준준결승경기１,김찬영,202203001906,,장승보,202303008035,,3,0,A
제18회 회장배(전북) 전국 스쿼시 선수권대회,202403082,2024-05-09,남자 15세이하부,개인전,토너먼트,준준결승경기２,김서준,201904001822,,김성주,202203007369,,2,3,B
제18회 회장배(전북) 전국 스쿼시 선수권대회,202403082,2024-05-09,남자 15세이하부,개인전,토너먼트,준준결승경기３,류지안,202202002116,,나우영,201902002440,,3,0,A
제18회 회장배(전북) 전국 스쿼시 선수권대회,202403082,2024-05-09,남자 15세이하부,개인전,토너먼트,준준결승경기４,홍인후,202302016108,,윤종현,202204001156,,0,3,B
제18회 회장배(전북) 전국 스쿼시 선수권대회,202403082,2024-05-09,남자 15세이하부,개인전,토너먼트,준결승경기１,김찬영,202203001906,,김성주,202203007369,,3,0,A
제18회 회장배(전북) 전국 스쿼시 선수권대회,202403082,2024-05-09,남자 15세이하부,개인전,토너먼트,준결승경기２,류지안,202202002116,,윤종현,202204001156,,3,1,A
제18회 회장배(전북) 전국 스쿼시 선수권대회,202403082,2024-05-09,남자 15세이하부,개인전,토너먼트,결승,김찬영,202203001906,,류지안,202202002116,,3,2,A
제18회 회장배(전북) 전국 스쿼시 선수권대회,202403082,2024-05-09,여자 18세이하부,개인전,토너먼트,예선경기１,조아연,201903004040,,이기쁨,202201001493,,3,0,A
제18회 회장배(전북) 전국 스쿼시 선수권대회,202403082,2024-05-09,여자 18세이하부,개인전,토너먼트,예선경기２,황수민,202302003492,,김소윤,202307002569,,3,1,A
제18회 회장배(전북) 전국 스쿼시 선수권대회,202403082,2024-05-09,여자 18세이하부,개인전,토너먼트,예선경기３,이수현,202302014612,,김유빈,202302015267,,3,0,A
제18회 회장배(전북) 전국 스쿼시 선수권대회,202403082,2024-05-09,여자 18세이하부,개인전,토너먼트,예선경기４,문서윤,202307002568,,김예은,202008003322,,3,0,A
제18회 회장배(전북) 전국 스쿼시 선수권대회,202403082,2024-05-09,여자 18세이하부,개인전,토너먼트,예선경기５,김태연,201605003414,,임수아,202302017165,,3,0,A
제18회 회장배(전북) 전국 스쿼시 선수권대회,202403082,2024-05-09,여자 18세이하부,개인전,토너먼트,예선경기６,정수아,202307002127,,김지윤,202306009406,,3,0,A
제18회 회장배(전북) 전국 스쿼시 선수권대회,202403082,2024-05-09,여자 18세이하부,개인전,토너먼트,예선경기７,이현진,202403000783,,전현영,202201001946,,0,3,B
제18회 회장배(전북) 전국 스쿼시 선수권대회,202403082,2024-05-09,여자 18세이하부,개인전,토너먼트,예선경기８,서예은,202206004756,,엄준,201804000231,,1,3,B
제18회 회장배(전북) 전국 스쿼시 선수권대회,202403082,2024-05-09,여자 18세이하부,개인전,토너먼트,준준결승경기１,조아연,201903004040,,황수민,202302003492,,3,0,A
제18회 회장배(전북) 전국 스쿼시 선수권대회,202403082,2024-05-09,여자 18세이하부,개인전,토너먼트,준준결승경기２,이수현,202302014612,,문서윤,202307002568,,3,0,A
제18회 회장배(전북) 전국 스쿼시 선수권대회,202403082,2024-05-09,여자 18세이하부,개인전,토너먼트,준준결승경기３,김태연,201605003414,,정수아,202307002127,,3,1,A
제18회 회장배(전북) 전국 스쿼시 선수권대회,202403082,2024-05-09,여자 18세이하부,개인전,토너먼트,준준결승경기４,전현영,202201001946,,엄준,201804000231,,0,3,B
제18회 회장배(전북) 전국 스쿼시 선수권대회,202403082,2024-05-09,여자 18세이하부,개인전,토너먼트,준결승경기１,조아연,201903004040,,이수현,202302014612,,3,0,A
제18회 회장배(전북) 전국 스쿼시 선수권대회,202403082,2024-05-09,여자 18세이하부,개인전,토너먼트,준결승경기２,김태연,201605003414,,엄준,201804000231,,1,3,B
제18회 회장배(전북) 전국 스쿼시 선수권대회,202403082,2024-05-09,여자 18세이하부,개인전,토너먼트,결승,조아연,201903004040,,엄준,201804000231,,3,0,A
제18회 회장배(전북) 전국 스쿼시 선수권대회,202403082,2024-05-09,여자 18세이하부,복식,토너먼트,예선경기１,"조아연, 임수아",,,"김태연, 이수현",,,2,1,A
제18회 회장배(전북) 전국 스쿼시 선수권대회,202403082,2024-05-09,여자 18세이하부,복식,토너먼트,예선경기２,"정수아, 문서윤",,,"이기쁨, 전현영",,,0,2,B
제18회 회장배(전북) 전국 스쿼시 선수권대회,202403082,2024-05-09,여자 18세이하부,복식,토너먼트,결승,"조아연, 임수아",,,"이기쁨, 전현영",,,2,0,A
제18회 회장배(전북) 전국 스쿼시 선수권대회,202403082,2024-05-09,남자 18세이하부,개인전,토너먼트,예선경기２,이동욱,202007000237,,김동하,202207005619,,3,1,A
제18회 회장배(전북) 전국 스쿼시 선수권대회,202403082,2024-05-09,남자 18세이하부,개인전,토너먼트,예선경기６,나동현,202301001068,,현종선,202302017920,,3,0,A
제18회 회장배(전북) 전국 스쿼시 선수권대회,202403082,2024-05-09,남자 18세이하부,개인전,토너먼트,예선경기７,안지훈,202307002572,,서윤재,202203001042,,0,3,B
제18회 회장배(전북) 전국 스쿼시 선수권대회,202403082,2024-05-09,남자 18세이하부,개인전,토너먼트,예선경기１０,전윤건,202306010293,,오지훈,202307006557,,0,3,B
제18회 회장배(전북) 전국 스쿼시 선수권대회,202403082,2024-05-09,남자 18세이하부,개인전,토너먼트,예선경기１１,김현,202303001958,,고백균,202203000460,,0,3,B
제18회 회장배(전북) 전국 스쿼시 선수권대회,202403082,2024-05-09,남자 18세이하부,개인전,토너먼트,예선경기１５,이건후,202103007938,,정광민,202103008002,,3,0,A
제18회 회장배(전북) 전국 스쿼시 선수권대회,202403082,2024-05-09,남자 18세이하부,개인전,토너먼트,준준준결승경기１,류정욱,201603018160,,이동욱,202007000237,,3,0,A
제18회 회장배(전북) 전국 스쿼시 선수권대회,202403082,2024-05-09,남자 18세이하부,개인전,토너먼트,준준준결승경기２,이성민,202107001910,,나주영,201602006877,,0,3,B
제18회 회장배(전북) 전국 스쿼시 선수권대회,202403082,2024-05-09,남자 18세이하부,개인전,토너먼트,준준준결승경기３,구동현,201402010302,,나동현,202301001068,,3,1,A
제18회 회장배(전북) 전국 스쿼시 선수권대회,202403082,2024-05-09,남자 18세이하부,개인전,토너먼트,준준준결승경기４,서윤재,202203001042,,박시환,202306009362,,3,0,A
제18회 회장배(전북) 전국 스쿼시 선수권대회,202403082,2024-05-09,남자 18세이하부,개인전,토너먼트,준준준결승경기５,김준호,202004000367,,오지훈,202307006557,,3,0,A
제18회 회장배(전북) 전국 스쿼시 선수권대회,202403082,2024-05-09,남자 18세이하부,개인전,토너먼트,준준준결승경기６,고백균,202203000460,,이용욱,201902003971,,0,3,B
제18회 회장배(전북) 전국 스쿼시 선수권대회,202403082,2024-05-09,남자 18세이하부,개인전,토너먼트,준준준결승경기７,송늘찬,202308010299,,박민기,202006000140,,0,3,B
제18회 회장배(전북) 전국 스쿼시 선수권대회,202403082,2024-05-09,남자 18세이하부,개인전,토너먼트,준준준결승경기８,이건후,202103007938,,박상현,202306009676,,3,0,A
제18회 회장배(전북) 전국 스쿼시 선수권대회,202403082,2024-05-09,남자 18세이하부,개인전,토너먼트,준준결승경기１,류정욱,201603018160,,나주영,201602006877,,1,3,B
제18회 회장배(전북) 전국 스쿼시 선수권대회,202403082,2024-05-09,남자 18세이하부,개인전,토너먼트,준준결승경기２,구동현,201402010302,,서윤재,202203001042,,3,0,A
제18회 회장배(전북) 전국 스쿼시 선수권대회,202403082,2024-05-09,남자 18세이하부,개인전,토너먼트,준준결승경기３,김준호,202004000367,,이용욱,201902003971,,3,1,A
제18회 회장배(전북) 전국 스쿼시 선수권대회,202403082,2024-05-09,남자 18세이하부,개인전,토너먼트,준준결승경기４,박민기,202006000140,,이건후,202103007938,,3,0,A
제18회 회장배(전북) 전국 스쿼시 선수권대회,202403082,2024-05-09,남자 18세이하부,개인전,토너먼트,준결승경기１,나주영,201602006877,,구동현,201402010302,,3,0,A
제18회 회장배(전북) 전국 스쿼시 선수권대회,202403082,2024-05-09,남자 18세이하부,개인전,토너먼트,준결승경기２,김준호,202004000367,,박민기,202006000140,,1,3,B
제18회 회장배(전북) 전국 스쿼시 선수권대회,202403082,2024-05-09,남자 18세이하부,개인전,토너먼트,결승,나주영,201602006877,,박민기,202006000140,,3,0,A
제18회 회장배(전북) 전국 스쿼시 선수권대회,202403082,2024-05-09,남자 18세이하부,단체전,토너먼트,예선경기１,양산제일고등학교,,,언양고등학교,,,3,0,A
제18회 회장배(전북) 전국 스쿼시 선수권대회,202403082,2024-05-09,남자 18세이하부,단체전,토너먼트,예선경기２,천안월봉고등학교,,,대광고등학교,,,3,0,A
제18회 회장배(전북) 전국 스쿼시 선수권대회,202403082,2024-05-09,남자 18세이하부,단체전,토너먼트,결승,양산제일고등학교,,,천안월봉고등학교,,,0,2,B
제18회 회장배(전북) 전국 스쿼시 선수권대회,202403082,2024-05-09,남자 18세이하부,복식,토너먼트,예선경기２,"이건후, 구동현",,,"이동욱, 정광민",,,0,2,B
제18회 회장배(전북) 전국 스쿼시 선수권대회,202403082,2024-05-09,남자 18세이하부,복식,토너먼트,준결승경기１,"이성빈, 곽서준",,,"이동욱, 정광민",,,0,2,B
제18회 회장배(전북) 전국 스쿼시 선수권대회,202403082,2024-05-09,남자 18세이하부,복식,토너먼트,준결승경기２,"서윤재, 오지훈",,,"안지훈, 류정욱",,,0,2,B
제18회 회장배(전북) 전국 스쿼시 선수권대회,202403082,2024-05-09,남자 18세이하부,복식,토너먼트,결승,"이동욱, 정광민",,,"안지훈, 류정욱",,,2,0,A
제18회 회장배(전북) 전국 스쿼시 선수권대회,202403082,2024-05-09,여자 대학부,개인전,토너먼트,예선경기２,김민경,202207007077,,김하연,201503006905,,0,0,B
제18회 회장배(전북) 전국 스쿼시 선수권대회,202403082,2024-05-09,여자 대학부,개인전,토너먼트,예선경기３,조예림,202006001243,,남지윤,202203011255,,3,0,A
제18회 회장배(전북) 전국 스쿼시 선수권대회,202403082,2024-05-09,여자 대학부,개인전,토너먼트,준결승경기１,이소진,201503029527,,김하연,201503006905,,3,0,A
제18회 회장배(전북) 전국 스쿼시 선수권대회,202403082,2024-05-09,여자 대학부,개인전,토너먼트,준결승경기２,조예림,202006001243,,노윤진,201702011015,,0,3,B
제18회 회장배(전북) 전국 스쿼시 선수권대회,202403082,2024-05-09,여자 대학부,개인전,토너먼트,결승,이소진,201503029527,,노윤진,201702011015,,3,0,A
제18회 회장배(전북) 전국 스쿼시 선수권대회,202403082,2024-05-09,남자 대학부,개인전,토너먼트,예선경기２,한혁중,202203001974,,남기태,202103006627,,1,3,B
제18회 회장배(전북) 전국 스쿼시 선수권대회,202403082,2024-05-09,남자 대학부,개인전,토너먼트,예선경기３,김준영,201707001971,,박민준,201902005286,,3,0,A
제18회 회장배(전북) 전국 스쿼시 선수권대회,202403082,2024-05-09,남자 대학부,개인전,토너먼트,예선경기６,이지석,201703004879,,손우주,201902004585,,1,3,B
제18회 회장배(전북) 전국 스쿼시 선수권대회,202403082,2024-05-09,남자 대학부,개인전,토너먼트,예선경기７,박지훈,201706000549,,천승환,202107003356,,3,1,A
제18회 회장배(전북) 전국 스쿼시 선수권대회,202403082,2024-05-09,남자 대학부,개인전,토너먼트,준준결승경기１,정태경,201606000617,,남기태,202103006627,,3,0,A
제18회 회장배(전북) 전국 스쿼시 선수권대회,202403082,2024-05-09,남자 대학부,개인전,토너먼트,준준결승경기２,김준영,201707001971,,유호제,201405000567,,1,3,B
제18회 회장배(전북) 전국 스쿼시 선수권대회,202403082,2024-05-09,남자 대학부,개인전,토너먼트,준준결승경기３,이강인,201808001789,,손우주,201902004585,,3,0,A
제18회 회장배(전북) 전국 스쿼시 선수권대회,202403082,2024-05-09,남자 대학부,개인전,토너먼트,준준결승경기４,박지훈,201706000549,,김사무엘,201505001195,,0,3,B
제18회 회장배(전북) 전국 스쿼시 선수권대회,202403082,2024-05-09,남자 대학부,개인전,토너먼트,준결승경기１,정태경,201606000617,,유호제,201405000567,,2,3,B
제18회 회장배(전북) 전국 스쿼시 선수권대회,202403082,2024-05-09,남자 대학부,개인전,토너먼트,준결승경기２,이강인,201808001789,,김사무엘,201505001195,,3,0,A
제18회 회장배(전북) 전국 스쿼시 선수권대회,202403082,2024-05-09,남자 대학부,개인전,토너먼트,결승,유호제,201405000567,,이강인,201808001789,,0,3,B
제18회 회장배(전북) 전국 스쿼시 선수권대회,202403082,2024-05-09,남자 대학부,복식,리그전,1R / A조,"김사무엘, 탁효진",,,"정태경, 손우주",,,0,0,B
제18회 회장배(전북) 전국 스쿼시 선수권대회,202403082,2024-05-09,남자 대학부,복식,리그전,1R / A조,"천승환, 박민준",,,"정태경, 손우주",,,0,2,B
제18회 회장배(전북) 전국 스쿼시 선수권대회,202403082,2024-05-09,남자 대학부,복식,리그전,1R / A조,"천승환, 박민준",,,"김사무엘, 탁효진",,,0,0,A
제18회 회장배(전북) 전국 스쿼시 선수권대회,202403082,2024-05-09,여자 일반부,개인전,토너먼트,예선경기２,강현아,202204080697,,김가람,200505000922,,0,3,B
제18회 회장배(전북) 전국 스쿼시 선수권대회,202403082,2024-05-09,여자 일반부,개인전,토너먼트,예선경기１０,양연수,200409006651,,장예원,201601000670,,0,0,B
제18회 회장배(전북) 전국 스쿼시 선수권대회,202403082,2024-05-09,여자 일반부,개인전,토너먼트,예선경기１５,조강빈,201606003147,,김민희,201402004905,,3,0,A
제18회 회장배(전북) 전국 스쿼시 선수권대회,202403082,2024-05-09,여자 일반부,개인전,토너먼트,준준준결승경기１,허민경,201103015212,,김가람,200505000922,,3,1,A
제18회 회장배(전북) 전국 스쿼시 선수권대회,202403082,2024-05-09,여자 일반부,개인전,토너먼트,준준준결승경기２,김다정,200506003985,,류보람,201503023001,,0,3,B
제18회 회장배(전북) 전국 스쿼시 선수권대회,202403082,2024-05-09,여자 일반부,개인전,토너먼트,준준준결승경기３,김하은,201302005893,,박진주,200505000920,,0,3,B
제18회 회장배(전북) 전국 스쿼시 선수권대회,202403082,2024-05-09,여자 일반부,개인전,토너먼트,준준준결승경기４,이자연,202003003272,,송채원,200903026922,,0,3,B
제18회 회장배(전북) 전국 스쿼시 선수권대회,202403082,2024-05-09,여자 일반부,개인전,토너먼트,준준준결승경기５,최유라,200703026440,,장예원,201601000670,,0,0,B
제18회 회장배(전북) 전국 스쿼시 선수권대회,202403082,2024-05-09,여자 일반부,개인전,토너먼트,준준준결승경기６,박미림,200312007885,,서하민,201703008633,,1,3,B
제18회 회장배(전북) 전국 스쿼시 선수권대회,202403082,2024-05-09,여자 일반부,개인전,토너먼트,준준준결승경기７,곽다연,201302006626,,문혜연,201203009845,,1,3,B
제18회 회장배(전북) 전국 스쿼시 선수권대회,202403082,2024-05-09,여자 일반부,개인전,토너먼트,준준준결승경기８,조강빈,201606003147,,엄화영,201002007702,,0,3,B
제18회 회장배(전북) 전국 스쿼시 선수권대회,202403082,2024-05-09,여자 일반부,개인전,토너먼트,준준결승경기１,허민경,201103015212,,류보람,201503023001,,3,2,A
제18회 회장배(전북) 전국 스쿼시 선수권대회,202403082,2024-05-09,여자 일반부,개인전,토너먼트,준준결승경기２,박진주,200505000920,,송채원,200903026922,,2,3,B
제18회 회장배(전북) 전국 스쿼시 선수권대회,202403082,2024-05-09,여자 일반부,개인전,토너먼트,준준결승경기３,장예원,201601000670,,서하민,201703008633,,3,2,A
제18회 회장배(전북) 전국 스쿼시 선수권대회,202403082,2024-05-09,여자 일반부,개인전,토너먼트,준준결승경기４,문혜연,201203009845,,엄화영,201002007702,,1,3,B
제18회 회장배(전북) 전국 스쿼시 선수권대회,202403082,2024-05-09,여자 일반부,개인전,토너먼트,준결승경기１,허민경,201103015212,,송채원,200903026922,,3,0,A
제18회 회장배(전북) 전국 스쿼시 선수권대회,202403082,2024-05-09,여자 일반부,개인전,토너먼트,준결승경기２,장예원,201601000670,,엄화영,201002007702,,0,3,B
제18회 회장배(전북) 전국 스쿼시 선수권대회,202403082,2024-05-09,여자 일반부,개인전,토너먼트,결승,허민경,201103015212,,엄화영,201002007702,,3,2,A
제18회 회장배(전북) 전국 스쿼시 선수권대회,202403082,2024-05-09,남자 일반부,개인전,토너먼트,예선경기２,유덕재,201104000837,,이승훈,201005005675,,3,0,A
제18회 회장배(전북) 전국 스쿼시 선수권대회,202403082,2024-05-09,남자 일반부,개인전,토너먼트,예선경기６,이건동,200312007919,,이현욱,201203014577,,3,1,A
제18회 회장배(전북) 전국 스쿼시 선수권대회,202403082,2024-05-09,남자 일반부,개인전,토너먼트,예선경기７,김태현,201302005947,,김현인,201602013447,,3,1,A
제18회 회장배(전북) 전국 스쿼시 선수권대회,202403082,2024-05-09,남자 일반부,개인전,토너먼트,예선경기１０,박종명,200803023360,,김진규,202302005904,,3,0,A
제18회 회장배(전북) 전국 스쿼시 선수권대회,202403082,2024-05-09,남자 일반부,개인전,토너먼트,예선경기１１,임재현,201402001427,,박정식,201103008064,,3,1,A
제18회 회장배(전북) 전국 스쿼시 선수권대회,202403082,2024-05-09,남자 일반부,개인전,토너먼트,예선경기１５,구성진,201302009824,,최영진,201603000883,,3,0,A
제18회 회장배(전북) 전국 스쿼시 선수권대회,202403082,2024-05-09,남자 일반부,개인전,토너먼트,준준준결승경기１,이동준,201302010744,,유덕재,201104000837,,0,0,B
제18회 회장배(전북) 전국 스쿼시 선수권대회,202403082,2024-05-09,남자 일반부,개인전,토너먼트,준준준결승경기２,박성찬,201006002472,,이상훈,200809000849,,3,0,A
제18회 회장배(전북) 전국 스쿼시 선수권대회,202403082,2024-05-09,남자 일반부,개인전,토너먼트,준준준결승경기３,강우석,201302005902,,이건동,200312007919,,1,3,B
제18회 회장배(전북) 전국 스쿼시 선수권대회,202403082,2024-05-09,남자 일반부,개인전,토너먼트,준준준결승경기４,김태현,201302005947,,강현범,201302006321,,0,3,B
제18회 회장배(전북) 전국 스쿼시 선수권대회,202403082,2024-05-09,남자 일반부,개인전,토너먼트,준준준결승경기５,김건,201503006845,,박종명,200803023360,,3,0,A
제18회 회장배(전북) 전국 스쿼시 선수권대회,202403082,2024-05-09,남자 일반부,개인전,토너먼트,준준준결승경기６,임재현,201402001427,,한승철,201501001406,,0,0,A
제18회 회장배(전북) 전국 스쿼시 선수권대회,202403082,2024-05-09,남자 일반부,개인전,토너먼트,준준준결승경기７,지동현,201507002321,,이승택,200505000724,,0,3,B
제18회 회장배(전북) 전국 스쿼시 선수권대회,202403082,2024-05-09,남자 일반부,개인전,토너먼트,준준준결승경기８,구성진,201302009824,,이민우,201407000924,,0,3,B
제18회 회장배(전북) 전국 스쿼시 선수권대회,202403082,2024-05-09,남자 일반부,개인전,토너먼트,준준결승경기１,유덕재,201104000837,,박성찬,201006002472,,3,1,A
제18회 회장배(전북) 전국 스쿼시 선수권대회,202403082,2024-05-09,남자 일반부,개인전,토너먼트,준준결승경기２,이건동,200312007919,,강현범,201302006321,,1,3,B
제18회 회장배(전북) 전국 스쿼시 선수권대회,202403082,2024-05-09,남자 일반부,개인전,토너먼트,준준결승경기３,김건,201503006845,,임재현,201402001427,,3,0,A
제18회 회장배(전북) 전국 스쿼시 선수권대회,202403082,2024-05-09,남자 일반부,개인전,토너먼트,준준결승경기４,이승택,200505000724,,이민우,201407000924,,0,3,B
제18회 회장배(전북) 전국 스쿼시 선수권대회,202403082,2024-05-09,남자 일반부,개인전,토너먼트,준결승경기１,유덕재,201104000837,,강현범,201302006321,,3,1,A
제18회 회장배(전북) 전국 스쿼시 선수권대회,202403082,2024-05-09,남자 일반부,개인전,토너먼트,준결승경기２,김건,201503006845,,이민우,201407000924,,2,3,B
제18회 회장배(전북) 전국 스쿼시 선수권대회,202403082,2024-05-09,남자 일반부,개인전,토너먼트,결승,유덕재,201104000837,,이민우,201407000924,,1,3,B
제27회 금곡배 전국 초중고 스쿼시 선수권대회,202406067,2024-06-07,여자 12세이하부,개인전,토너먼트,예선경기２,최민지,202311002499,,성채은,202404018989,,3,0,A
제27회 금곡배 전국 초중고 스쿼시 선수권대회,202406067,2024-06-07,여자 12세이하부,개인전,토너먼트,예선경기１０,최은,202304014708,,신소이,202403001603,,3,0,A
제27회 금곡배 전국 초중고 스쿼시 선수권대회,202406067,2024-06-07,여자 12세이하부,개인전,토너먼트,예선경기１５,홍지우,202307007070,,김리안,202402002128,,0,0,A
제27회 금곡배 전국 초중고 스쿼시 선수권대회,202406067,2024-06-07,여자 12세이하부,개인전,토너먼트,준준준결승경기１,구보민,202206006488,,최민지,202311002499,,3,0,A
제27회 금곡배 전국 초중고 스쿼시 선수권대회,202406067,2024-06-07,여자 12세이하부,개인전,토너먼트,준준준결승경기２,김하은,202402004332,,김다인,202402016722,,3,1,A
제27회 금곡배 전국 초중고 스쿼시 선수권대회,202406067,2024-06-07,여자 12세이하부,개인전,토너먼트,준준준결승경기３,김아린,202303035971,,박서하,202307007943,,0,0,A
제27회 금곡배 전국 초중고 스쿼시 선수권대회,202406067,2024-06-07,여자 12세이하부,개인전,토너먼트,준준준결승경기４,안서율,202403016789,,민혜인,202307002219,,3,0,A
제27회 금곡배 전국 초중고 스쿼시 선수권대회,202406067,2024-06-07,여자 12세이하부,개인전,토너먼트,준준준결승경기５,이서우,202311002595,,최은,202304014708,,2,3,B
제27회 금곡배 전국 초중고 스쿼시 선수권대회,202406067,2024-06-07,여자 12세이하부,개인전,토너먼트,준준준결승경기６,김예빈,202311001849,,전지아,202309001333,,2,3,B
제27회 금곡배 전국 초중고 스쿼시 선수권대회,202406067,2024-06-07,여자 12세이하부,개인전,토너먼트,준준준결승경기７,김지은,202008003330,,빈한결,202305009723,,0,3,B
제27회 금곡배 전국 초중고 스쿼시 선수권대회,202406067,2024-06-07,여자 12세이하부,개인전,토너먼트,준준준결승경기８,홍지우,202307007070,,강서우,202304049295,,0,0,A
제27회 금곡배 전국 초중고 스쿼시 선수권대회,202406067,2024-06-07,여자 12세이하부,개인전,토너먼트,준준결승경기１,구보민,202206006488,,김하은,202402004332,,3,0,A
제27회 금곡배 전국 초중고 스쿼시 선수권대회,202406067,2024-06-07,여자 12세이하부,개인전,토너먼트,준준결승경기２,김아린,202303035971,,안서율,202403016789,,3,0,A
제27회 금곡배 전국 초중고 스쿼시 선수권대회,202406067,2024-06-07,여자 12세이하부,개인전,토너먼트,준준결승경기３,최은,202304014708,,전지아,202309001333,,0,0,A
제27회 금곡배 전국 초중고 스쿼시 선수권대회,202406067,2024-06-07,여자 12세이하부,개인전,토너먼트,준준결승경기４,빈한결,202305009723,,홍지우,202307007070,,0,3,B
제27회 금곡배 전국 초중고 스쿼시 선수권대회,202406067,2024-06-07,여자 12세이하부,개인전,토너먼트,준결승경기１,구보민,202206006488,,김아린,202303035971,,3,0,A
제27회 금곡배 전국 초중고 스쿼시 선수권대회,202406067,2024-06-07,여자 12세이하부,개인전,토너먼트,준결승경기２,최은,202304014708,,홍지우,202307007070,,3,0,A
제27회 금곡배 전국 초중고 스쿼시 선수권대회,202406067,2024-06-07,여자 12세이하부,개인전,토너먼트,결승,구보민,202206006488,,최은,202304014708,,3,0,A
제27회 금곡배 전국 초중고 스쿼시 선수권대회,202406067,2024-06-07,남자 12세이하부,개인전,토너먼트,예선경기２,강동운,202402018619,,김승원,202203009992,,1,3,B
제27회 금곡배 전국 초중고 스쿼시 선수권대회,202406067,2024-06-07,남자 12세이하부,개인전,토너먼트,예선경기６,이건빈,202306011935,,김현석,202204086936,,0,3,B
제27회 금곡배 전국 초중고 스쿼시 선수권대회,202406067,2024-06-07,남자 12세이하부,개인전,토너먼트,예선경기７,강예준,202304049424,,최현욱,202103005535,,0,3,B
제27회 금곡배 전국 초중고 스쿼시 선수권대회,202406067,2024-06-07,남자 12세이하부,개인전,토너먼트,예선경기１０,김래원,202308009664,,문승재,202307003384,,0,3,B
제27회 금곡배 전국 초중고 스쿼시 선수권대회,202406067,2024-06-07,남자 12세이하부,개인전,토너먼트,예선경기１１,박지우,202402010380,,서예준,202403017121,,0,3,B
제27회 금곡배 전국 초중고 스쿼시 선수권대회,202406067,2024-06-07,남자 12세이하부,개인전,토너먼트,예선경기１４,전윤서,202309001349,,강연우,202302018875,,0,3,B
제27회 금곡배 전국 초중고 스쿼시 선수권대회,202406067,2024-06-07,남자 12세이하부,개인전,토너먼트,예선경기１５,김준수,202305008331,,이준서,202305012079,,3,0,A
제27회 금곡배 전국 초중고 스쿼시 선수권대회,202406067,2024-06-07,남자 12세이하부,개인전,토너먼트,준준준결승경기１,김민기,202006003212,,김승원,202203009992,,3,0,A
제27회 금곡배 전국 초중고 스쿼시 선수권대회,202406067,2024-06-07,남자 12세이하부,개인전,토너먼트,준준준결승경기２,이치윤,202308010096,,김주호,202008004170,,0,3,B
제27회 금곡배 전국 초중고 스쿼시 선수권대회,202406067,2024-06-07,남자 12세이하부,개인전,토너먼트,준준준결승경기３,박선우,202402013950,,김현석,202204086936,,0,3,B
제27회 금곡배 전국 초중고 스쿼시 선수권대회,202406067,2024-06-07,남자 12세이하부,개인전,토너먼트,준준준결승경기４,최현욱,202103005535,,전윤우,202309001289,,3,0,A
제27회 금곡배 전국 초중고 스쿼시 선수권대회,202406067,2024-06-07,남자 12세이하부,개인전,토너먼트,준준준결승경기５,최재원,202102002568,,문승재,202307003384,,2,3,B
제27회 금곡배 전국 초중고 스쿼시 선수권대회,202406067,2024-06-07,남자 12세이하부,개인전,토너먼트,준준준결승경기６,서예준,202403017121,,민동훈,202307001485,,0,3,B
제27회 금곡배 전국 초중고 스쿼시 선수권대회,202406067,2024-06-07,남자 12세이하부,개인전,토너먼트,준준준결승경기７,이석현,202302017098,,강연우,202302018875,,0,3,B
제27회 금곡배 전국 초중고 스쿼시 선수권대회,202406067,2024-06-07,남자 12세이하부,개인전,토너먼트,준준준결승경기８,김준수,202305008331,,강동윤,202304049313,,0,3,B
제27회 금곡배 전국 초중고 스쿼시 선수권대회,202406067,2024-06-07,남자 12세이하부,개인전,토너먼트,준준결승경기１,김민기,202006003212,,김주호,202008004170,,3,0,A
제27회 금곡배 전국 초중고 스쿼시 선수권대회,202406067,2024-06-07,남자 12세이하부,개인전,토너먼트,준준결승경기２,김현석,202204086936,,최현욱,202103005535,,1,3,B
제27회 금곡배 전국 초중고 스쿼시 선수권대회,202406067,2024-06-07,남자 12세이하부,개인전,토너먼트,준준결승경기３,문승재,202307003384,,민동훈,202307001485,,3,1,A
제27회 금곡배 전국 초중고 스쿼시 선수권대회,202406067,2024-06-07,남자 12세이하부,개인전,토너먼트,준준결승경기４,강연우,202302018875,,강동윤,202304049313,,3,0,A
제27회 금곡배 전국 초중고 스쿼시 선수권대회,202406067,2024-06-07,남자 12세이하부,개인전,토너먼트,준결승경기１,김민기,202006003212,,최현욱,202103005535,,3,0,A
제27회 금곡배 전국 초중고 스쿼시 선수권대회,202406067,2024-06-07,남자 12세이하부,개인전,토너먼트,준결승경기２,문승재,202307003384,,강연우,202302018875,,0,3,B
제27회 금곡배 전국 초중고 스쿼시 선수권대회,202406067,2024-06-07,남자 12세이하부,개인전,토너먼트,결승,김민기,202006003212,,강연우,202302018875,,3,0,A
제27회 금곡배 전국 초중고 스쿼시 선수권대회,202406067,2024-06-07,여자 15세이하부,개인전,토너먼트,예선경기２,정지현,202302002107,,서주연,202403017297,,3,0,A
제27회 금곡배 전국 초중고 스쿼시 선수권대회,202406067,2024-06-07,여자 15세이하부,개인전,토너먼트,예선경기３,정현아,202207001169,,이재인,202305008081,,1,3,B
제27회 금곡배 전국 초중고 스쿼시 선수권대회,202406067,2024-06-07,여자 15세이하부,개인전,토너먼트,예선경기４,박지은,202002004079,,이해인,202002004113,,1,3,B
제27회 금곡배 전국 초중고 스쿼시 선수권대회,202406067,2024-06-07,여자 15세이하부,개인전,토너먼트,예선경기５,김도은,202006003279,,라우림,202202004038,,3,0,A
제27회 금곡배 전국 초중고 스쿼시 선수권대회,202406067,2024-06-07,여자 15세이하부,개인전,토너먼트,예선경기６,정단아,202207001150,,황보영,202303008360,,0,3,B
제27회 금곡배 전국 초중고 스쿼시 선수권대회,202406067,2024-06-07,여자 15세이하부,개인전,토너먼트,예선경기７,남유비,202202004112,,정유빈,202307008532,,3,0,A
제27회 금곡배 전국 초중고 스쿼시 선수권대회,202406067,2024-06-07,여자 15세이하부,개인전,토너먼트,준준결승경기１,문하람,202002004153,,정지현,202302002107,,3,0,A
제27회 금곡배 전국 초중고 스쿼시 선수권대회,202406067,2024-06-07,여자 15세이하부,개인전,토너먼트,준준결승경기２,이재인,202305008081,,이해인,202002004113,,0,3,B
제27회 금곡배 전국 초중고 스쿼시 선수권대회,202406067,2024-06-07,여자 15세이하부,개인전,토너먼트,준준결승경기３,김도은,202006003279,,황보영,202303008360,,1,3,B
제27회 금곡배 전국 초중고 스쿼시 선수권대회,202406067,2024-06-07,여자 15세이하부,개인전,토너먼트,준준결승경기４,남유비,202202004112,,강연아,202302018871,,1,3,B
제27회 금곡배 전국 초중고 스쿼시 선수권대회,202406067,2024-06-07,여자 15세이하부,개인전,토너먼트,준결승경기１,문하람,202002004153,,이해인,202002004113,,1,3,B
제27회 금곡배 전국 초중고 스쿼시 선수권대회,202406067,2024-06-07,여자 15세이하부,개인전,토너먼트,준결승경기２,황보영,202303008360,,강연아,202302018871,,3,0,A
제27회 금곡배 전국 초중고 스쿼시 선수권대회,202406067,2024-06-07,여자 15세이하부,개인전,토너먼트,결승,이해인,202002004113,,황보영,202303008360,,2,3,B
제27회 금곡배 전국 초중고 스쿼시 선수권대회,202406067,2024-06-07,남자 15세이하부,개인전,토너먼트,예선경기２,황지호,202306012178,,나우영,201902002440,,0,0,A
제27회 금곡배 전국 초중고 스쿼시 선수권대회,202406067,2024-06-07,남자 15세이하부,개인전,토너먼트,예선경기１０,최원준,202309002019,,류지안,202202002116,,0,3,B
제27회 금곡배 전국 초중고 스쿼시 선수권대회,202406067,2024-06-07,남자 15세이하부,개인전,토너먼트,예선경기１５,김민재,202303000324,,김서준,,,3,0,A
제27회 금곡배 전국 초중고 스쿼시 선수권대회,202406067,2024-06-07,남자 15세이하부,개인전,토너먼트,준준준결승경기１,김찬영,202203001906,,황지호,202306012178,,3,0,A
제27회 금곡배 전국 초중고 스쿼시 선수권대회,202406067,2024-06-07,남자 15세이하부,개인전,토너먼트,준준준결승경기２,김민준,201903012665,,김성주,202203007369,,1,3,B
제27회 금곡배 전국 초중고 스쿼시 선수권대회,202406067,2024-06-07,남자 15세이하부,개인전,토너먼트,준준준결승경기３,홍인후,202302016108,,윤태훈,202209003037,,0,0,A
제27회 금곡배 전국 초중고 스쿼시 선수권대회,202406067,2024-06-07,남자 15세이하부,개인전,토너먼트,준준준결승경기４,장승보,202303008035,,구건휘,202206008055,,3,2,A
제27회 금곡배 전국 초중고 스쿼시 선수권대회,202406067,2024-06-07,남자 15세이하부,개인전,토너먼트,준준준결승경기５,전서율,201905001623,,류지안,202202002116,,3,1,A
제27회 금곡배 전국 초중고 스쿼시 선수권대회,202406067,2024-06-07,남자 15세이하부,개인전,토너먼트,준준준결승경기６,최윤호,202311001127,,김서준,,,0,3,B
제27회 금곡배 전국 초중고 스쿼시 선수권대회,202406067,2024-06-07,남자 15세이하부,개인전,토너먼트,준준준결승경기７,최규현,202006002884,,이동화,202007000243,,1,3,B
제27회 금곡배 전국 초중고 스쿼시 선수권대회,202406067,2024-06-07,남자 15세이하부,개인전,토너먼트,준준준결승경기８,김민재,202303000324,,윤종현,202204001156,,0,3,B
제27회 금곡배 전국 초중고 스쿼시 선수권대회,202406067,2024-06-07,남자 15세이하부,개인전,토너먼트,준준결승경기１,김찬영,202203001906,,김성주,202203007369,,3,0,A
제27회 금곡배 전국 초중고 스쿼시 선수권대회,202406067,2024-06-07,남자 15세이하부,개인전,토너먼트,준준결승경기２,홍인후,202302016108,,장승보,202303008035,,0,3,B
제27회 금곡배 전국 초중고 스쿼시 선수권대회,202406067,2024-06-07,남자 15세이하부,개인전,토너먼트,준준결승경기３,전서율,201905001623,,김서준,,,3,1,A
제27회 금곡배 전국 초중고 스쿼시 선수권대회,202406067,2024-06-07,남자 15세이하부,개인전,토너먼트,준준결승경기４,이동화,202007000243,,윤종현,202204001156,,3,1,A
제27회 금곡배 전국 초중고 스쿼시 선수권대회,202406067,2024-06-07,남자 15세이하부,개인전,토너먼트,준결승경기１,김찬영,202203001906,,장승보,202303008035,,3,0,A
제27회 금곡배 전국 초중고 스쿼시 선수권대회,202406067,2024-06-07,남자 15세이하부,개인전,토너먼트,준결승경기２,전서율,201905001623,,이동화,202007000243,,3,1,A
제27회 금곡배 전국 초중고 스쿼시 선수권대회,202406067,2024-06-07,남자 15세이하부,개인전,토너먼트,결승,김찬영,202203001906,,전서율,201905001623,,3,1,A
제27회 금곡배 전국 초중고 스쿼시 선수권대회,202406067,2024-06-07,여자 18세이하부,개인전,토너먼트,예선경기１,서예은,202206004756,,박솔민,202002002489,,0,3,B
제27회 금곡배 전국 초중고 스쿼시 선수권대회,202406067,2024-06-07,여자 18세이하부,개인전,토너먼트,예선경기２,임수아,202302017165,,김소윤,202307002569,,2,3,B
제27회 금곡배 전국 초중고 스쿼시 선수권대회,202406067,2024-06-07,여자 18세이하부,개인전,토너먼트,예선경기３,황수민,202302003492,,문서윤,202307002568,,3,2,A
제27회 금곡배 전국 초중고 스쿼시 선수권대회,202406067,2024-06-07,여자 18세이하부,개인전,토너먼트,예선경기４,박인비,202303006453,,김태연,201605003414,,0,0,B
제27회 금곡배 전국 초중고 스쿼시 선수권대회,202406067,2024-06-07,여자 18세이하부,개인전,토너먼트,예선경기５,추예담,202404016633,,김유빈,202302015267,,0,3,B
제27회 금곡배 전국 초중고 스쿼시 선수권대회,202406067,2024-06-07,여자 18세이하부,개인전,토너먼트,예선경기６,김민지,202205118922,,김예은,202008003322,,3,0,A
제27회 금곡배 전국 초중고 스쿼시 선수권대회,202406067,2024-06-07,여자 18세이하부,개인전,토너먼트,예선경기７,조아연,201903004040,,이수현,202302014612,,3,0,A
제27회 금곡배 전국 초중고 스쿼시 선수권대회,202406067,2024-06-07,여자 18세이하부,개인전,토너먼트,예선경기８,정수아,202307002127,,엄준,201804000231,,0,3,B
제27회 금곡배 전국 초중고 스쿼시 선수권대회,202406067,2024-06-07,여자 18세이하부,개인전,토너먼트,준준결승경기１,박솔민,202002002489,,김소윤,202307002569,,3,0,A
제27회 금곡배 전국 초중고 스쿼시 선수권대회,202406067,2024-06-07,여자 18세이하부,개인전,토너먼트,준준결승경기２,황수민,202302003492,,김태연,201605003414,,0,3,B
제27회 금곡배 전국 초중고 스쿼시 선수권대회,202406067,2024-06-07,여자 18세이하부,개인전,토너먼트,준준결승경기３,김유빈,202302015267,,김민지,202205118922,,3,0,A
제27회 금곡배 전국 초중고 스쿼시 선수권대회,202406067,2024-06-07,여자 18세이하부,개인전,토너먼트,준준결승경기４,조아연,201903004040,,엄준,201804000231,,3,0,A
제27회 금곡배 전국 초중고 스쿼시 선수권대회,202406067,2024-06-07,여자 18세이하부,개인전,토너먼트,준결승경기１,박솔민,202002002489,,김태연,201605003414,,3,0,A
제27회 금곡배 전국 초중고 스쿼시 선수권대회,202406067,2024-06-07,여자 18세이하부,개인전,토너먼트,준결승경기２,김유빈,202302015267,,조아연,201903004040,,0,3,B
제27회 금곡배 전국 초중고 스쿼시 선수권대회,202406067,2024-06-07,여자 18세이하부,개인전,토너먼트,결승,박솔민,202002002489,,조아연,201903004040,,1,3,B
제27회 금곡배 전국 초중고 스쿼시 선수권대회,202406067,2024-06-07,여자 18세이하부,복식,토너먼트,예선경기１,"임수아, 조아연",,,"황수민, 추예담",,,2,0,A
제27회 금곡배 전국 초중고 스쿼시 선수권대회,202406067,2024-06-07,여자 18세이하부,복식,토너먼트,예선경기２,"이수현, 김태연",,,"정수아, 김소윤",,,2,0,A
제27회 금곡배 전국 초중고 스쿼시 선수권대회,202406067,2024-06-07,여자 18세이하부,복식,토너먼트,결승,"임수아, 조아연",,,"이수현, 김태연",,,0,2,B
제27회 금곡배 전국 초중고 스쿼시 선수권대회,202406067,2024-06-07,남자 18세이하부,개인전,토너먼트,예선경기２,권용하,202302018804,,김경민,202211001200,,3,0,A
제27회 금곡배 전국 초중고 스쿼시 선수권대회,202406067,2024-06-07,남자 18세이하부,개인전,토너먼트,예선경기３,이지항,202206007001,,강세찬,202303003325,,3,0,A
제27회 금곡배 전국 초중고 스쿼시 선수권대회,202406067,2024-06-07,남자 18세이하부,개인전,토너먼트,예선경기４,강혁,202203024817,,현종선,202302017920,,3,0,A
제27회 금곡배 전국 초중고 스쿼시 선수권대회,202406067,2024-06-07,남자 18세이하부,개인전,토너먼트,예선경기５,조현준,202203001440,,김현,202303001958,,2,3,B
제27회 금곡배 전국 초중고 스쿼시 선수권대회,202406067,2024-06-07,남자 18세이하부,개인전,토너먼트,예선경기６,이동욱,202007000237,,곽서준,201903006257,,3,0,A
제27회 금곡배 전국 초중고 스쿼시 선수권대회,202406067,2024-06-07,남자 18세이하부,개인전,토너먼트,예선경기７,이용욱,201902003971,,이건후,202103007938,,3,0,A
제27회 금곡배 전국 초중고 스쿼시 선수권대회,202406067,2024-06-07,남자 18세이하부,개인전,토너먼트,예선경기８,박민기,202006000140,,안동현,202305015908,,3,0,A
제27회 금곡배 전국 초중고 스쿼시 선수권대회,202406067,2024-06-07,남자 18세이하부,개인전,토너먼트,예선경기９,안지훈,202307002572,,황승조,202402001062,,0,3,B
제27회 금곡배 전국 초중고 스쿼시 선수권대회,202406067,2024-06-07,남자 18세이하부,개인전,토너먼트,예선경기１０,정광민,202103008002,,서윤재,202203001042,,3,0,A
제27회 금곡배 전국 초중고 스쿼시 선수권대회,202406067,2024-06-07,남자 18세이하부,개인전,토너먼트,예선경기１１,민휘훈,202403093347,,함동현,202307006269,,0,3,B
제27회 금곡배 전국 초중고 스쿼시 선수권대회,202406067,2024-06-07,남자 18세이하부,개인전,토너먼트,예선경기１２,김준호,202004000367,,박은찬,202206006191,,3,0,A
제27회 금곡배 전국 초중고 스쿼시 선수권대회,202406067,2024-06-07,남자 18세이하부,개인전,토너먼트,예선경기１３,구동현,201402010302,,이성민,202107001910,,0,3,B
제27회 금곡배 전국 초중고 스쿼시 선수권대회,202406067,2024-06-07,남자 18세이하부,개인전,토너먼트,예선경기１４,오지훈,202307006557,,나승찬,202205118675,,0,3,B
제27회 금곡배 전국 초중고 스쿼시 선수권대회,202406067,2024-06-07,남자 18세이하부,개인전,토너먼트,예선경기１５,김동하,202207005619,,고백균,202203000460,,3,0,A
제27회 금곡배 전국 초중고 스쿼시 선수권대회,202406067,2024-06-07,남자 18세이하부,개인전,토너먼트,예선경기１６,나동현,202301001068,,류정욱,201603018160,,0,3,B
제27회 금곡배 전국 초중고 스쿼시 선수권대회,202406067,2024-06-07,남자 18세이하부,개인전,토너먼트,준준준결승경기１,오서진,201605004663,,권용하,202302018804,,3,0,A
제27회 금곡배 전국 초중고 스쿼시 선수권대회,202406067,2024-06-07,남자 18세이하부,개인전,토너먼트,준준준결승경기２,이지항,202206007001,,강혁,202203024817,,3,0,A
제27회 금곡배 전국 초중고 스쿼시 선수권대회,202406067,2024-06-07,남자 18세이하부,개인전,토너먼트,준준준결승경기３,김현,202303001958,,이동욱,202007000237,,0,3,B
제27회 금곡배 전국 초중고 스쿼시 선수권대회,202406067,2024-06-07,남자 18세이하부,개인전,토너먼트,준준준결승경기４,이용욱,201902003971,,박민기,202006000140,,2,3,B
제27회 금곡배 전국 초중고 스쿼시 선수권대회,202406067,2024-06-07,남자 18세이하부,개인전,토너먼트,준준준결승경기５,황승조,202402001062,,정광민,202103008002,,0,3,B
제27회 금곡배 전국 초중고 스쿼시 선수권대회,202406067,2024-06-07,남자 18세이하부,개인전,토너먼트,준준준결승경기６,함동현,202307006269,,김준호,202004000367,,0,3,B
제27회 금곡배 전국 초중고 스쿼시 선수권대회,202406067,2024-06-07,남자 18세이하부,개인전,토너먼트,준준준결승경기７,이성민,202107001910,,나승찬,202205118675,,3,0,A
제27회 금곡배 전국 초중고 스쿼시 선수권대회,202406067,2024-06-07,남자 18세이하부,개인전,토너먼트,준준준결승경기８,김동하,202207005619,,류정욱,201603018160,,0,3,B
제27회 금곡배 전국 초중고 스쿼시 선수권대회,202406067,2024-06-07,남자 18세이하부,개인전,토너먼트,준준결승경기１,오서진,201605004663,,이지항,202206007001,,3,0,A
제27회 금곡배 전국 초중고 스쿼시 선수권대회,202406067,2024-06-07,남자 18세이하부,개인전,토너먼트,준준결승경기２,이동욱,202007000237,,박민기,202006000140,,1,3,B
제27회 금곡배 전국 초중고 스쿼시 선수권대회,202406067,2024-06-07,남자 18세이하부,개인전,토너먼트,준준결승경기３,정광민,202103008002,,김준호,202004000367,,0,3,B
제27회 금곡배 전국 초중고 스쿼시 선수권대회,202406067,2024-06-07,남자 18세이하부,개인전,토너먼트,준준결승경기４,이성민,202107001910,,류정욱,201603018160,,1,3,B
제27회 금곡배 전국 초중고 스쿼시 선수권대회,202406067,2024-06-07,남자 18세이하부,개인전,토너먼트,준결승경기１,오서진,201605004663,,박민기,202006000140,,3,0,A
제27회 금곡배 전국 초중고 스쿼시 선수권대회,202406067,2024-06-07,남자 18세이하부,개인전,토너먼트,준결승경기２,김준호,202004000367,,류정욱,201603018160,,0,3,B
제27회 금곡배 전국 초중고 스쿼시 선수권대회,202406067,2024-06-07,남자 18세이하부,개인전,토너먼트,결승,오서진,201605004663,,류정욱,201603018160,,0,3,B
제27회 금곡배 전국 초중고 스쿼시 선수권대회,202406067,2024-06-07,남자 18세이하부,단체전,토너먼트,예선경기１,양산제일고등학교,,,와룡고등학교,,,2,1,A
제27회 금곡배 전국 초중고 스쿼시 선수권대회,202406067,2024-06-07,남자 18세이하부,단체전,토너먼트,예선경기２,언양고등학교,,,인천 대건고등학교,,,1,2,B
제27회 금곡배 전국 초중고 스쿼시 선수권대회,202406067,2024-06-07,남자 18세이하부,단체전,토너먼트,결승,양산제일고등학교,,,인천 대건고등학교,,,2,0,A
제27회 금곡배 전국 초중고 스쿼시 선수권대회,202406067,2024-06-07,남자 18세이하부,복식,토너먼트,예선경기２,"고백균, 권용하",,,"이용욱, 함동현",,,1,2,B
제27회 금곡배 전국 초중고 스쿼시 선수권대회,202406067,2024-06-07,남자 18세이하부,복식,토너먼트,준준결승경기１,"이성민, 이성빈",,,"이용욱, 함동현",,,0,2,B
제27회 금곡배 전국 초중고 스쿼시 선수권대회,202406067,2024-06-07,남자 18세이하부,복식,토너먼트,준준결승경기２,"안지훈, 류정욱",,,"현종선, 김현",,,2,0,A
제27회 금곡배 전국 초중고 스쿼시 선수권대회,202406067,2024-06-07,남자 18세이하부,복식,토너먼트,준준결승경기３,"정광민, 이동욱",,,"박은찬, 이지항",,,2,0,A
제27회 금곡배 전국 초중고 스쿼시 선수권대회,202406067,2024-06-07,남자 18세이하부,복식,토너먼트,준준결승경기４,"구동현, 오서진",,,"조현준, 나동현",,,2,0,A
제27회 금곡배 전국 초중고 스쿼시 선수권대회,202406067,2024-06-07,남자 18세이하부,복식,토너먼트,준결승경기１,"이용욱, 함동현",,,"안지훈, 류정욱",,,2,0,A
제27회 금곡배 전국 초중고 스쿼시 선수권대회,202406067,2024-06-07,남자 18세이하부,복식,토너먼트,준결승경기２,"정광민, 이동욱",,,"구동현, 오서진",,,1,2,B
제27회 금곡배 전국 초중고 스쿼시 선수권대회,202406067,2024-06-07,남자 18세이하부,복식,토너먼트,결승,"이용욱, 함동현",,,"구동현, 오서진",,,2,1,A
제24회 회장배 전 한국 스쿼시 선수권대회,202406274,2024-07-04,여자 12세이하부,개인전,토너먼트,예선경기２,이안,202402013300,,전지아,202309001333,,0,3,B
제24회 회장배 전 한국 스쿼시 선수권대회,202406274,2024-07-04,여자 12세이하부,개인전,토너먼트,준준준결승경기１,구보민,202206006488,,전지아,202309001333,,3,0,A
제24회 회장배 전 한국 스쿼시 선수권대회,202406274,2024-07-04,여자 12세이하부,개인전,토너먼트,준준준결승경기２,민혜인,202307002219,,김하은,202402004332,,0,3,B
제24회 회장배 전 한국 스쿼시 선수권대회,202406274,2024-07-04,여자 12세이하부,개인전,토너먼트,준준준결승경기３,박서하,202307007943,,김다인,202402016722,,3,0,A
제24회 회장배 전 한국 스쿼시 선수권대회,202406274,2024-07-04,여자 12세이하부,개인전,토너먼트,준준준결승경기４,김주빈,202202003972,,김지은,202008003330,,3,0,A
제24회 회장배 전 한국 스쿼시 선수권대회,202406274,2024-07-04,여자 12세이하부,개인전,토너먼트,준준준결승경기５,정서윤,202307004948,,신소이,202403001603,,3,0,A
제24회 회장배 전 한국 스쿼시 선수권대회,202406274,2024-07-04,여자 12세이하부,개인전,토너먼트,준준준결승경기６,안서율,202403016789,,구가민,202307000906,,3,0,A
제24회 회장배 전 한국 스쿼시 선수권대회,202406274,2024-07-04,여자 12세이하부,개인전,토너먼트,준준준결승경기７,김아린,202303035971,,홍지우,202307007070,,3,0,A
제24회 회장배 전 한국 스쿼시 선수권대회,202406274,2024-07-04,여자 12세이하부,개인전,토너먼트,준준준결승경기８,김리안,202402002128,,최은,202304014708,,0,3,B
제24회 회장배 전 한국 스쿼시 선수권대회,202406274,2024-07-04,여자 12세이하부,개인전,토너먼트,준준결승경기１,구보민,202206006488,,김하은,202402004332,,3,0,A
제24회 회장배 전 한국 스쿼시 선수권대회,202406274,2024-07-04,여자 12세이하부,개인전,토너먼트,준준결승경기２,박서하,202307007943,,김주빈,202202003972,,0,3,B
제24회 회장배 전 한국 스쿼시 선수권대회,202406274,2024-07-04,여자 12세이하부,개인전,토너먼트,준준결승경기３,정서윤,202307004948,,안서율,202403016789,,0,3,B
제24회 회장배 전 한국 스쿼시 선수권대회,202406274,2024-07-04,여자 12세이하부,개인전,토너먼트,준준결승경기４,김아린,202303035971,,최은,202304014708,,3,0,A
제24회 회장배 전 한국 스쿼시 선수권대회,202406274,2024-07-04,여자 12세이하부,개인전,토너먼트,준결승경기１,구보민,202206006488,,김주빈,202202003972,,3,0,A
제24회 회장배 전 한국 스쿼시 선수권대회,202406274,2024-07-04,여자 12세이하부,개인전,토너먼트,준결승경기２,안서율,202403016789,,김아린,202303035971,,0,3,B
제24회 회장배 전 한국 스쿼시 선수권대회,202406274,2024-07-04,여자 12세이하부,개인전,토너먼트,결승,구보민,202206006488,,김아린,202303035971,,3,0,A
제24회 회장배 전 한국 스쿼시 선수권대회,202406274,2024-07-04,남자 12세이하부,개인전,토너먼트,예선경기２,이석현,202302017098,,김승원,202203009992,,3,0,A
제24회 회장배 전 한국 스쿼시 선수권대회,202406274,2024-07-04,남자 12세이하부,개인전,토너먼트,예선경기３,전윤우,202309001289,,민동훈,202307001485,,0,3,B
제24회 회장배 전 한국 스쿼시 선수권대회,202406274,2024-07-04,남자 12세이하부,개인전,토너먼트,예선경기７,박용성,202406003834,,강연우,202302018875,,0,3,B
제24회 회장배 전 한국 스쿼시 선수권대회,202406274,2024-07-04,남자 12세이하부,개인전,토너먼트,예선경기１０,최현욱,202103005535,,김시우,202307007967,,0,0,A
제24회 회장배 전 한국 스쿼시 선수권대회,202406274,2024-07-04,남자 12세이하부,개인전,토너먼트,예선경기１５,강예준,202304049424,,서예준,202403017121,,3,0,A
제24회 회장배 전 한국 스쿼시 선수권대회,202406274,2024-07-04,남자 12세이하부,개인전,토너먼트,준준준결승경기１,김민기,202006003212,,이석현,202302017098,,3,0,A
제24회 회장배 전 한국 스쿼시 선수권대회,202406274,2024-07-04,남자 12세이하부,개인전,토너먼트,준준준결승경기２,민동훈,202307001485,,강동윤,202304049313,,0,0,A
제24회 회장배 전 한국 스쿼시 선수권대회,202406274,2024-07-04,남자 12세이하부,개인전,토너먼트,준준준결승경기３,박지우,202402010380,,문승재,202307003384,,0,3,B
제24회 회장배 전 한국 스쿼시 선수권대회,202406274,2024-07-04,남자 12세이하부,개인전,토너먼트,준준준결승경기４,강연우,202302018875,,이건빈,202306011935,,3,0,A
제24회 회장배 전 한국 스쿼시 선수권대회,202406274,2024-07-04,남자 12세이하부,개인전,토너먼트,준준준결승경기５,이준서,202305012079,,최현욱,202103005535,,0,3,B
제24회 회장배 전 한국 스쿼시 선수권대회,202406274,2024-07-04,남자 12세이하부,개인전,토너먼트,준준준결승경기６,최재원,202102002568,,전윤서,202309001349,,3,0,A
제24회 회장배 전 한국 스쿼시 선수권대회,202406274,2024-07-04,남자 12세이하부,개인전,토너먼트,준준준결승경기７,김준수,202305008331,,박선우,202402013950,,3,0,A
제24회 회장배 전 한국 스쿼시 선수권대회,202406274,2024-07-04,남자 12세이하부,개인전,토너먼트,준준준결승경기８,강예준,202304049424,,김현석,202204086936,,1,3,B
제24회 회장배 전 한국 스쿼시 선수권대회,202406274,2024-07-04,남자 12세이하부,개인전,토너먼트,준준결승경기１,김민기,202006003212,,민동훈,202307001485,,3,0,A
제24회 회장배 전 한국 스쿼시 선수권대회,202406274,2024-07-04,남자 12세이하부,개인전,토너먼트,준준결승경기２,문승재,202307003384,,강연우,202302018875,,0,3,B
제24회 회장배 전 한국 스쿼시 선수권대회,202406274,2024-07-04,남자 12세이하부,개인전,토너먼트,준준결승경기３,최현욱,202103005535,,최재원,202102002568,,3,0,A
제24회 회장배 전 한국 스쿼시 선수권대회,202406274,2024-07-04,남자 12세이하부,개인전,토너먼트,준준결승경기４,김준수,202305008331,,김현석,202204086936,,2,3,B
제24회 회장배 전 한국 스쿼시 선수권대회,202406274,2024-07-04,남자 12세이하부,개인전,토너먼트,준결승경기１,김민기,202006003212,,강연우,202302018875,,3,0,A
제24회 회장배 전 한국 스쿼시 선수권대회,202406274,2024-07-04,남자 12세이하부,개인전,토너먼트,준결승경기２,최현욱,202103005535,,김현석,202204086936,,2,3,B
제24회 회장배 전 한국 스쿼시 선수권대회,202406274,2024-07-04,남자 12세이하부,개인전,토너먼트,결승,김민기,202006003212,,김현석,202204086936,,3,0,A
제24회 회장배 전 한국 스쿼시 선수권대회,202406274,2024-07-04,여자 15세이하부,개인전,토너먼트,예선경기２,라우림,202202004038,,정유빈,202307008532,,3,0,A
제24회 회장배 전 한국 스쿼시 선수권대회,202406274,2024-07-04,여자 15세이하부,개인전,토너먼트,예선경기３,남유비,202202004112,,정단아,202207001150,,0,3,B
제24회 회장배 전 한국 스쿼시 선수권대회,202406274,2024-07-04,여자 15세이하부,개인전,토너먼트,예선경기４,이해인,202002004113,,정현아,202207001169,,3,0,A
제24회 회장배 전 한국 스쿼시 선수권대회,202406274,2024-07-04,여자 15세이하부,개인전,토너먼트,예선경기６,김도은,202006003279,,박지은,202002004079,,0,0,A
제24회 회장배 전 한국 스쿼시 선수권대회,202406274,2024-07-04,여자 15세이하부,개인전,토너먼트,예선경기７,서주연,202403017297,,정지현,202302002107,,0,3,B
제24회 회장배 전 한국 스쿼시 선수권대회,202406274,2024-07-04,여자 15세이하부,개인전,토너먼트,준준결승경기１,문하람,202002004153,,라우림,202202004038,,3,0,A
제24회 회장배 전 한국 스쿼시 선수권대회,202406274,2024-07-04,여자 15세이하부,개인전,토너먼트,준준결승경기２,정단아,202207001150,,이해인,202002004113,,0,3,B
제24회 회장배 전 한국 스쿼시 선수권대회,202406274,2024-07-04,여자 15세이하부,개인전,토너먼트,준준결승경기３,황보영,202303008360,,김도은,202006003279,,0,3,B
제24회 회장배 전 한국 스쿼시 선수권대회,202406274,2024-07-04,여자 15세이하부,개인전,토너먼트,준준결승경기４,정지현,202302002107,,강연아,202302018871,,0,3,B
제24회 회장배 전 한국 스쿼시 선수권대회,202406274,2024-07-04,여자 15세이하부,개인전,토너먼트,준결승경기１,문하람,202002004153,,이해인,202002004113,,0,3,B
제24회 회장배 전 한국 스쿼시 선수권대회,202406274,2024-07-04,여자 15세이하부,개인전,토너먼트,준결승경기２,김도은,202006003279,,강연아,202302018871,,3,0,A
제24회 회장배 전 한국 스쿼시 선수권대회,202406274,2024-07-04,여자 15세이하부,개인전,토너먼트,결승,이해인,202002004113,,김도은,202006003279,,3,0,A
제24회 회장배 전 한국 스쿼시 선수권대회,202406274,2024-07-04,남자 15세이하부,개인전,토너먼트,예선경기２,김성주,202203007369,,김서준,,,3,0,A
제24회 회장배 전 한국 스쿼시 선수권대회,202406274,2024-07-04,남자 15세이하부,개인전,토너먼트,예선경기１５,최규현,202006002884,,김준일,202202003963,,0,0,A
제24회 회장배 전 한국 스쿼시 선수권대회,202406274,2024-07-04,남자 15세이하부,개인전,토너먼트,준준준결승경기１,이동화,202007000243,,김성주,202203007369,,3,0,A
제24회 회장배 전 한국 스쿼시 선수권대회,202406274,2024-07-04,남자 15세이하부,개인전,토너먼트,준준준결승경기２,임규현,202406000054,,장승보,202303008035,,0,3,B
제24회 회장배 전 한국 스쿼시 선수권대회,202406274,2024-07-04,남자 15세이하부,개인전,토너먼트,준준준결승경기３,류지안,202202002116,,박용호,202403089572,,3,0,A
제24회 회장배 전 한국 스쿼시 선수권대회,202406274,2024-07-04,남자 15세이하부,개인전,토너먼트,준준준결승경기４,홍인후,202302016108,,전서율,201905001623,,0,3,B
제24회 회장배 전 한국 스쿼시 선수권대회,202406274,2024-07-04,남자 15세이하부,개인전,토너먼트,준준준결승경기５,윤종현,202204001156,,최윤호,202311001127,,3,0,A
제24회 회장배 전 한국 스쿼시 선수권대회,202406274,2024-07-04,남자 15세이하부,개인전,토너먼트,준준준결승경기６,김민재,,,최원준,202309002019,,3,0,A
제24회 회장배 전 한국 스쿼시 선수권대회,202406274,2024-07-04,남자 15세이하부,개인전,토너먼트,준준준결승경기７,김민재,,,김서준,,,0,3,B
제24회 회장배 전 한국 스쿼시 선수권대회,202406274,2024-07-04,남자 15세이하부,개인전,토너먼트,준준준결승경기８,최규현,202006002884,,김찬영,202203001906,,0,3,B
제24회 회장배 전 한국 스쿼시 선수권대회,202406274,2024-07-04,남자 15세이하부,개인전,토너먼트,준준결승경기１,이동화,202007000243,,장승보,202303008035,,3,0,A
제24회 회장배 전 한국 스쿼시 선수권대회,202406274,2024-07-04,남자 15세이하부,개인전,토너먼트,준준결승경기２,류지안,202202002116,,전서율,201905001623,,3,1,A
제24회 회장배 전 한국 스쿼시 선수권대회,202406274,2024-07-04,남자 15세이하부,개인전,토너먼트,준준결승경기３,윤종현,202204001156,,김민재,,,3,0,A
제24회 회장배 전 한국 스쿼시 선수권대회,202406274,2024-07-04,남자 15세이하부,개인전,토너먼트,준준결승경기４,김서준,,,김찬영,202203001906,,0,3,B
제24회 회장배 전 한국 스쿼시 선수권대회,202406274,2024-07-04,남자 15세이하부,개인전,토너먼트,준결승경기１,이동화,202007000243,,류지안,202202002116,,1,3,B
제24회 회장배 전 한국 스쿼시 선수권대회,202406274,2024-07-04,남자 15세이하부,개인전,토너먼트,준결승경기２,윤종현,202204001156,,김찬영,202203001906,,0,3,B
제24회 회장배 전 한국 스쿼시 선수권대회,202406274,2024-07-04,남자 15세이하부,개인전,토너먼트,결승,류지안,202202002116,,김찬영,202203001906,,0,3,B
제24회 회장배 전 한국 스쿼시 선수권대회,202406274,2024-07-04,여자 18세이하부,개인전,토너먼트,예선경기２,전현영,202201001946,,임수아,202302017165,,3,0,A
제24회 회장배 전 한국 스쿼시 선수권대회,202406274,2024-07-04,여자 18세이하부,개인전,토너먼트,준준준결승경기１,조아연,201903004040,,전현영,202201001946,,3,0,A
제24회 회장배 전 한국 스쿼시 선수권대회,202406274,2024-07-04,여자 18세이하부,개인전,토너먼트,준준준결승경기２,정수아,202307002127,,김지윤,202306009406,,3,0,A
제24회 회장배 전 한국 스쿼시 선수권대회,202406274,2024-07-04,여자 18세이하부,개인전,토너먼트,준준준결승경기３,서예은,202206004756,,김소윤,202307002569,,3,0,A
제24회 회장배 전 한국 스쿼시 선수권대회,202406274,2024-07-04,여자 18세이하부,개인전,토너먼트,준준준결승경기４,김태영,202406003305,,이기쁨,202201001493,,0,3,B
제24회 회장배 전 한국 스쿼시 선수권대회,202406274,2024-07-04,여자 18세이하부,개인전,토너먼트,준준준결승경기５,박솔민,202002002489,,김예은,202008003322,,3,0,A
제24회 회장배 전 한국 스쿼시 선수권대회,202406274,2024-07-04,여자 18세이하부,개인전,토너먼트,준준준결승경기６,이수현,202302014612,,엄준,201804000231,,0,0,A
제24회 회장배 전 한국 스쿼시 선수권대회,202406274,2024-07-04,여자 18세이하부,개인전,토너먼트,준준준결승경기７,문서윤,202307002568,,황수민,202302003492,,3,2,A
제24회 회장배 전 한국 스쿼시 선수권대회,202406274,2024-07-04,여자 18세이하부,개인전,토너먼트,준준준결승경기８,김유빈,202302015267,,김태연,201605003414,,0,3,B
제24회 회장배 전 한국 스쿼시 선수권대회,202406274,2024-07-04,여자 18세이하부,개인전,토너먼트,준준결승경기１,조아연,201903004040,,정수아,202307002127,,3,0,A
제24회 회장배 전 한국 스쿼시 선수권대회,202406274,2024-07-04,여자 18세이하부,개인전,토너먼트,준준결승경기２,서예은,202206004756,,이기쁨,202201001493,,3,0,A
제24회 회장배 전 한국 스쿼시 선수권대회,202406274,2024-07-04,여자 18세이하부,개인전,토너먼트,준준결승경기３,박솔민,202002002489,,이수현,202302014612,,3,0,A
제24회 회장배 전 한국 스쿼시 선수권대회,202406274,2024-07-04,여자 18세이하부,개인전,토너먼트,준준결승경기４,문서윤,202307002568,,김태연,201605003414,,0,3,B
제24회 회장배 전 한국 스쿼시 선수권대회,202406274,2024-07-04,여자 18세이하부,개인전,토너먼트,준결승경기１,조아연,201903004040,,서예은,202206004756,,3,0,A
제24회 회장배 전 한국 스쿼시 선수권대회,202406274,2024-07-04,여자 18세이하부,개인전,토너먼트,준결승경기２,박솔민,202002002489,,김태연,201605003414,,3,0,A
제24회 회장배 전 한국 스쿼시 선수권대회,202406274,2024-07-04,여자 18세이하부,개인전,토너먼트,결승,조아연,201903004040,,박솔민,202002002489,,3,1,A
제24회 회장배 전 한국 스쿼시 선수권대회,202406274,2024-07-04,여자 18세이하부,단체전,토너먼트,예선경기２,대광고등학교,,,충북상업정보고등학교,,,3,0,A
제24회 회장배 전 한국 스쿼시 선수권대회,202406274,2024-07-04,여자 18세이하부,단체전,토너먼트,준결승경기１,동일미래과학고등학교,,,대광고등학교,,,1,2,B
제24회 회장배 전 한국 스쿼시 선수권대회,202406274,2024-07-04,여자 18세이하부,단체전,토너먼트,준결승경기２,인천광역시스쿼시연맹,,,오남고등학교,,,2,1,A
제24회 회장배 전 한국 스쿼시 선수권대회,202406274,2024-07-04,여자 18세이하부,단체전,토너먼트,결승,대광고등학교,,,인천광역시스쿼시연맹,,,0,2,B
제24회 회장배 전 한국 스쿼시 선수권대회,202406274,2024-07-04,남자 18세이하부,개인전,토너먼트,예선경기２,강혁,202203024817,,김준호,202004000367,,0,0,B
제24회 회장배 전 한국 스쿼시 선수권대회,202406274,2024-07-04,남자 18세이하부,개인전,토너먼트,예선경기３,이용욱,201902003971,,오지훈,202307006557,,3,0,A
제24회 회장배 전 한국 스쿼시 선수권대회,202406274,2024-07-04,남자 18세이하부,개인전,토너먼트,예선경기４,서윤재,202203001042,,이동욱,202007000237,,0,3,B
제24회 회장배 전 한국 스쿼시 선수권대회,202406274,2024-07-04,남자 18세이하부,개인전,토너먼트,예선경기５,나동현,202301001068,,김현,202303001958,,0,3,B
제24회 회장배 전 한국 스쿼시 선수권대회,202406274,2024-07-04,남자 18세이하부,개인전,토너먼트,예선경기６,박민기,202006000140,,정찬희,202403087352,,3,0,A
제24회 회장배 전 한국 스쿼시 선수권대회,202406274,2024-07-04,남자 18세이하부,개인전,토너먼트,예선경기７,현종선,202302017920,,김경민,202211001200,,2,3,B
제24회 회장배 전 한국 스쿼시 선수권대회,202406274,2024-07-04,남자 18세이하부,개인전,토너먼트,예선경기８,이지항,202206007001,,김동하,202207005619,,1,3,B
제24회 회장배 전 한국 스쿼시 선수권대회,202406274,2024-07-04,남자 18세이하부,개인전,토너먼트,예선경기１０,고백균,202203000460,,이건후,202103007938,,0,3,B
제24회 회장배 전 한국 스쿼시 선수권대회,202406274,2024-07-04,남자 18세이하부,개인전,토너먼트,예선경기１１,함동현,202307006269,,조현준,202203001440,,2,3,B
제24회 회장배 전 한국 스쿼시 선수권대회,202406274,2024-07-04,남자 18세이하부,개인전,토너먼트,예선경기１２,윤성호,982127000016,,박은찬,202206006191,,3,0,A
제24회 회장배 전 한국 스쿼시 선수권대회,202406274,2024-07-04,남자 18세이하부,개인전,토너먼트,예선경기１３,안지훈,202307002572,,권용하,202302018804,,0,3,B
제24회 회장배 전 한국 스쿼시 선수권대회,202406274,2024-07-04,남자 18세이하부,개인전,토너먼트,예선경기１４,정광민,202103008002,,전윤건,202306010293,,3,0,A
제24회 회장배 전 한국 스쿼시 선수권대회,202406274,2024-07-04,남자 18세이하부,개인전,토너먼트,예선경기１５,송늘찬,202308010299,,구동현,201402010302,,2,3,B
제24회 회장배 전 한국 스쿼시 선수권대회,202406274,2024-07-04,남자 18세이하부,개인전,토너먼트,준준준결승경기１,나주영,201602006877,,김준호,202004000367,,3,0,A
제24회 회장배 전 한국 스쿼시 선수권대회,202406274,2024-07-04,남자 18세이하부,개인전,토너먼트,준준준결승경기２,이용욱,201902003971,,이동욱,202007000237,,3,2,A
제24회 회장배 전 한국 스쿼시 선수권대회,202406274,2024-07-04,남자 18세이하부,개인전,토너먼트,준준준결승경기３,김현,202303001958,,박민기,202006000140,,0,3,B
제24회 회장배 전 한국 스쿼시 선수권대회,202406274,2024-07-04,남자 18세이하부,개인전,토너먼트,준준준결승경기４,김경민,202211001200,,김동하,202207005619,,0,3,B
제24회 회장배 전 한국 스쿼시 선수권대회,202406274,2024-07-04,남자 18세이하부,개인전,토너먼트,준준준결승경기５,류정욱,201603018160,,이건후,202103007938,,3,0,A
제24회 회장배 전 한국 스쿼시 선수권대회,202406274,2024-07-04,남자 18세이하부,개인전,토너먼트,준준준결승경기６,조현준,202203001440,,윤성호,982127000016,,0,3,B
제24회 회장배 전 한국 스쿼시 선수권대회,202406274,2024-07-04,남자 18세이하부,개인전,토너먼트,준준준결승경기７,권용하,202302018804,,정광민,202103008002,,3,2,A
제24회 회장배 전 한국 스쿼시 선수권대회,202406274,2024-07-04,남자 18세이하부,개인전,토너먼트,준준준결승경기８,구동현,201402010302,,오서진,201605004663,,0,3,B
제24회 회장배 전 한국 스쿼시 선수권대회,202406274,2024-07-04,남자 18세이하부,개인전,토너먼트,준준결승경기１,나주영,201602006877,,이용욱,201902003971,,3,0,A
제24회 회장배 전 한국 스쿼시 선수권대회,202406274,2024-07-04,남자 18세이하부,개인전,토너먼트,준준결승경기２,박민기,202006000140,,김동하,202207005619,,3,0,A
제24회 회장배 전 한국 스쿼시 선수권대회,202406274,2024-07-04,남자 18세이하부,개인전,토너먼트,준준결승경기３,류정욱,201603018160,,윤성호,982127000016,,3,0,A
제24회 회장배 전 한국 스쿼시 선수권대회,202406274,2024-07-04,남자 18세이하부,개인전,토너먼트,준준결승경기４,권용하,202302018804,,오서진,201605004663,,0,3,B
제24회 회장배 전 한국 스쿼시 선수권대회,202406274,2024-07-04,남자 18세이하부,개인전,토너먼트,준결승경기１,나주영,201602006877,,박민기,202006000140,,3,0,A
제24회 회장배 전 한국 스쿼시 선수권대회,202406274,2024-07-04,남자 18세이하부,개인전,토너먼트,준결승경기２,류정욱,201603018160,,오서진,201605004663,,3,2,A
제24회 회장배 전 한국 스쿼시 선수권대회,202406274,2024-07-04,남자 18세이하부,개인전,토너먼트,결승,나주영,201602006877,,류정욱,201603018160,,3,0,A
제24회 회장배 전 한국 스쿼시 선수권대회,202406274,2024-07-04,남자 18세이하부,단체전,토너먼트,예선경기１,양산제일고등학교,,,인천 대건고등학교,,,2,0,A
제24회 회장배 전 한국 스쿼시 선수권대회,202406274,2024-07-04,남자 18세이하부,단체전,토너먼트,예선경기２,오남고등학교,,,천안월봉고등학교,,,1,2,B
제24회 회장배 전 한국 스쿼시 선수권대회,202406274,2024-07-04,남자 18세이하부,단체전,토너먼트,결승,양산제일고등학교,,,천안월봉고등학교,,,0,2,B
제24회 회장배 전 한국 스쿼시 선수권대회,202406274,2024-07-04,남자 18세이하부,복식,토너먼트,예선경기２,"이지항, 박은찬",,,"조현준, 나동현",,,2,1,A
제24회 회장배 전 한국 스쿼시 선수권대회,202406274,2024-07-04,남자 18세이하부,복식,토너먼트,예선경기３,"류정욱, 안지훈",,,"이건후, 오서진",,,2,0,A
제24회 회장배 전 한국 스쿼시 선수권대회,202406274,2024-07-04,남자 18세이하부,복식,토너먼트,예선경기４,"고백균, 권용하",,,"전윤건, 송늘찬",,,2,0,A
제24회 회장배 전 한국 스쿼시 선수권대회,202406274,2024-07-04,남자 18세이하부,복식,토너먼트,준결승경기１,"이동욱, 정광민",,,"이지항, 박은찬",,,2,0,A
제24회 회장배 전 한국 스쿼시 선수권대회,202406274,2024-07-04,남자 18세이하부,복식,토너먼트,준결승경기２,"류정욱, 안지훈",,,"고백균, 권용하",,,2,0,A
제24회 회장배 전 한국 스쿼시 선수권대회,202406274,2024-07-04,남자 18세이하부,복식,토너먼트,결승,"이동욱, 정광민",,,"류정욱, 안지훈",,,0,2,B
제24회 회장배 전 한국 스쿼시 선수권대회,202406274,2024-07-04,여자 대학부,개인전,토너먼트,예선경기２,김민정,202102002754,,남지윤,202203011255,,0,3,B
제24회 회장배 전 한국 스쿼시 선수권대회,202406274,2024-07-04,여자 대학부,개인전,토너먼트,준결승경기１,이소진,201503029527,,남지윤,202203011255,,3,0,A
제24회 회장배 전 한국 스쿼시 선수권대회,202406274,2024-07-04,여자 대학부,개인전,토너먼트,준결승경기２,김민경,202207007077,,조예림,202006001243,,3,1,A
제24회 회장배 전 한국 스쿼시 선수권대회,202406274,2024-07-04,여자 대학부,개인전,토너먼트,결승,이소진,201503029527,,김민경,202207007077,,3,0,A
제24회 회장배 전 한국 스쿼시 선수권대회,202406274,2024-07-04,남자 대학부,개인전,토너먼트,예선경기２,이지석,201703004879,,손우주,201902004585,,3,0,A
제24회 회장배 전 한국 스쿼시 선수권대회,202406274,2024-07-04,남자 대학부,개인전,토너먼트,예선경기３,김석진,201203009405,,박지훈,201706000549,,3,0,A
제24회 회장배 전 한국 스쿼시 선수권대회,202406274,2024-07-04,남자 대학부,개인전,토너먼트,예선경기４,박민준,201902005286,,탁효진,201104003468,,0,3,B
제24회 회장배 전 한국 스쿼시 선수권대회,202406274,2024-07-04,남자 대학부,개인전,토너먼트,예선경기５,박승민,201702006829,,김태경,202207011111,,3,0,A
제24회 회장배 전 한국 스쿼시 선수권대회,202406274,2024-07-04,남자 대학부,개인전,토너먼트,예선경기６,한혁중,202203001974,,심규영,201504001319,,0,3,B
제24회 회장배 전 한국 스쿼시 선수권대회,202406274,2024-07-04,남자 대학부,개인전,토너먼트,예선경기７,김준영,201707001971,,천승환,202107003356,,3,0,A
제24회 회장배 전 한국 스쿼시 선수권대회,202406274,2024-07-04,남자 대학부,개인전,토너먼트,예선경기８,남기태,202103006627,,이강인,201808001789,,0,3,B
제24회 회장배 전 한국 스쿼시 선수권대회,202406274,2024-07-04,남자 대학부,개인전,토너먼트,준준결승경기１,정태경,201606000617,,이지석,201703004879,,3,0,A
제24회 회장배 전 한국 스쿼시 선수권대회,202406274,2024-07-04,남자 대학부,개인전,토너먼트,준준결승경기２,김석진,201203009405,,탁효진,201104003468,,0,3,B
제24회 회장배 전 한국 스쿼시 선수권대회,202406274,2024-07-04,남자 대학부,개인전,토너먼트,준준결승경기３,박승민,201702006829,,심규영,201504001319,,3,0,A
제24회 회장배 전 한국 스쿼시 선수권대회,202406274,2024-07-04,남자 대학부,개인전,토너먼트,준준결승경기４,김준영,201707001971,,이강인,201808001789,,0,3,B
제24회 회장배 전 한국 스쿼시 선수권대회,202406274,2024-07-04,남자 대학부,개인전,토너먼트,준결승경기１,정태경,201606000617,,탁효진,201104003468,,3,0,A
제24회 회장배 전 한국 스쿼시 선수권대회,202406274,2024-07-04,남자 대학부,개인전,토너먼트,준결승경기２,박승민,201702006829,,이강인,201808001789,,3,1,A
제24회 회장배 전 한국 스쿼시 선수권대회,202406274,2024-07-04,남자 대학부,개인전,토너먼트,결승,정태경,201606000617,,박승민,201702006829,,1,3,B
제24회 회장배 전 한국 스쿼시 선수권대회,202406274,2024-07-04,남자 대학부,복식,리그전,1R / A조,"천승환, 한혁중",,,"김석진, 손우주",,,0,2,B
제24회 회장배 전 한국 스쿼시 선수권대회,202406274,2024-07-04,남자 대학부,복식,리그전,1R / A조,"탁효진, 김준영",,,"김석진, 손우주",,,2,1,A
제24회 회장배 전 한국 스쿼시 선수권대회,202406274,2024-07-04,남자 대학부,복식,리그전,1R / A조,"탁효진, 김준영",,,"천승환, 한혁중",,,2,1,A
제24회 회장배 전 한국 스쿼시 선수권대회,202406274,2024-07-04,남자 대학부,복식,리그전,예선경기２,"천승환, 한혁중",,,"탁효진, 김준영",,,0,0,
제24회 회장배 전 한국 스쿼시 선수권대회,202406274,2024-07-04,여자 일반부,개인전,토너먼트,예선경기２,신유진,201602007698,,서효주,201402001683,,0,3,B
제24회 회장배 전 한국 스쿼시 선수권대회,202406274,2024-07-04,여자 일반부,개인전,토너먼트,예선경기３,김다미,201107004502,,박진주,200505000920,,2,3,B
제24회 회장배 전 한국 스쿼시 선수권대회,202406274,2024-07-04,여자 일반부,개인전,토너먼트,예선경기４,송동주,201205000983,,류보람,201503023001,,0,3,B
제24회 회장배 전 한국 스쿼시 선수권대회,202406274,2024-07-04,여자 일반부,개인전,토너먼트,예선경기５,이지현,200504008455,,박상은,201404002146,,3,0,A
제24회 회장배 전 한국 스쿼시 선수권대회,202406274,2024-07-04,여자 일반부,개인전,토너먼트,예선경기６,장예원,201601000670,,전아인,201203004577,,1,3,B
제24회 회장배 전 한국 스쿼시 선수권대회,202406274,2024-07-04,여자 일반부,개인전,토너먼트,예선경기７,김민희,201402004905,,김다정,200506003985,,3,0,A
제24회 회장배 전 한국 스쿼시 선수권대회,202406274,2024-07-04,여자 일반부,개인전,토너먼트,예선경기１０,문혜연,201203009845,,김가혜,200312004260,,1,3,B
제24회 회장배 전 한국 스쿼시 선수권대회,202406274,2024-07-04,여자 일반부,개인전,토너먼트,예선경기１１,이승연,201405001347,,양연수,200409006651,,0,3,B
제24회 회장배 전 한국 스쿼시 선수권대회,202406274,2024-07-04,여자 일반부,개인전,토너먼트,예선경기１２,김미진,202106004456,,서하민,201703008633,,0,0,A
제24회 회장배 전 한국 스쿼시 선수권대회,202406274,2024-07-04,여자 일반부,개인전,토너먼트,예선경기１３,김하은,201302005893,,이자연,202003003272,,3,1,A
제24회 회장배 전 한국 스쿼시 선수권대회,202406274,2024-07-04,여자 일반부,개인전,토너먼트,예선경기１４,김가람,200505000922,,곽다연,201302006626,,1,3,B
제24회 회장배 전 한국 스쿼시 선수권대회,202406274,2024-07-04,여자 일반부,개인전,토너먼트,예선경기１５,박미림,200312007885,,조강빈,201606003147,,0,0,A
제24회 회장배 전 한국 스쿼시 선수권대회,202406274,2024-07-04,여자 일반부,개인전,토너먼트,준준준결승경기１,허민경,201103015212,,서효주,201402001683,,3,2,A
제24회 회장배 전 한국 스쿼시 선수권대회,202406274,2024-07-04,여자 일반부,개인전,토너먼트,준준준결승경기２,박진주,200505000920,,류보람,201503023001,,1,3,B
제24회 회장배 전 한국 스쿼시 선수권대회,202406274,2024-07-04,여자 일반부,개인전,토너먼트,준준준결승경기３,이지현,200504008455,,전아인,201203004577,,3,2,A
제24회 회장배 전 한국 스쿼시 선수권대회,202406274,2024-07-04,여자 일반부,개인전,토너먼트,준준준결승경기４,김민희,201402004905,,최유라,200703026440,,1,3,B
제24회 회장배 전 한국 스쿼시 선수권대회,202406274,2024-07-04,여자 일반부,개인전,토너먼트,준준준결승경기５,송채원,200903026922,,김가혜,200312004260,,3,1,A
제24회 회장배 전 한국 스쿼시 선수권대회,202406274,2024-07-04,여자 일반부,개인전,토너먼트,준준준결승경기６,양연수,200409006651,,김미진,202106004456,,3,0,A
제24회 회장배 전 한국 스쿼시 선수권대회,202406274,2024-07-04,여자 일반부,개인전,토너먼트,준준준결승경기７,김하은,201302005893,,곽다연,201302006626,,2,3,B
제24회 회장배 전 한국 스쿼시 선수권대회,202406274,2024-07-04,여자 일반부,개인전,토너먼트,준준준결승경기８,박미림,200312007885,,엄화영,201002007702,,0,3,B
제24회 회장배 전 한국 스쿼시 선수권대회,202406274,2024-07-04,여자 일반부,개인전,토너먼트,준준결승경기１,허민경,201103015212,,류보람,201503023001,,3,0,A
제24회 회장배 전 한국 스쿼시 선수권대회,202406274,2024-07-04,여자 일반부,개인전,토너먼트,준준결승경기２,이지현,200504008455,,최유라,200703026440,,3,1,A
제24회 회장배 전 한국 스쿼시 선수권대회,202406274,2024-07-04,여자 일반부,개인전,토너먼트,준준결승경기３,송채원,200903026922,,양연수,200409006651,,0,3,B
제24회 회장배 전 한국 스쿼시 선수권대회,202406274,2024-07-04,여자 일반부,개인전,토너먼트,준준결승경기４,곽다연,201302006626,,엄화영,201002007702,,0,3,B
제24회 회장배 전 한국 스쿼시 선수권대회,202406274,2024-07-04,여자 일반부,개인전,토너먼트,준결승경기１,허민경,201103015212,,이지현,200504008455,,3,2,A
제24회 회장배 전 한국 스쿼시 선수권대회,202406274,2024-07-04,여자 일반부,개인전,토너먼트,준결승경기２,양연수,200409006651,,엄화영,201002007702,,1,3,B
제24회 회장배 전 한국 스쿼시 선수권대회,202406274,2024-07-04,여자 일반부,개인전,토너먼트,결승,허민경,201103015212,,엄화영,201002007702,,3,0,A
제24회 회장배 전 한국 스쿼시 선수권대회,202406274,2024-07-04,남자 일반부,개인전,토너먼트,예선경기２,김현동,200312010625,,박성찬,201006002472,,0,3,B
제24회 회장배 전 한국 스쿼시 선수권대회,202406274,2024-07-04,남자 일반부,개인전,토너먼트,예선경기７,한승철,201501001406,,우창욱,200505000725,,3,1,A
제24회 회장배 전 한국 스쿼시 선수권대회,202406274,2024-07-04,남자 일반부,개인전,토너먼트,예선경기１０,이현욱,201203014577,,이승택,200505000724,,0,3,B
제24회 회장배 전 한국 스쿼시 선수권대회,202406274,2024-07-04,남자 일반부,개인전,토너먼트,예선경기１５,김진규,202302005904,,진승우,200312004753,,0,3,B
제24회 회장배 전 한국 스쿼시 선수권대회,202406274,2024-07-04,남자 일반부,개인전,토너먼트,예선경기１８,구성진,201302009824,,조영훈,200905003169,,0,3,B
제24회 회장배 전 한국 스쿼시 선수권대회,202406274,2024-07-04,남자 일반부,개인전,토너먼트,예선경기 23,문석호,201402009240,,원준호,982327000007,,3,0,A
제24회 회장배 전 한국 스쿼시 선수권대회,202406274,2024-07-04,남자 일반부,개인전,토너먼트,예선경기 26,김승현,201403012359,,박종명,200803023360,,0,3,B
제24회 회장배 전 한국 스쿼시 선수권대회,202406274,2024-07-04,남자 일반부,개인전,토너먼트,예선경기 31,이세현,200504008934,,이년호,200312006064,,3,0,A
제24회 회장배 전 한국 스쿼시 선수권대회,202406274,2024-07-04,남자 일반부,개인전,토너먼트,준준준준결승 1,이민우,201407000924,,박성찬,201006002472,,3,0,A
제24회 회장배 전 한국 스쿼시 선수권대회,202406274,2024-07-04,남자 일반부,개인전,토너먼트,준준준준결승 2,이승훈,201005005675,,이상훈,200809000849,,0,3,B
제24회 회장배 전 한국 스쿼시 선수권대회,202406274,2024-07-04,남자 일반부,개인전,토너먼트,준준준준결승 3,황중찬,200706002344,,지동현,201507002321,,3,0,A
제24회 회장배 전 한국 스쿼시 선수권대회,202406274,2024-07-04,남자 일반부,개인전,토너먼트,준준준준결승 4,한승철,201501001406,,유덕재,201104000837,,0,0,A
제24회 회장배 전 한국 스쿼시 선수권대회,202406274,2024-07-04,남자 일반부,개인전,토너먼트,준준준준결승 5,강우석,201302005902,,이승택,200505000724,,0,0,B
제24회 회장배 전 한국 스쿼시 선수권대회,202406274,2024-07-04,남자 일반부,개인전,토너먼트,준준준준결승 6,유승용,200907002704,,김동우,201503028559,,0,3,B
제24회 회장배 전 한국 스쿼시 선수권대회,202406274,2024-07-04,남자 일반부,개인전,토너먼트,준준준준결승 7,류한동,200903026007,,김태현,201302005947,,0,3,B
제24회 회장배 전 한국 스쿼시 선수권대회,202406274,2024-07-04,남자 일반부,개인전,토너먼트,준준준준결승 8,진승우,200312004753,,강현범,201302006321,,2,3,B
제24회 회장배 전 한국 스쿼시 선수권대회,202406274,2024-07-04,남자 일반부,개인전,토너먼트,준준준준결승 9,김건,201503006845,,조영훈,200905003169,,3,0,A
제24회 회장배 전 한국 스쿼시 선수권대회,202406274,2024-07-04,남자 일반부,개인전,토너먼트,준준준준결승 10,박정식,201103008064,,오성학,201103013572,,2,3,B
제24회 회장배 전 한국 스쿼시 선수권대회,202406274,2024-07-04,남자 일반부,개인전,토너먼트,준준준준결승 11,고영조,200506001863,,김현인,201602013447,,3,1,A
제24회 회장배 전 한국 스쿼시 선수권대회,202406274,2024-07-04,남자 일반부,개인전,토너먼트,준준준준결승 12,문석호,201402009240,,류정민,201505003438,,0,3,B
제24회 회장배 전 한국 스쿼시 선수권대회,202406274,2024-07-04,남자 일반부,개인전,토너먼트,준준준준결승 13,유재진,200504008874,,박종명,200803023360,,1,3,B
제24회 회장배 전 한국 스쿼시 선수권대회,202406274,2024-07-04,남자 일반부,개인전,토너먼트,준준준준결승 14,이동민,201302010757,,임재현,201402001427,,3,1,A
제24회 회장배 전 한국 스쿼시 선수권대회,202406274,2024-07-04,남자 일반부,개인전,토너먼트,준준준준결승 15,이건동,200312007919,,최동훈,201203006799,,3,0,A
제24회 회장배 전 한국 스쿼시 선수권대회,202406274,2024-07-04,남자 일반부,개인전,토너먼트,준준준준결승 16,이세현,200504008934,,이동준,201302010744,,0,3,B
제24회 회장배 전 한국 스쿼시 선수권대회,202406274,2024-07-04,남자 일반부,개인전,토너먼트,준준준결승경기１,이민우,201407000924,,이상훈,200809000849,,3,0,A
제24회 회장배 전 한국 스쿼시 선수권대회,202406274,2024-07-04,남자 일반부,개인전,토너먼트,준준준결승경기２,황중찬,200706002344,,한승철,201501001406,,3,1,A
제24회 회장배 전 한국 스쿼시 선수권대회,202406274,2024-07-04,남자 일반부,개인전,토너먼트,준준준결승경기３,이승택,200505000724,,김동우,201503028559,,3,1,A
제24회 회장배 전 한국 스쿼시 선수권대회,202406274,2024-07-04,남자 일반부,개인전,토너먼트,준준준결승경기４,김태현,201302005947,,강현범,201302006321,,0,3,B
제24회 회장배 전 한국 스쿼시 선수권대회,202406274,2024-07-04,남자 일반부,개인전,토너먼트,준준준결승경기５,김건,201503006845,,오성학,201103013572,,3,0,A
제24회 회장배 전 한국 스쿼시 선수권대회,202406274,2024-07-04,남자 일반부,개인전,토너먼트,준준준결승경기６,고영조,200506001863,,류정민,201505003438,,2,3,B
제24회 회장배 전 한국 스쿼시 선수권대회,202406274,2024-07-04,남자 일반부,개인전,토너먼트,준준준결승경기７,박종명,200803023360,,이동민,201302010757,,2,3,B
제24회 회장배 전 한국 스쿼시 선수권대회,202406274,2024-07-04,남자 일반부,개인전,토너먼트,준준준결승경기８,이건동,200312007919,,이동준,201302010744,,0,0,B
제24회 회장배 전 한국 스쿼시 선수권대회,202406274,2024-07-04,남자 일반부,개인전,토너먼트,준준결승경기１,이민우,201407000924,,황중찬,200706002344,,3,1,A
제24회 회장배 전 한국 스쿼시 선수권대회,202406274,2024-07-04,남자 일반부,개인전,토너먼트,준준결승경기２,이승택,200505000724,,강현범,201302006321,,3,0,A
제24회 회장배 전 한국 스쿼시 선수권대회,202406274,2024-07-04,남자 일반부,개인전,토너먼트,준준결승경기３,김건,201503006845,,류정민,201505003438,,3,2,A
제24회 회장배 전 한국 스쿼시 선수권대회,202406274,2024-07-04,남자 일반부,개인전,토너먼트,준준결승경기４,이동민,201302010757,,이동준,201302010744,,1,3,B
제24회 회장배 전 한국 스쿼시 선수권대회,202406274,2024-07-04,남자 일반부,개인전,토너먼트,준결승경기１,이민우,201407000924,,이승택,200505000724,,3,1,A
제24회 회장배 전 한국 스쿼시 선수권대회,202406274,2024-07-04,남자 일반부,개인전,토너먼트,준결승경기２,김건,201503006845,,이동준,201302010744,,0,0,B
제24회 회장배 전 한국 스쿼시 선수권대회,202406274,2024-07-04,남자 일반부,개인전,토너먼트,결승,이민우,201407000924,,이동준,201302010744,,3,2,A
제17회 코리아오픈 시니어 스쿼시 챔피언쉽,202406272,2024-08-05,여자부,개인전,토너먼트,예선경기２,박상은,201404002146,,서하민,201703008633,,2,3,B
제17회 코리아오픈 시니어 스쿼시 챔피언쉽,202406272,2024-08-05,여자부,개인전,토너먼트,예선경기 31,곽다연,201302006626,,이자연,202003003272,,3,0,A
제17회 코리아오픈 시니어 스쿼시 챔피언쉽,202406272,2024-08-05,여자부,개인전,토너먼트,준준준준결승 1,허민경,201103015212,,서하민,201703008633,,3,0,A
제17회 코리아오픈 시니어 스쿼시 챔피언쉽,202406272,2024-08-05,여자부,개인전,토너먼트,준준준준결승 2,장예원,201601000670,,서효주,201402001683,,3,1,A
제17회 코리아오픈 시니어 스쿼시 챔피언쉽,202406272,2024-08-05,여자부,개인전,토너먼트,준준준준결승 3,구보경,201902004370,,김하연,201503006905,,0,3,B
제17회 코리아오픈 시니어 스쿼시 챔피언쉽,202406272,2024-08-05,여자부,개인전,토너먼트,준준준준결승 4,조강빈,201606003147,,류보람,201503023001,,0,0,B
제17회 코리아오픈 시니어 스쿼시 챔피언쉽,202406272,2024-08-05,여자부,개인전,토너먼트,준준준준결승 5,최유라,200703026440,,오승희,201209002253,,1,3,B
제17회 코리아오픈 시니어 스쿼시 챔피언쉽,202406272,2024-08-05,여자부,개인전,토너먼트,준준준준결승 6,김민희,201402004905,,배찬미,200506004011,,3,0,A
제17회 코리아오픈 시니어 스쿼시 챔피언쉽,202406272,2024-08-05,여자부,개인전,토너먼트,준준준준결승 7,박다송,981727000048,,김진희,200504012003,,3,2,A
제17회 코리아오픈 시니어 스쿼시 챔피언쉽,202406272,2024-08-05,여자부,개인전,토너먼트,준준준준결승 8,남지윤,202203011255,,송채원,200903026922,,0,3,B
제17회 코리아오픈 시니어 스쿼시 챔피언쉽,202406272,2024-08-05,여자부,개인전,토너먼트,준준준준결승 9,이소진,201503029527,,김가혜,200312004260,,0,3,B
제17회 코리아오픈 시니어 스쿼시 챔피언쉽,202406272,2024-08-05,여자부,개인전,토너먼트,준준준준결승 10,노윤진,201702011015,,김다미,201107004502,,0,3,B
제17회 코리아오픈 시니어 스쿼시 챔피언쉽,202406272,2024-08-05,여자부,개인전,토너먼트,준준준준결승 11,송동주,201205000983,,김가람,200505000922,,3,1,A
제17회 코리아오픈 시니어 스쿼시 챔피언쉽,202406272,2024-08-05,여자부,개인전,토너먼트,준준준준결승 12,전아인,201203004577,,이지현,200504008455,,1,3,B
제17회 코리아오픈 시니어 스쿼시 챔피언쉽,202406272,2024-08-05,여자부,개인전,토너먼트,준준준준결승 13,조예림,202006001243,,양연수,200409006651,,0,3,B
제17회 코리아오픈 시니어 스쿼시 챔피언쉽,202406272,2024-08-05,여자부,개인전,토너먼트,준준준준결승 14,박영주,981527000037,,김하은,201302005893,,0,3,B
제17회 코리아오픈 시니어 스쿼시 챔피언쉽,202406272,2024-08-05,여자부,개인전,토너먼트,준준준준결승 15,김다정,200506003985,,이승연,201405001347,,0,3,B
제17회 코리아오픈 시니어 스쿼시 챔피언쉽,202406272,2024-08-05,여자부,개인전,토너먼트,준준준준결승 16,곽다연,201302006626,,엄화영,201002007702,,0,3,B
제17회 코리아오픈 시니어 스쿼시 챔피언쉽,202406272,2024-08-05,여자부,개인전,토너먼트,준준준결승경기１,허민경,201103015212,,장예원,201601000670,,3,0,A
제17회 코리아오픈 시니어 스쿼시 챔피언쉽,202406272,2024-08-05,여자부,개인전,토너먼트,준준준결승경기２,김하연,201503006905,,류보람,201503023001,,0,3,B
제17회 코리아오픈 시니어 스쿼시 챔피언쉽,202406272,2024-08-05,여자부,개인전,토너먼트,준준준결승경기３,오승희,201209002253,,김민희,201402004905,,3,0,A
제17회 코리아오픈 시니어 스쿼시 챔피언쉽,202406272,2024-08-05,여자부,개인전,토너먼트,준준준결승경기４,박다송,981727000048,,송채원,200903026922,,0,3,B
제17회 코리아오픈 시니어 스쿼시 챔피언쉽,202406272,2024-08-05,여자부,개인전,토너먼트,준준준결승경기５,김가혜,200312004260,,김다미,201107004502,,3,1,A
제17회 코리아오픈 시니어 스쿼시 챔피언쉽,202406272,2024-08-05,여자부,개인전,토너먼트,준준준결승경기６,송동주,201205000983,,이지현,200504008455,,0,3,B
제17회 코리아오픈 시니어 스쿼시 챔피언쉽,202406272,2024-08-05,여자부,개인전,토너먼트,준준준결승경기７,양연수,200409006651,,김하은,201302005893,,3,0,A
제17회 코리아오픈 시니어 스쿼시 챔피언쉽,202406272,2024-08-05,여자부,개인전,토너먼트,준준준결승경기８,이승연,201405001347,,엄화영,201002007702,,0,3,B
제17회 코리아오픈 시니어 스쿼시 챔피언쉽,202406272,2024-08-05,여자부,개인전,토너먼트,준준결승경기１,허민경,201103015212,,류보람,201503023001,,2,3,B
제17회 코리아오픈 시니어 스쿼시 챔피언쉽,202406272,2024-08-05,여자부,개인전,토너먼트,준준결승경기２,오승희,201209002253,,송채원,200903026922,,0,3,B
제17회 코리아오픈 시니어 스쿼시 챔피언쉽,202406272,2024-08-05,여자부,개인전,토너먼트,준준결승경기３,김가혜,200312004260,,이지현,200504008455,,1,3,B
제17회 코리아오픈 시니어 스쿼시 챔피언쉽,202406272,2024-08-05,여자부,개인전,토너먼트,준준결승경기４,양연수,200409006651,,엄화영,201002007702,,3,1,A
제17회 코리아오픈 시니어 스쿼시 챔피언쉽,202406272,2024-08-05,여자부,개인전,토너먼트,준결승경기１,류보람,201503023001,,송채원,200903026922,,0,3,B
제17회 코리아오픈 시니어 스쿼시 챔피언쉽,202406272,2024-08-05,여자부,개인전,토너먼트,준결승경기２,이지현,200504008455,,양연수,200409006651,,1,3,B
제17회 코리아오픈 시니어 스쿼시 챔피언쉽,202406272,2024-08-05,여자부,개인전,토너먼트,결승,송채원,200903026922,,양연수,200409006651,,3,2,A
제21회 회장배 전국 학생 스쿼시 선수권대회,202411184,2024-08-23,여자 18세이하부,개인전,토너먼트,예선경기２,김태연,201605003414,,민지후,202307003521,,3,0,A
제21회 회장배 전국 학생 스쿼시 선수권대회,202411184,2024-08-23,여자 18세이하부,개인전,토너먼트,예선경기６,문서윤,202307002568,,나현아,202406007100,,3,0,A
제21회 회장배 전국 학생 스쿼시 선수권대회,202411184,2024-08-23,여자 18세이하부,개인전,토너먼트,예선경기７,황지영,202403018376,,엄준,201804000231,,0,3,B
제21회 회장배 전국 학생 스쿼시 선수권대회,202411184,2024-08-23,여자 18세이하부,개인전,토너먼트,예선경기１０,김민지,202205118922,,차영은,202407004965,,3,0,A
제21회 회장배 전국 학생 스쿼시 선수권대회,202411184,2024-08-23,여자 18세이하부,개인전,토너먼트,예선경기１５,김태영,202406003305,,김소윤,202307002569,,0,3,B
제21회 회장배 전국 학생 스쿼시 선수권대회,202411184,2024-08-23,여자 18세이하부,개인전,토너먼트,준준준결승경기１,전현영,202201001946,,김태연,201605003414,,3,2,A
제21회 회장배 전국 학생 스쿼시 선수권대회,202411184,2024-08-23,여자 18세이하부,개인전,토너먼트,준준준결승경기２,김지윤,202306009406,,김유빈,202302015267,,0,3,B
제21회 회장배 전국 학생 스쿼시 선수권대회,202411184,2024-08-23,여자 18세이하부,개인전,토너먼트,준준준결승경기３,황수민,202302003492,,문서윤,202307002568,,2,3,B
제21회 회장배 전국 학생 스쿼시 선수권대회,202411184,2024-08-23,여자 18세이하부,개인전,토너먼트,준준준결승경기４,엄준,201804000231,,박솔민,202002002489,,0,3,B
제21회 회장배 전국 학생 스쿼시 선수권대회,202411184,2024-08-23,여자 18세이하부,개인전,토너먼트,준준준결승경기５,조아연,201903004040,,김민지,202205118922,,3,0,A
제21회 회장배 전국 학생 스쿼시 선수권대회,202411184,2024-08-23,여자 18세이하부,개인전,토너먼트,준준준결승경기６,박정빈,202307003537,,이수현,202302014612,,0,3,B
제21회 회장배 전국 학생 스쿼시 선수권대회,202411184,2024-08-23,여자 18세이하부,개인전,토너먼트,준준준결승경기７,정수아,202307002127,,임수아,202302017165,,3,0,A
제21회 회장배 전국 학생 스쿼시 선수권대회,202411184,2024-08-23,여자 18세이하부,개인전,토너먼트,준준준결승경기８,김소윤,202307002569,,서예은,202206004756,,0,3,B
제21회 회장배 전국 학생 스쿼시 선수권대회,202411184,2024-08-23,여자 18세이하부,개인전,토너먼트,준준결승경기１,전현영,202201001946,,김유빈,202302015267,,3,0,A
제21회 회장배 전국 학생 스쿼시 선수권대회,202411184,2024-08-23,여자 18세이하부,개인전,토너먼트,준준결승경기２,문서윤,202307002568,,박솔민,202002002489,,0,3,B
제21회 회장배 전국 학생 스쿼시 선수권대회,202411184,2024-08-23,여자 18세이하부,개인전,토너먼트,준준결승경기３,조아연,201903004040,,이수현,202302014612,,3,0,A
제21회 회장배 전국 학생 스쿼시 선수권대회,202411184,2024-08-23,여자 18세이하부,개인전,토너먼트,준준결승경기４,정수아,202307002127,,서예은,202206004756,,0,3,B
제21회 회장배 전국 학생 스쿼시 선수권대회,202411184,2024-08-23,여자 18세이하부,개인전,토너먼트,준결승경기１,전현영,202201001946,,박솔민,202002002489,,0,3,B
제21회 회장배 전국 학생 스쿼시 선수권대회,202411184,2024-08-23,여자 18세이하부,개인전,토너먼트,준결승경기２,조아연,201903004040,,서예은,202206004756,,3,0,A
제21회 회장배 전국 학생 스쿼시 선수권대회,202411184,2024-08-23,여자 18세이하부,개인전,토너먼트,결승,박솔민,202002002489,,조아연,201903004040,,0,3,B
제21회 회장배 전국 학생 스쿼시 선수권대회,202411184,2024-08-23,여자 18세이하부,단체전,토너먼트,예선경기２,인천광역시스쿼시연맹,,,충북상업정보고등학교,,,2,0,A
제21회 회장배 전국 학생 스쿼시 선수권대회,202411184,2024-08-23,여자 18세이하부,단체전,토너먼트,준결승경기１,오남고등학교,,,인천광역시스쿼시연맹,,,0,1,B
제21회 회장배 전국 학생 스쿼시 선수권대회,202411184,2024-08-23,여자 18세이하부,단체전,토너먼트,준결승경기２,동일미래과학고등학교,,,대광고등학교,,,1,2,B
제21회 회장배 전국 학생 스쿼시 선수권대회,202411184,2024-08-23,여자 18세이하부,단체전,토너먼트,결승,인천광역시스쿼시연맹,,,대광고등학교,,,2,0,A
제21회 회장배 전국 학생 스쿼시 선수권대회,202411184,2024-08-23,남자 18세이하부,개인전,토너먼트,예선경기２,전윤건,202306010293,,손유빈,982127000019,,3,0,A
제21회 회장배 전국 학생 스쿼시 선수권대회,202411184,2024-08-23,남자 18세이하부,개인전,토너먼트,예선경기６,서윤재,202203001042,,나승찬,202205118675,,0,3,B
제21회 회장배 전국 학생 스쿼시 선수권대회,202411184,2024-08-23,남자 18세이하부,개인전,토너먼트,예선경기７,윤성호,982127000016,,정찬희,202403087352,,3,0,A
제21회 회장배 전국 학생 스쿼시 선수권대회,202411184,2024-08-23,남자 18세이하부,개인전,토너먼트,예선경기１０,박은찬,202206006191,,전승민,202402006381,,3,0,A
제21회 회장배 전국 학생 스쿼시 선수권대회,202411184,2024-08-23,남자 18세이하부,개인전,토너먼트,예선경기１５,함동현,202307006269,,박시환,202306009362,,0,0,A
제21회 회장배 전국 학생 스쿼시 선수권대회,202411184,2024-08-23,남자 18세이하부,개인전,토너먼트,예선경기１８,오지훈,202307006557,,김준석,982127000014,,3,1,A
제21회 회장배 전국 학생 스쿼시 선수권대회,202411184,2024-08-23,남자 18세이하부,개인전,토너먼트,예선경기 22,이지항,202206007001,,신승원,202402018673,,3,0,A
제21회 회장배 전국 학생 스쿼시 선수권대회,202411184,2024-08-23,남자 18세이하부,개인전,토너먼트,예선경기 23,송늘찬,202308010299,,민휘훈,202403093347,,0,0,A
제21회 회장배 전국 학생 스쿼시 선수권대회,202411184,2024-08-23,남자 18세이하부,개인전,토너먼트,예선경기 26,박상현,202306009676,,현종선,202302017920,,1,3,B
제21회 회장배 전국 학생 스쿼시 선수권대회,202411184,2024-08-23,남자 18세이하부,개인전,토너먼트,예선경기 27,곽서준,201903006257,,이동욱,202007000237,,1,3,B
제21회 회장배 전국 학생 스쿼시 선수권대회,202411184,2024-08-23,남자 18세이하부,개인전,토너먼트,예선경기 31,강세찬,202303003325,,조현준,202203001440,,0,3,B
제21회 회장배 전국 학생 스쿼시 선수권대회,202411184,2024-08-23,남자 18세이하부,개인전,토너먼트,준준준준결승 1,오서진,201605004663,,전윤건,202306010293,,3,0,A
제21회 회장배 전국 학생 스쿼시 선수권대회,202411184,2024-08-23,남자 18세이하부,개인전,토너먼트,준준준준결승 2,이성민,202107001910,,김경민,202211001200,,3,0,A
제21회 회장배 전국 학생 스쿼시 선수권대회,202411184,2024-08-23,남자 18세이하부,개인전,토너먼트,준준준준결승 3,이상엽,202304048505,,나승찬,202205118675,,1,3,B
제21회 회장배 전국 학생 스쿼시 선수권대회,202411184,2024-08-23,남자 18세이하부,개인전,토너먼트,준준준준결승 4,윤성호,982127000016,,김현,202303001958,,3,0,A
제21회 회장배 전국 학생 스쿼시 선수권대회,202411184,2024-08-23,남자 18세이하부,개인전,토너먼트,준준준준결승 5,김준호,202004000367,,박은찬,202206006191,,3,0,A
제21회 회장배 전국 학생 스쿼시 선수권대회,202411184,2024-08-23,남자 18세이하부,개인전,토너먼트,준준준준결승 6,권용하,202302018804,,황승조,202402001062,,3,0,A
제21회 회장배 전국 학생 스쿼시 선수권대회,202411184,2024-08-23,남자 18세이하부,개인전,토너먼트,준준준준결승 7,정광민,202103008002,,나동현,202301001068,,3,0,A
제21회 회장배 전국 학생 스쿼시 선수권대회,202411184,2024-08-23,남자 18세이하부,개인전,토너먼트,준준준준결승 8,함동현,202307006269,,안동현,202305015908,,3,1,A
제21회 회장배 전국 학생 스쿼시 선수권대회,202411184,2024-08-23,남자 18세이하부,개인전,토너먼트,준준준준결승 9,이건후,202103007938,,오지훈,202307006557,,3,0,A
제21회 회장배 전국 학생 스쿼시 선수권대회,202411184,2024-08-23,남자 18세이하부,개인전,토너먼트,준준준준결승 10,우석현,202307002559,,박민기,202006000140,,0,3,B
제21회 회장배 전국 학생 스쿼시 선수권대회,202411184,2024-08-23,남자 18세이하부,개인전,토너먼트,준준준준결승 11,고백균,202203000460,,이지항,202206007001,,0,3,B
제21회 회장배 전국 학생 스쿼시 선수권대회,202411184,2024-08-23,남자 18세이하부,개인전,토너먼트,준준준준결승 12,송늘찬,202308010299,,이용욱,201902003971,,0,3,B
제21회 회장배 전국 학생 스쿼시 선수권대회,202411184,2024-08-23,남자 18세이하부,개인전,토너먼트,준준준준결승 13,정인철,202407004959,,현종선,202302017920,,0,3,B
제21회 회장배 전국 학생 스쿼시 선수권대회,202411184,2024-08-23,남자 18세이하부,개인전,토너먼트,준준준준결승 14,이동욱,202007000237,,김동하,202207005619,,0,3,B
제21회 회장배 전국 학생 스쿼시 선수권대회,202411184,2024-08-23,남자 18세이하부,개인전,토너먼트,준준준준결승 15,구동현,201402010302,,안지훈,202307002572,,3,0,A
제21회 회장배 전국 학생 스쿼시 선수권대회,202411184,2024-08-23,남자 18세이하부,개인전,토너먼트,준준준준결승 16,조현준,202203001440,,류정욱,201603018160,,0,3,B
제21회 회장배 전국 학생 스쿼시 선수권대회,202411184,2024-08-23,남자 18세이하부,개인전,토너먼트,준준준결승경기１,오서진,201605004663,,이성민,202107001910,,3,0,A
제21회 회장배 전국 학생 스쿼시 선수권대회,202411184,2024-08-23,남자 18세이하부,개인전,토너먼트,준준준결승경기２,나승찬,202205118675,,윤성호,982127000016,,0,3,B
제21회 회장배 전국 학생 스쿼시 선수권대회,202411184,2024-08-23,남자 18세이하부,개인전,토너먼트,준준준결승경기３,김준호,202004000367,,권용하,202302018804,,3,0,A
제21회 회장배 전국 학생 스쿼시 선수권대회,202411184,2024-08-23,남자 18세이하부,개인전,토너먼트,준준준결승경기４,정광민,202103008002,,함동현,202307006269,,3,0,A
제21회 회장배 전국 학생 스쿼시 선수권대회,202411184,2024-08-23,남자 18세이하부,개인전,토너먼트,준준준결승경기５,이건후,202103007938,,박민기,202006000140,,0,3,B
제21회 회장배 전국 학생 스쿼시 선수권대회,202411184,2024-08-23,남자 18세이하부,개인전,토너먼트,준준준결승경기６,이지항,202206007001,,이용욱,201902003971,,0,3,B
제21회 회장배 전국 학생 스쿼시 선수권대회,202411184,2024-08-23,남자 18세이하부,개인전,토너먼트,준준준결승경기７,현종선,202302017920,,김동하,202207005619,,0,3,B
제21회 회장배 전국 학생 스쿼시 선수권대회,202411184,2024-08-23,남자 18세이하부,개인전,토너먼트,준준준결승경기８,구동현,201402010302,,류정욱,201603018160,,0,3,B
제21회 회장배 전국 학생 스쿼시 선수권대회,202411184,2024-08-23,남자 18세이하부,개인전,토너먼트,준준결승경기１,오서진,201605004663,,윤성호,982127000016,,3,0,A
제21회 회장배 전국 학생 스쿼시 선수권대회,202411184,2024-08-23,남자 18세이하부,개인전,토너먼트,준준결승경기２,김준호,202004000367,,정광민,202103008002,,3,0,A
제21회 회장배 전국 학생 스쿼시 선수권대회,202411184,2024-08-23,남자 18세이하부,개인전,토너먼트,준준결승경기３,박민기,202006000140,,이용욱,201902003971,,1,3,B
제21회 회장배 전국 학생 스쿼시 선수권대회,202411184,2024-08-23,남자 18세이하부,개인전,토너먼트,준준결승경기４,김동하,202207005619,,류정욱,201603018160,,0,3,B
제21회 회장배 전국 학생 스쿼시 선수권대회,202411184,2024-08-23,남자 18세이하부,개인전,토너먼트,준결승경기１,오서진,201605004663,,김준호,202004000367,,3,0,A
제21회 회장배 전국 학생 스쿼시 선수권대회,202411184,2024-08-23,남자 18세이하부,개인전,토너먼트,준결승경기２,이용욱,201902003971,,류정욱,201603018160,,0,3,B
제21회 회장배 전국 학생 스쿼시 선수권대회,202411184,2024-08-23,남자 18세이하부,개인전,토너먼트,결승,오서진,201605004663,,류정욱,201603018160,,1,3,B
제21회 회장배 전국 학생 스쿼시 선수권대회,202411184,2024-08-23,남자 18세이하부,단체전,토너먼트,예선경기１,양산제일고등학교,,,오남고등학교,,,2,0,A
제21회 회장배 전국 학생 스쿼시 선수권대회,202411184,2024-08-23,남자 18세이하부,단체전,토너먼트,예선경기２,인천 대건고등학교,,,언양고등학교,,,1,2,B
제21회 회장배 전국 학생 스쿼시 선수권대회,202411184,2024-08-23,남자 18세이하부,단체전,토너먼트,예선경기３,충북상업정보고등학교,,,대광고등학교,,,2,1,A
제21회 회장배 전국 학생 스쿼시 선수권대회,202411184,2024-08-23,남자 18세이하부,단체전,토너먼트,예선경기４,와룡고등학교,,,천안월봉고등학교,,,0,2,B
제21회 회장배 전국 학생 스쿼시 선수권대회,202411184,2024-08-23,남자 18세이하부,단체전,토너먼트,준결승경기１,양산제일고등학교,,,언양고등학교,,,2,0,A
제21회 회장배 전국 학생 스쿼시 선수권대회,202411184,2024-08-23,남자 18세이하부,단체전,토너먼트,준결승경기２,충북상업정보고등학교,,,천안월봉고등학교,,,2,1,A
제21회 회장배 전국 학생 스쿼시 선수권대회,202411184,2024-08-23,남자 18세이하부,단체전,토너먼트,결승,양산제일고등학교,,,충북상업정보고등학교,,,2,1,A
제21회 회장배 전국 학생 스쿼시 선수권대회,202411184,2024-08-23,남자 18세이하부,복식,토너먼트,예선경기２,"이지항, 박은찬",,,"나승찬, 안동현",,,2,0,A
제21회 회장배 전국 학생 스쿼시 선수권대회,202411184,2024-08-23,남자 18세이하부,복식,토너먼트,예선경기３,"이동욱, 정광민",,,"이성민, 이성빈",,,2,0,A
제21회 회장배 전국 학생 스쿼시 선수권대회,202411184,2024-08-23,남자 18세이하부,복식,토너먼트,예선경기４,"이건후, 구동현",,,"고백균, 권용하",,,1,2,B
제21회 회장배 전국 학생 스쿼시 선수권대회,202411184,2024-08-23,남자 18세이하부,복식,토너먼트,준결승경기１,"조현준, 나동현",,,"이지항, 박은찬",,,0,2,B
제21회 회장배 전국 학생 스쿼시 선수권대회,202411184,2024-08-23,남자 18세이하부,복식,토너먼트,준결승경기２,"이동욱, 정광민",,,"고백균, 권용하",,,2,1,A
제21회 회장배 전국 학생 스쿼시 선수권대회,202411184,2024-08-23,남자 18세이하부,복식,토너먼트,결승,"이지항, 박은찬",,,"이동욱, 정광민",,,2,1,A
제21회 회장배 전국 학생 스쿼시 선수권대회,202411184,2024-08-23,여자 대학부,개인전,토너먼트,예선경기２,남지윤,202203011255,,김하연,201503006905,,0,3,B
제21회 회장배 전국 학생 스쿼시 선수권대회,202411184,2024-08-23,여자 대학부,개인전,토너먼트,준결승경기１,이소진,201503029527,,김하연,201503006905,,3,0,A
제21회 회장배 전국 학생 스쿼시 선수권대회,202411184,2024-08-23,여자 대학부,개인전,토너먼트,준결승경기２,노윤진,201702011015,,조예림,202006001243,,3,0,A
제21회 회장배 전국 학생 스쿼시 선수권대회,202411184,2024-08-23,여자 대학부,개인전,토너먼트,결승,이소진,201503029527,,노윤진,201702011015,,3,0,A
제21회 회장배 전국 학생 스쿼시 선수권대회,202411184,2024-08-23,남자 대학부,개인전,토너먼트,예선경기２,박민준,201902005286,,손우주,201902004585,,2,3,B
제21회 회장배 전국 학생 스쿼시 선수권대회,202411184,2024-08-23,남자 대학부,개인전,토너먼트,예선경기３,김석진,201203009405,,김태경,202207011111,,3,0,A
제21회 회장배 전국 학생 스쿼시 선수권대회,202411184,2024-08-23,남자 대학부,개인전,토너먼트,예선경기４,이지석,201703004879,,심규영,201504001319,,1,3,B
제21회 회장배 전국 학생 스쿼시 선수권대회,202411184,2024-08-23,남자 대학부,개인전,토너먼트,예선경기５,이강인,201808001789,,한혁중,202203001974,,3,0,A
제21회 회장배 전국 학생 스쿼시 선수권대회,202411184,2024-08-23,남자 대학부,개인전,토너먼트,예선경기６,박지훈,201706000549,,김준영,201707001971,,0,3,B
제21회 회장배 전국 학생 스쿼시 선수권대회,202411184,2024-08-23,남자 대학부,개인전,토너먼트,예선경기７,유호제,201405000567,,남기태,202103006627,,3,0,A
제21회 회장배 전국 학생 스쿼시 선수권대회,202411184,2024-08-23,남자 대학부,개인전,토너먼트,예선경기８,배준환,202406003011,,박승민,201702006829,,0,3,B
제21회 회장배 전국 학생 스쿼시 선수권대회,202411184,2024-08-23,남자 대학부,개인전,토너먼트,준준결승경기１,정태경,201606000617,,손우주,201902004585,,3,0,A
제21회 회장배 전국 학생 스쿼시 선수권대회,202411184,2024-08-23,남자 대학부,개인전,토너먼트,준준결승경기２,김석진,201203009405,,심규영,201504001319,,3,0,A
제21회 회장배 전국 학생 스쿼시 선수권대회,202411184,2024-08-23,남자 대학부,개인전,토너먼트,준준결승경기３,이강인,201808001789,,김준영,201707001971,,3,0,A
제21회 회장배 전국 학생 스쿼시 선수권대회,202411184,2024-08-23,남자 대학부,개인전,토너먼트,준준결승경기４,유호제,201405000567,,박승민,201702006829,,0,3,B
제21회 회장배 전국 학생 스쿼시 선수권대회,202411184,2024-08-23,남자 대학부,개인전,토너먼트,준결승경기１,정태경,201606000617,,김석진,201203009405,,3,1,A
제21회 회장배 전국 학생 스쿼시 선수권대회,202411184,2024-08-23,남자 대학부,개인전,토너먼트,준결승경기２,이강인,201808001789,,박승민,201702006829,,0,3,B
제21회 회장배 전국 학생 스쿼시 선수권대회,202411184,2024-08-23,남자 대학부,개인전,토너먼트,결승,정태경,201606000617,,박승민,201702006829,,0,3,B
2024 전국실업스쿼시 선수권대회(단체전),202411294,2024-08-26,여자 일반부,단체전,토너먼트,예선경기２,전라남도청,,,대전광역시체육회,,,2,1,A
2024 전국실업스쿼시 선수권대회(단체전),202411294,2024-08-26,여자 일반부,단체전,토너먼트,예선경기３,전북특별자치도스쿼시연맹,,,세종특별자치시스쿼시연맹,,,3,0,A
2024 전국실업스쿼시 선수권대회(단체전),202411294,2024-08-26,여자 일반부,단체전,토너먼트,예선경기４,경기도스쿼시연맹,,,충청북도체육회,,,0,2,B
2024 전국실업스쿼시 선수권대회(단체전),202411294,2024-08-26,여자 일반부,단체전,토너먼트,예선경기６,경상북도체육회,,,울산광역시체육회,,,0,3,B
2024 전국실업스쿼시 선수권대회(단체전),202411294,2024-08-26,여자 일반부,단체전,토너먼트,예선경기７,광주광역시체육회,,,충청남도체육회,,,3,0,A
2024 전국실업스쿼시 선수권대회(단체전),202411294,2024-08-26,여자 일반부,단체전,토너먼트,준준결승경기１,대구광역시청,,,전라남도청,,,1,2,B
2024 전국실업스쿼시 선수권대회(단체전),202411294,2024-08-26,여자 일반부,단체전,토너먼트,준준결승경기２,전북특별자치도스쿼시연맹,,,충청북도체육회,,,3,0,A
2024 전국실업스쿼시 선수권대회(단체전),202411294,2024-08-26,여자 일반부,단체전,토너먼트,준준결승경기３,경상남도체육회,,,울산광역시체육회,,,2,1,A
2024 전국실업스쿼시 선수권대회(단체전),202411294,2024-08-26,여자 일반부,단체전,토너먼트,준준결승경기４,광주광역시체육회,,,인천광역시체육회,,,0,3,B
2024 전국실업스쿼시 선수권대회(단체전),202411294,2024-08-26,여자 일반부,단체전,토너먼트,준결승경기１,전라남도청,,,전북특별자치도스쿼시연맹,,,2,1,A
2024 전국실업스쿼시 선수권대회(단체전),202411294,2024-08-26,여자 일반부,단체전,토너먼트,준결승경기２,경상남도체육회,,,인천광역시체육회,,,2,1,A
2024 전국실업스쿼시 선수권대회(단체전),202411294,2024-08-26,여자 일반부,단체전,토너먼트,결승,전라남도청,,,경상남도체육회,,,1,2,B
2024 전국실업스쿼시 선수권대회(단체전),202411294,2024-08-26,남자 일반부,단체전,토너먼트,예선경기２,전북특별자치도스쿼시연맹,,,충청북도체육회,,,1,2,B
2024 전국실업스쿼시 선수권대회(단체전),202411294,2024-08-26,남자 일반부,단체전,토너먼트,예선경기３,울산광역시체육회,,,충청남도체육회,,,2,1,A
2024 전국실업스쿼시 선수권대회(단체전),202411294,2024-08-26,남자 일반부,단체전,토너먼트,예선경기４,경기도스쿼시연맹,,,인천광역시체육회,,,2,1,A
2024 전국실업스쿼시 선수권대회(단체전),202411294,2024-08-26,남자 일반부,단체전,토너먼트,예선경기５,광주광역시체육회,,,세종특별자치시스쿼시연맹,,,3,0,A
2024 전국실업스쿼시 선수권대회(단체전),202411294,2024-08-26,남자 일반부,단체전,토너먼트,예선경기６,경상북도체육회,,,대구광역시청,,,2,1,A
2024 전국실업스쿼시 선수권대회(단체전),202411294,2024-08-26,남자 일반부,단체전,토너먼트,예선경기７,대전광역시체육회,,,부산광역시체육회,,,0,3,B
2024 전국실업스쿼시 선수권대회(단체전),202411294,2024-08-26,남자 일반부,단체전,토너먼트,준준결승경기１,전라남도체육회,,,충청북도체육회,,,0,3,B
2024 전국실업스쿼시 선수권대회(단체전),202411294,2024-08-26,남자 일반부,단체전,토너먼트,준준결승경기２,울산광역시체육회,,,경기도스쿼시연맹,,,3,0,A
2024 전국실업스쿼시 선수권대회(단체전),202411294,2024-08-26,남자 일반부,단체전,토너먼트,준준결승경기３,광주광역시체육회,,,경상북도체육회,,,2,1,A
2024 전국실업스쿼시 선수권대회(단체전),202411294,2024-08-26,남자 일반부,단체전,토너먼트,준준결승경기４,부산광역시체육회,,,경상남도체육회,,,1,2,B
2024 전국실업스쿼시 선수권대회(단체전),202411294,2024-08-26,남자 일반부,단체전,토너먼트,준결승경기１,충청북도체육회,,,울산광역시체육회,,,3,0,A
2024 전국실업스쿼시 선수권대회(단체전),202411294,2024-08-26,남자 일반부,단체전,토너먼트,준결승경기２,광주광역시체육회,,,경상남도체육회,,,2,1,A
2024 전국실업스쿼시 선수권대회(단체전),202411294,2024-08-26,남자 일반부,단체전,토너먼트,결승,충청북도체육회,,,광주광역시체육회,,,1,2,B
제17회 하계 전국 중.고 스쿼시 선수권대회,202411237,2024-08-31,여자 15세이하부,개인전,토너먼트,예선경기２,이재인,202305008081,,박예원,202303026617,,3,1,A
제17회 하계 전국 중.고 스쿼시 선수권대회,202411237,2024-08-31,여자 15세이하부,개인전,토너먼트,예선경기６,정유빈,202307008532,,박지은,202002004079,,0,3,B
제17회 하계 전국 중.고 스쿼시 선수권대회,202411237,2024-08-31,여자 15세이하부,개인전,토너먼트,예선경기７,정현아,202207001169,,정지현,202302002107,,3,0,A
제17회 하계 전국 중.고 스쿼시 선수권대회,202411237,2024-08-31,여자 15세이하부,개인전,토너먼트,준준결승경기１,정단아,202207001150,,이재인,202305008081,,0,3,B
제17회 하계 전국 중.고 스쿼시 선수권대회,202411237,2024-08-31,여자 15세이하부,개인전,토너먼트,준준결승경기２,남유비,202202004112,,강연아,202302018871,,0,3,B
제17회 하계 전국 중.고 스쿼시 선수권대회,202411237,2024-08-31,여자 15세이하부,개인전,토너먼트,준준결승경기３,황보영,202303008360,,박지은,202002004079,,3,0,A
제17회 하계 전국 중.고 스쿼시 선수권대회,202411237,2024-08-31,여자 15세이하부,개인전,토너먼트,준준결승경기４,정현아,202207001169,,라우림,202202004038,,2,3,B
제17회 하계 전국 중.고 스쿼시 선수권대회,202411237,2024-08-31,여자 15세이하부,개인전,토너먼트,준결승경기１,이재인,202305008081,,강연아,202302018871,,3,0,A
제17회 하계 전국 중.고 스쿼시 선수권대회,202411237,2024-08-31,여자 15세이하부,개인전,토너먼트,준결승경기２,황보영,202303008360,,라우림,202202004038,,3,1,A
제17회 하계 전국 중.고 스쿼시 선수권대회,202411237,2024-08-31,여자 15세이하부,개인전,토너먼트,결승,이재인,202305008081,,황보영,202303008360,,1,3,B
제17회 하계 전국 중.고 스쿼시 선수권대회,202411237,2024-08-31,남자 15세이하부,개인전,토너먼트,예선경기２,남우진,202308012404,,김준일,202202003963,,3,0,A
제17회 하계 전국 중.고 스쿼시 선수권대회,202411237,2024-08-31,남자 15세이하부,개인전,토너먼트,예선경기７,김민준,201903012665,,박규민,202303032776,,3,0,A
제17회 하계 전국 중.고 스쿼시 선수권대회,202411237,2024-08-31,남자 15세이하부,개인전,토너먼트,예선경기１０,최원준,202309002019,,나우영,201902002440,,0,3,B
제17회 하계 전국 중.고 스쿼시 선수권대회,202411237,2024-08-31,남자 15세이하부,개인전,토너먼트,예선경기１５,김서준,,,임규현,202406000054,,3,0,A
제17회 하계 전국 중.고 스쿼시 선수권대회,202411237,2024-08-31,남자 15세이하부,개인전,토너먼트,준준준결승경기１,이동화,202007000243,,남우진,202308012404,,3,0,A
제17회 하계 전국 중.고 스쿼시 선수권대회,202411237,2024-08-31,남자 15세이하부,개인전,토너먼트,준준준결승경기２,장승보,202303008035,,박용호,202403089572,,0,0,B
제17회 하계 전국 중.고 스쿼시 선수권대회,202411237,2024-08-31,남자 15세이하부,개인전,토너먼트,준준준결승경기３,김민재,,,김민재,,,3,0,A
제17회 하계 전국 중.고 스쿼시 선수권대회,202411237,2024-08-31,남자 15세이하부,개인전,토너먼트,준준준결승경기４,김민준,201903012665,,류지안,202202002116,,1,3,B
제17회 하계 전국 중.고 스쿼시 선수권대회,202411237,2024-08-31,남자 15세이하부,개인전,토너먼트,준준준결승경기５,김서준,,,나우영,201902002440,,3,0,A
제17회 하계 전국 중.고 스쿼시 선수권대회,202411237,2024-08-31,남자 15세이하부,개인전,토너먼트,준준준결승경기６,김성주,202203007369,,최규현,202006002884,,3,0,A
제17회 하계 전국 중.고 스쿼시 선수권대회,202411237,2024-08-31,남자 15세이하부,개인전,토너먼트,준준준결승경기７,최윤호,202311001127,,윤태훈,202209003037,,0,3,B
제17회 하계 전국 중.고 스쿼시 선수권대회,202411237,2024-08-31,남자 15세이하부,개인전,토너먼트,준준준결승경기８,김서준,,,전서율,201905001623,,0,0,A
제17회 하계 전국 중.고 스쿼시 선수권대회,202411237,2024-08-31,남자 15세이하부,개인전,토너먼트,준준결승경기１,이동화,202007000243,,박용호,202403089572,,3,1,A
제17회 하계 전국 중.고 스쿼시 선수권대회,202411237,2024-08-31,남자 15세이하부,개인전,토너먼트,준준결승경기２,김민재,,,류지안,202202002116,,1,3,B
제17회 하계 전국 중.고 스쿼시 선수권대회,202411237,2024-08-31,남자 15세이하부,개인전,토너먼트,준준결승경기３,김서준,,,김성주,202203007369,,3,0,A
제17회 하계 전국 중.고 스쿼시 선수권대회,202411237,2024-08-31,남자 15세이하부,개인전,토너먼트,준준결승경기４,윤태훈,202209003037,,김서준,,,3,0,A
제17회 하계 전국 중.고 스쿼시 선수권대회,202411237,2024-08-31,남자 15세이하부,개인전,토너먼트,준결승경기１,이동화,202007000243,,류지안,202202002116,,1,3,B
제17회 하계 전국 중.고 스쿼시 선수권대회,202411237,2024-08-31,남자 15세이하부,개인전,토너먼트,준결승경기２,김서준,,,윤태훈,202209003037,,3,0,A
제17회 하계 전국 중.고 스쿼시 선수권대회,202411237,2024-08-31,남자 15세이하부,개인전,토너먼트,결승,류지안,202202002116,,김서준,,,3,0,A
제17회 하계 전국 중.고 스쿼시 선수권대회,202411237,2024-08-31,여자 18세이하부,개인전,토너먼트,예선경기２,황수민,202302003492,,전현영,202201001946,,3,0,A
제17회 하계 전국 중.고 스쿼시 선수권대회,202411237,2024-08-31,여자 18세이하부,개인전,토너먼트,준준결승경기１,이기쁨,202201001493,,황수민,202302003492,,2,3,B
제17회 하계 전국 중.고 스쿼시 선수권대회,202411237,2024-08-31,여자 18세이하부,개인전,토너먼트,준준결승경기２,정수아,202307002127,,김지윤,202306009406,,3,0,A
제17회 하계 전국 중.고 스쿼시 선수권대회,202411237,2024-08-31,여자 18세이하부,개인전,토너먼트,준준결승경기３,여가을,202405003460,,김소윤,202307002569,,0,0,B
제17회 하계 전국 중.고 스쿼시 선수권대회,202411237,2024-08-31,여자 18세이하부,개인전,토너먼트,준준결승경기４,문서윤,202307002568,,김민지,202205118922,,0,3,B
제17회 하계 전국 중.고 스쿼시 선수권대회,202411237,2024-08-31,여자 18세이하부,개인전,토너먼트,준결승경기１,황수민,202302003492,,정수아,202307002127,,2,3,B
제17회 하계 전국 중.고 스쿼시 선수권대회,202411237,2024-08-31,여자 18세이하부,개인전,토너먼트,준결승경기２,김소윤,202307002569,,김민지,202205118922,,1,3,B
제17회 하계 전국 중.고 스쿼시 선수권대회,202411237,2024-08-31,여자 18세이하부,개인전,토너먼트,결승,정수아,202307002127,,김민지,202205118922,,1,3,B
제17회 하계 전국 중.고 스쿼시 선수권대회,202411237,2024-08-31,남자 18세이하부,개인전,토너먼트,예선경기２,박상현,202306009676,,우석현,202307002559,,2,3,B
제17회 하계 전국 중.고 스쿼시 선수권대회,202411237,2024-08-31,남자 18세이하부,개인전,토너먼트,예선경기６,박은찬,202206006191,,이성빈,202302013707,,0,3,B
제17회 하계 전국 중.고 스쿼시 선수권대회,202411237,2024-08-31,남자 18세이하부,개인전,토너먼트,예선경기７,나승찬,202205118675,,이건후,202103007938,,0,3,B
제17회 하계 전국 중.고 스쿼시 선수권대회,202411237,2024-08-31,남자 18세이하부,개인전,토너먼트,예선경기１０,전승민,202402006381,,이동욱,202007000237,,0,3,B
제17회 하계 전국 중.고 스쿼시 선수권대회,202411237,2024-08-31,남자 18세이하부,개인전,토너먼트,예선경기１１,안지훈,202307002572,,정찬희,202403087352,,3,0,A
제17회 하계 전국 중.고 스쿼시 선수권대회,202411237,2024-08-31,남자 18세이하부,개인전,토너먼트,예선경기１４,전윤건,202306010293,,권용하,202302018804,,0,3,B
제17회 하계 전국 중.고 스쿼시 선수권대회,202411237,2024-08-31,남자 18세이하부,개인전,토너먼트,예선경기１５,안동현,202305015908,,김동하,202207005619,,0,3,B
제17회 하계 전국 중.고 스쿼시 선수권대회,202411237,2024-08-31,남자 18세이하부,개인전,토너먼트,준준준결승경기１,고백균,202203000460,,우석현,202307002559,,3,0,A
제17회 하계 전국 중.고 스쿼시 선수권대회,202411237,2024-08-31,남자 18세이하부,개인전,토너먼트,준준준결승경기２,민휘훈,202403093347,,이성민,202107001910,,0,3,B
제17회 하계 전국 중.고 스쿼시 선수권대회,202411237,2024-08-31,남자 18세이하부,개인전,토너먼트,준준준결승경기３,이상엽,202304048505,,이성빈,202302013707,,0,3,B
제17회 하계 전국 중.고 스쿼시 선수권대회,202411237,2024-08-31,남자 18세이하부,개인전,토너먼트,준준준결승경기４,이건후,202103007938,,함동현,202307006269,,3,0,A
제17회 하계 전국 중.고 스쿼시 선수권대회,202411237,2024-08-31,남자 18세이하부,개인전,토너먼트,준준준결승경기５,이지항,202206007001,,이동욱,202007000237,,3,2,A
제17회 하계 전국 중.고 스쿼시 선수권대회,202411237,2024-08-31,남자 18세이하부,개인전,토너먼트,준준준결승경기６,안지훈,202307002572,,강세찬,202303003325,,3,0,A
제17회 하계 전국 중.고 스쿼시 선수권대회,202411237,2024-08-31,남자 18세이하부,개인전,토너먼트,준준준결승경기７,곽서준,201903006257,,권용하,202302018804,,0,3,B
제17회 하계 전국 중.고 스쿼시 선수권대회,202411237,2024-08-31,남자 18세이하부,개인전,토너먼트,준준준결승경기８,김동하,202207005619,,나동현,202301001068,,3,0,A
제17회 하계 전국 중.고 스쿼시 선수권대회,202411237,2024-08-31,남자 18세이하부,개인전,토너먼트,준준결승경기１,고백균,202203000460,,이성민,202107001910,,0,3,B
제17회 하계 전국 중.고 스쿼시 선수권대회,202411237,2024-08-31,남자 18세이하부,개인전,토너먼트,준준결승경기２,이성빈,202302013707,,이건후,202103007938,,3,1,A
제17회 하계 전국 중.고 스쿼시 선수권대회,202411237,2024-08-31,남자 18세이하부,개인전,토너먼트,준준결승경기３,이지항,202206007001,,안지훈,202307002572,,3,0,A
제17회 하계 전국 중.고 스쿼시 선수권대회,202411237,2024-08-31,남자 18세이하부,개인전,토너먼트,준준결승경기４,권용하,202302018804,,김동하,202207005619,,3,1,A
제17회 하계 전국 중.고 스쿼시 선수권대회,202411237,2024-08-31,남자 18세이하부,개인전,토너먼트,준결승경기１,이성민,202107001910,,이성빈,202302013707,,2,3,B
제17회 하계 전국 중.고 스쿼시 선수권대회,202411237,2024-08-31,남자 18세이하부,개인전,토너먼트,준결승경기２,이지항,202206007001,,권용하,202302018804,,2,3,B
제17회 하계 전국 중.고 스쿼시 선수권대회,202411237,2024-08-31,남자 18세이하부,개인전,토너먼트,결승,이성빈,202302013707,,권용하,202302018804,,1,3,B
제21회 대한체육회장배 전국 스쿼시 선수권대회,202512239,2025-03-21,여자 12세이하부,개인전,토너먼트,예선경기２,김예빈,202311001849,,정서윤,202307004948,,3,0,A
제21회 대한체육회장배 전국 스쿼시 선수권대회,202512239,2025-03-21,여자 12세이하부,개인전,토너먼트,예선경기３,김다인,202402016722,,홍지우,202307007070,,0,3,B
제21회 대한체육회장배 전국 스쿼시 선수권대회,202512239,2025-03-21,여자 12세이하부,개인전,토너먼트,예선경기４,김지은,202008003330,,박라온,202502015221,,3,0,A
제21회 대한체육회장배 전국 스쿼시 선수권대회,202512239,2025-03-21,여자 12세이하부,개인전,토너먼트,예선경기６,이채빈,202502016148,,전지아,202309001333,,0,3,B
제21회 대한체육회장배 전국 스쿼시 선수권대회,202512239,2025-03-21,여자 12세이하부,개인전,토너먼트,예선경기７,최민지,202311002499,,안서율,202403016789,,0,3,B
제21회 대한체육회장배 전국 스쿼시 선수권대회,202512239,2025-03-21,여자 12세이하부,개인전,토너먼트,준준결승경기１,전예은,202503003861,,김예빈,202311001849,,0,3,B
제21회 대한체육회장배 전국 스쿼시 선수권대회,202512239,2025-03-21,여자 12세이하부,개인전,토너먼트,준준결승경기２,홍지우,202307007070,,김지은,202008003330,,3,0,A
제21회 대한체육회장배 전국 스쿼시 선수권대회,202512239,2025-03-21,여자 12세이하부,개인전,토너먼트,준준결승경기３,최은,202304014708,,전지아,202309001333,,3,0,A
제21회 대한체육회장배 전국 스쿼시 선수권대회,202512239,2025-03-21,여자 12세이하부,개인전,토너먼트,준준결승경기４,안서율,202403016789,,구가민,202307000906,,3,0,A
제21회 대한체육회장배 전국 스쿼시 선수권대회,202512239,2025-03-21,여자 12세이하부,개인전,토너먼트,준결승경기１,김예빈,202311001849,,홍지우,202307007070,,0,3,B
제21회 대한체육회장배 전국 스쿼시 선수권대회,202512239,2025-03-21,여자 12세이하부,개인전,토너먼트,준결승경기２,최은,202304014708,,안서율,202403016789,,1,3,B
제21회 대한체육회장배 전국 스쿼시 선수권대회,202512239,2025-03-21,여자 12세이하부,개인전,토너먼트,결승,홍지우,202307007070,,안서율,202403016789,,1,3,B
제21회 대한체육회장배 전국 스쿼시 선수권대회,202512239,2025-03-21,남자 12세이하부,개인전,토너먼트,예선경기２,정지민,202411000811,,강예준,202304049424,,0,3,B
제21회 대한체육회장배 전국 스쿼시 선수권대회,202512239,2025-03-21,남자 12세이하부,개인전,토너먼트,예선경기７,최호준,202501003506,,박용성,202406003834,,0,3,B
제21회 대한체육회장배 전국 스쿼시 선수권대회,202512239,2025-03-21,남자 12세이하부,개인전,토너먼트,예선경기１０,문승재,202307003384,,최재원,202102002568,,3,0,A
제21회 대한체육회장배 전국 스쿼시 선수권대회,202512239,2025-03-21,남자 12세이하부,개인전,토너먼트,예선경기１５,김래원,202308009664,,김승원,202203009992,,3,0,A
제21회 대한체육회장배 전국 스쿼시 선수권대회,202512239,2025-03-21,남자 12세이하부,개인전,토너먼트,준준준결승경기１,김현석,202204086936,,강예준,202304049424,,1,3,B
제21회 대한체육회장배 전국 스쿼시 선수권대회,202512239,2025-03-21,남자 12세이하부,개인전,토너먼트,준준준결승경기２,강동운,202402018619,,김민준,202411001135,,3,0,A
제21회 대한체육회장배 전국 스쿼시 선수권대회,202512239,2025-03-21,남자 12세이하부,개인전,토너먼트,준준준결승경기３,이준서,202305012079,,송예준,202501003369,,3,0,A
제21회 대한체육회장배 전국 스쿼시 선수권대회,202512239,2025-03-21,남자 12세이하부,개인전,토너먼트,준준준결승경기４,박용성,202406003834,,강그루,202411001084,,2,1,A
제21회 대한체육회장배 전국 스쿼시 선수권대회,202512239,2025-03-21,남자 12세이하부,개인전,토너먼트,준준준결승경기５,박준응,202502016017,,문승재,202307003384,,0,3,B
제21회 대한체육회장배 전국 스쿼시 선수권대회,202512239,2025-03-21,남자 12세이하부,개인전,토너먼트,준준준결승경기６,김승주,202408012758,,서예준,202403017121,,2,3,B
제21회 대한체육회장배 전국 스쿼시 선수권대회,202512239,2025-03-21,남자 12세이하부,개인전,토너먼트,준준준결승경기７,김민,202403018707,,전윤우,202309001289,,3,0,A
제21회 대한체육회장배 전국 스쿼시 선수권대회,202512239,2025-03-21,남자 12세이하부,개인전,토너먼트,준준준결승경기８,김래원,202308009664,,최현욱,202103005535,,0,3,B
제21회 대한체육회장배 전국 스쿼시 선수권대회,202512239,2025-03-21,남자 12세이하부,개인전,토너먼트,준준결승경기１,강예준,202304049424,,강동운,202402018619,,3,0,A
제21회 대한체육회장배 전국 스쿼시 선수권대회,202512239,2025-03-21,남자 12세이하부,개인전,토너먼트,준준결승경기２,이준서,202305012079,,박용성,202406003834,,0,3,B
제21회 대한체육회장배 전국 스쿼시 선수권대회,202512239,2025-03-21,남자 12세이하부,개인전,토너먼트,준준결승경기３,문승재,202307003384,,서예준,202403017121,,3,0,A
제21회 대한체육회장배 전국 스쿼시 선수권대회,202512239,2025-03-21,남자 12세이하부,개인전,토너먼트,준준결승경기４,김민,202403018707,,최현욱,202103005535,,0,3,B
제21회 대한체육회장배 전국 스쿼시 선수권대회,202512239,2025-03-21,남자 12세이하부,개인전,토너먼트,준결승경기１,강예준,202304049424,,박용성,202406003834,,3,0,A
제21회 대한체육회장배 전국 스쿼시 선수권대회,202512239,2025-03-21,남자 12세이하부,개인전,토너먼트,준결승경기２,문승재,202307003384,,최현욱,202103005535,,0,3,B
제21회 대한체육회장배 전국 스쿼시 선수권대회,202512239,2025-03-21,남자 12세이하부,개인전,토너먼트,결승,강예준,202304049424,,최현욱,202103005535,,0,3,B
제21회 대한체육회장배 전국 스쿼시 선수권대회,202512239,2025-03-21,여자 15세이하부,개인전,토너먼트,예선경기２,이하율,202404007406,,정현아,202207001169,,0,3,B
제21회 대한체육회장배 전국 스쿼시 선수권대회,202512239,2025-03-21,여자 15세이하부,개인전,토너먼트,준준준결승경기１,이해인,202002004113,,정현아,202207001169,,3,0,A
제21회 대한체육회장배 전국 스쿼시 선수권대회,202512239,2025-03-21,여자 15세이하부,개인전,토너먼트,준준준결승경기２,남유비,202202004112,,정유빈,202307008532,,3,0,A
제21회 대한체육회장배 전국 스쿼시 선수권대회,202512239,2025-03-21,여자 15세이하부,개인전,토너먼트,준준준결승경기３,황보영,202303008360,,정지원,202501003289,,3,0,A
제21회 대한체육회장배 전국 스쿼시 선수권대회,202512239,2025-03-21,여자 15세이하부,개인전,토너먼트,준준준결승경기４,김아린,202303035971,,서주연,202403017297,,3,0,A
제21회 대한체육회장배 전국 스쿼시 선수권대회,202512239,2025-03-21,여자 15세이하부,개인전,토너먼트,준준준결승경기５,이재인,202305008081,,김도은,202006003279,,1,3,B
제21회 대한체육회장배 전국 스쿼시 선수권대회,202512239,2025-03-21,여자 15세이하부,개인전,토너먼트,준준준결승경기６,김주빈,202202003972,,이서우,202311002595,,0,3,B
제21회 대한체육회장배 전국 스쿼시 선수권대회,202512239,2025-03-21,여자 15세이하부,개인전,토너먼트,준준준결승경기７,원지원,202407004535,,구보민,202206006488,,0,3,B
제21회 대한체육회장배 전국 스쿼시 선수권대회,202512239,2025-03-21,여자 15세이하부,개인전,토너먼트,준준준결승경기８,박서현,202411000815,,문하람,202002004153,,0,3,B
제21회 대한체육회장배 전국 스쿼시 선수권대회,202512239,2025-03-21,여자 15세이하부,개인전,토너먼트,준준결승경기１,이해인,202002004113,,남유비,202202004112,,3,0,A
제21회 대한체육회장배 전국 스쿼시 선수권대회,202512239,2025-03-21,여자 15세이하부,개인전,토너먼트,준준결승경기２,황보영,202303008360,,김아린,202303035971,,3,0,A
제21회 대한체육회장배 전국 스쿼시 선수권대회,202512239,2025-03-21,여자 15세이하부,개인전,토너먼트,준준결승경기３,김도은,202006003279,,이서우,202311002595,,3,0,A
제21회 대한체육회장배 전국 스쿼시 선수권대회,202512239,2025-03-21,여자 15세이하부,개인전,토너먼트,준준결승경기４,구보민,202206006488,,문하람,202002004153,,0,3,B
제21회 대한체육회장배 전국 스쿼시 선수권대회,202512239,2025-03-21,여자 15세이하부,개인전,토너먼트,준결승경기１,이해인,202002004113,,황보영,202303008360,,3,0,A
제21회 대한체육회장배 전국 스쿼시 선수권대회,202512239,2025-03-21,여자 15세이하부,개인전,토너먼트,준결승경기２,김도은,202006003279,,문하람,202002004153,,0,3,B
제21회 대한체육회장배 전국 스쿼시 선수권대회,202512239,2025-03-21,여자 15세이하부,개인전,토너먼트,결승,이해인,202002004113,,문하람,202002004153,,3,0,A
제21회 대한체육회장배 전국 스쿼시 선수권대회,202512239,2025-03-21,남자 15세이하부,개인전,토너먼트,예선경기２,김성주,202203007369,,최원준,202309002019,,3,1,A
제21회 대한체육회장배 전국 스쿼시 선수권대회,202512239,2025-03-21,남자 15세이하부,개인전,토너먼트,예선경기６,박지성,202411000713,,윤지후,202406007498,,3,0,A
제21회 대한체육회장배 전국 스쿼시 선수권대회,202512239,2025-03-21,남자 15세이하부,개인전,토너먼트,예선경기７,이석현,202302017098,,장승보,202303008035,,0,3,B
제21회 대한체육회장배 전국 스쿼시 선수권대회,202512239,2025-03-21,남자 15세이하부,개인전,토너먼트,예선경기１０,박용호,202403089572,,윤태훈,202209003037,,2,3,B
제21회 대한체육회장배 전국 스쿼시 선수권대회,202512239,2025-03-21,남자 15세이하부,개인전,토너먼트,예선경기１１,김지완,202407009605,,최윤호,202311001127,,0,3,B
제21회 대한체육회장배 전국 스쿼시 선수권대회,202512239,2025-03-21,남자 15세이하부,개인전,토너먼트,예선경기１５,나우영,201902002440,,강연우,202302018875,,3,1,A
제21회 대한체육회장배 전국 스쿼시 선수권대회,202512239,2025-03-21,남자 15세이하부,개인전,토너먼트,준준준결승경기１,윤종현,202204001156,,김성주,202203007369,,3,0,A
제21회 대한체육회장배 전국 스쿼시 선수권대회,202512239,2025-03-21,남자 15세이하부,개인전,토너먼트,준준준결승경기２,김민재,202303000324,,최규현,202006002884,,3,0,A
제21회 대한체육회장배 전국 스쿼시 선수권대회,202512239,2025-03-21,남자 15세이하부,개인전,토너먼트,준준준결승경기３,김서준,201904001822,,박지성,202411000713,,3,0,A
제21회 대한체육회장배 전국 스쿼시 선수권대회,202512239,2025-03-21,남자 15세이하부,개인전,토너먼트,준준준결승경기４,장승보,202303008035,,이상경,202206010078,,3,2,A
제21회 대한체육회장배 전국 스쿼시 선수권대회,202512239,2025-03-21,남자 15세이하부,개인전,토너먼트,준준준결승경기５,김민기,202006003212,,윤태훈,202209003037,,3,1,A
제21회 대한체육회장배 전국 스쿼시 선수권대회,202512239,2025-03-21,남자 15세이하부,개인전,토너먼트,준준준결승경기６,최윤호,202311001127,,구건휘,202206008055,,3,0,A
제21회 대한체육회장배 전국 스쿼시 선수권대회,202512239,2025-03-21,남자 15세이하부,개인전,토너먼트,준준준결승경기７,김준수,202305008331,,어준서,202411001569,,3,0,A
제21회 대한체육회장배 전국 스쿼시 선수권대회,202512239,2025-03-21,남자 15세이하부,개인전,토너먼트,준준준결승경기８,나우영,201902002440,,류지안,202202002116,,1,3,B
제21회 대한체육회장배 전국 스쿼시 선수권대회,202512239,2025-03-21,남자 15세이하부,개인전,토너먼트,준준결승경기１,윤종현,202204001156,,김민재,202303000324,,3,0,A
제21회 대한체육회장배 전국 스쿼시 선수권대회,202512239,2025-03-21,남자 15세이하부,개인전,토너먼트,준준결승경기２,김서준,201904001822,,장승보,202303008035,,3,0,A
제21회 대한체육회장배 전국 스쿼시 선수권대회,202512239,2025-03-21,남자 15세이하부,개인전,토너먼트,준준결승경기３,김민기,202006003212,,최윤호,202311001127,,3,2,A
제21회 대한체육회장배 전국 스쿼시 선수권대회,202512239,2025-03-21,남자 15세이하부,개인전,토너먼트,준준결승경기４,김준수,202305008331,,류지안,202202002116,,0,3,B
제21회 대한체육회장배 전국 스쿼시 선수권대회,202512239,2025-03-21,남자 15세이하부,개인전,토너먼트,준결승경기１,윤종현,202204001156,,김서준,201904001822,,3,2,A
제21회 대한체육회장배 전국 스쿼시 선수권대회,202512239,2025-03-21,남자 15세이하부,개인전,토너먼트,준결승경기２,김민기,202006003212,,류지안,202202002116,,0,3,B
제21회 대한체육회장배 전국 스쿼시 선수권대회,202512239,2025-03-21,남자 15세이하부,개인전,토너먼트,결승,윤종현,202204001156,,류지안,202202002116,,2,3,B
제21회 대한체육회장배 전국 스쿼시 선수권대회,202512239,2025-03-21,여자 18세이하부,개인전,토너먼트,예선경기２,차영은,202407004965,,추예담,202404016633,,0,3,B
제21회 대한체육회장배 전국 스쿼시 선수권대회,202512239,2025-03-21,여자 18세이하부,개인전,토너먼트,예선경기３,정단아,202207001150,,강연아,202302018871,,3,0,A
제21회 대한체육회장배 전국 스쿼시 선수권대회,202512239,2025-03-21,여자 18세이하부,개인전,토너먼트,예선경기６,장아영,202407007743,,김소윤,202307002569,,0,3,B
제21회 대한체육회장배 전국 스쿼시 선수권대회,202512239,2025-03-21,여자 18세이하부,개인전,토너먼트,예선경기７,박소영,202407006704,,전채우,202404003581,,0,3,B
제21회 대한체육회장배 전국 스쿼시 선수권대회,202512239,2025-03-21,여자 18세이하부,개인전,토너먼트,예선경기１０,박예원,202303026617,,문서윤,202307002568,,1,3,B
제21회 대한체육회장배 전국 스쿼시 선수권대회,202512239,2025-03-21,여자 18세이하부,개인전,토너먼트,예선경기１１,김유빈,202302015267,,김태영,202406003305,,3,0,A
제21회 대한체육회장배 전국 스쿼시 선수권대회,202512239,2025-03-21,여자 18세이하부,개인전,토너먼트,예선경기１４,박솔민,202002002489,,이현진,202403000783,,3,0,A
제21회 대한체육회장배 전국 스쿼시 선수권대회,202512239,2025-03-21,여자 18세이하부,개인전,토너먼트,예선경기１５,임수아,202302017165,,나현아,202406007100,,3,0,A
제21회 대한체육회장배 전국 스쿼시 선수권대회,202512239,2025-03-21,여자 18세이하부,개인전,토너먼트,준준준결승경기１,서예은,202206004756,,추예담,202404016633,,3,0,A
제21회 대한체육회장배 전국 스쿼시 선수권대회,202512239,2025-03-21,여자 18세이하부,개인전,토너먼트,준준준결승경기２,정단아,202207001150,,정수아,202307002127,,3,0,A
제21회 대한체육회장배 전국 스쿼시 선수권대회,202512239,2025-03-21,여자 18세이하부,개인전,토너먼트,준준준결승경기３,김예은,202008003322,,김소윤,202307002569,,0,3,B
제21회 대한체육회장배 전국 스쿼시 선수권대회,202512239,2025-03-21,여자 18세이하부,개인전,토너먼트,준준준결승경기４,전채우,202404003581,,김태연,201605003414,,0,3,B
제21회 대한체육회장배 전국 스쿼시 선수권대회,202512239,2025-03-21,여자 18세이하부,개인전,토너먼트,준준준결승경기５,김지윤,202306009406,,문서윤,202307002568,,0,3,B
제21회 대한체육회장배 전국 스쿼시 선수권대회,202512239,2025-03-21,여자 18세이하부,개인전,토너먼트,준준준결승경기６,김유빈,202302015267,,라우림,202202004038,,3,0,A
제21회 대한체육회장배 전국 스쿼시 선수권대회,202512239,2025-03-21,여자 18세이하부,개인전,토너먼트,준준준결승경기７,정예인,202502013527,,박솔민,202002002489,,0,3,B
제21회 대한체육회장배 전국 스쿼시 선수권대회,202512239,2025-03-21,여자 18세이하부,개인전,토너먼트,준준준결승경기８,임수아,202302017165,,이수현,202302014612,,0,3,B
제21회 대한체육회장배 전국 스쿼시 선수권대회,202512239,2025-03-21,여자 18세이하부,개인전,토너먼트,준준결승경기１,서예은,202206004756,,정단아,202207001150,,3,0,A
제21회 대한체육회장배 전국 스쿼시 선수권대회,202512239,2025-03-21,여자 18세이하부,개인전,토너먼트,준준결승경기２,김소윤,202307002569,,김태연,201605003414,,0,3,B
제21회 대한체육회장배 전국 스쿼시 선수권대회,202512239,2025-03-21,여자 18세이하부,개인전,토너먼트,준준결승경기３,문서윤,202307002568,,김유빈,202302015267,,0,3,B
제21회 대한체육회장배 전국 스쿼시 선수권대회,202512239,2025-03-21,여자 18세이하부,개인전,토너먼트,준준결승경기４,박솔민,202002002489,,이수현,202302014612,,3,0,A
제21회 대한체육회장배 전국 스쿼시 선수권대회,202512239,2025-03-21,여자 18세이하부,개인전,토너먼트,준결승경기１,서예은,202206004756,,김태연,201605003414,,3,1,A
제21회 대한체육회장배 전국 스쿼시 선수권대회,202512239,2025-03-21,여자 18세이하부,개인전,토너먼트,준결승경기２,김유빈,202302015267,,박솔민,202002002489,,0,3,B
제21회 대한체육회장배 전국 스쿼시 선수권대회,202512239,2025-03-21,여자 18세이하부,개인전,토너먼트,결승,서예은,202206004756,,박솔민,202002002489,,0,3,B
제21회 대한체육회장배 전국 스쿼시 선수권대회,202512239,2025-03-21,여자 18세이하부,단체전,토너먼트,예선경기１,대광고등학교,,,충북상업정보고등학교,,,0,2,B
제21회 대한체육회장배 전국 스쿼시 선수권대회,202512239,2025-03-21,여자 18세이하부,단체전,토너먼트,예선경기２,인천광역시스쿼시연맹,,,경상남도스쿼시연맹,,,2,0,A
제21회 대한체육회장배 전국 스쿼시 선수권대회,202512239,2025-03-21,여자 18세이하부,단체전,토너먼트,결승,충북상업정보고등학교,,,인천광역시스쿼시연맹,,,0,2,B
제21회 대한체육회장배 전국 스쿼시 선수권대회,202512239,2025-03-21,여자 18세이하부,복식,토너먼트,예선경기１,"추예담, 박소영",,,"김지윤, 차영은",,,0,2,B
제21회 대한체육회장배 전국 스쿼시 선수권대회,202512239,2025-03-21,여자 18세이하부,복식,토너먼트,예선경기２,"임수아, 강연아",,,"박솔민, 김태영",,,2,0,A
제21회 대한체육회장배 전국 스쿼시 선수권대회,202512239,2025-03-21,여자 18세이하부,복식,토너먼트,결승,"김지윤, 차영은",,,"임수아, 강연아",,,0,2,B
제21회 대한체육회장배 전국 스쿼시 선수권대회,202512239,2025-03-21,남자 18세이하부,개인전,토너먼트,예선경기２,김건우,202409001518,,안동현,202305015908,,0,3,B
제21회 대한체육회장배 전국 스쿼시 선수권대회,202512239,2025-03-21,남자 18세이하부,개인전,토너먼트,예선경기６,박은찬,202206006191,,함동현,202307006269,,0,3,B
제21회 대한체육회장배 전국 스쿼시 선수권대회,202512239,2025-03-21,남자 18세이하부,개인전,토너먼트,예선경기７,민휘훈,202403093347,,이동화,202007000243,,0,3,B
제21회 대한체육회장배 전국 스쿼시 선수권대회,202512239,2025-03-21,남자 18세이하부,개인전,토너먼트,예선경기１０,신승원,202402018673,,이용욱,201902003971,,0,3,B
제21회 대한체육회장배 전국 스쿼시 선수권대회,202512239,2025-03-21,남자 18세이하부,개인전,토너먼트,예선경기１１,서한규,202407006297,,윤지훈,202502013232,,3,0,A
제21회 대한체육회장배 전국 스쿼시 선수권대회,202512239,2025-03-21,남자 18세이하부,개인전,토너먼트,예선경기１４,윤하성,202502001198,,오지훈,202307006557,,0,3,B
제21회 대한체육회장배 전국 스쿼시 선수권대회,202512239,2025-03-21,남자 18세이하부,개인전,토너먼트,예선경기１５,황지호,202306012178,,전윤건,202306010293,,0,0,B
제21회 대한체육회장배 전국 스쿼시 선수권대회,202512239,2025-03-21,남자 18세이하부,개인전,토너먼트,준준준결승경기１,박민기,202006000140,,안동현,202305015908,,3,0,A
제21회 대한체육회장배 전국 스쿼시 선수권대회,202512239,2025-03-21,남자 18세이하부,개인전,토너먼트,준준준결승경기２,김재영,202006001038,,이성빈,202302013707,,0,3,B
제21회 대한체육회장배 전국 스쿼시 선수권대회,202512239,2025-03-21,남자 18세이하부,개인전,토너먼트,준준준결승경기３,현종선,202302017920,,함동현,202307006269,,0,3,B
제21회 대한체육회장배 전국 스쿼시 선수권대회,202512239,2025-03-21,남자 18세이하부,개인전,토너먼트,준준준결승경기４,이동화,202007000243,,송늘찬,202308010299,,3,0,A
제21회 대한체육회장배 전국 스쿼시 선수권대회,202512239,2025-03-21,남자 18세이하부,개인전,토너먼트,준준준결승경기５,김현,202303001958,,이용욱,201902003971,,1,3,B
제21회 대한체육회장배 전국 스쿼시 선수권대회,202512239,2025-03-21,남자 18세이하부,개인전,토너먼트,준준준결승경기６,서한규,202407006297,,김준호,202004000367,,0,3,B
제21회 대한체육회장배 전국 스쿼시 선수권대회,202512239,2025-03-21,남자 18세이하부,개인전,토너먼트,준준준결승경기７,김찬영,202203001906,,오지훈,202307006557,,3,0,A
제21회 대한체육회장배 전국 스쿼시 선수권대회,202512239,2025-03-21,남자 18세이하부,개인전,토너먼트,준준준결승경기８,전윤건,202306010293,,전서율,201905001623,,0,3,B
제21회 대한체육회장배 전국 스쿼시 선수권대회,202512239,2025-03-21,남자 18세이하부,개인전,토너먼트,준준결승경기１,박민기,202006000140,,이성빈,202302013707,,3,0,A
제21회 대한체육회장배 전국 스쿼시 선수권대회,202512239,2025-03-21,남자 18세이하부,개인전,토너먼트,준준결승경기２,함동현,202307006269,,이동화,202007000243,,0,3,B
제21회 대한체육회장배 전국 스쿼시 선수권대회,202512239,2025-03-21,남자 18세이하부,개인전,토너먼트,준준결승경기３,이용욱,201902003971,,김준호,202004000367,,3,0,A
제21회 대한체육회장배 전국 스쿼시 선수권대회,202512239,2025-03-21,남자 18세이하부,개인전,토너먼트,준준결승경기４,김찬영,202203001906,,전서율,201905001623,,3,2,A
제21회 대한체육회장배 전국 스쿼시 선수권대회,202512239,2025-03-21,남자 18세이하부,개인전,토너먼트,준결승경기１,박민기,202006000140,,이동화,202007000243,,3,0,A
제21회 대한체육회장배 전국 스쿼시 선수권대회,202512239,2025-03-21,남자 18세이하부,개인전,토너먼트,준결승경기２,이용욱,201902003971,,김찬영,202203001906,,3,0,A
제21회 대한체육회장배 전국 스쿼시 선수권대회,202512239,2025-03-21,남자 18세이하부,개인전,토너먼트,결승,박민기,202006000140,,이용욱,201902003971,,3,1,A
제21회 대한체육회장배 전국 스쿼시 선수권대회,202512239,2025-03-21,남자 18세이하부,단체전,토너먼트,예선경기１,인천 대건고등학교,,,양산제일고등학교,,,0,2,B
제21회 대한체육회장배 전국 스쿼시 선수권대회,202512239,2025-03-21,남자 18세이하부,단체전,토너먼트,예선경기２,오남고등학교,,,언양고등학교,,,0,2,B
제21회 대한체육회장배 전국 스쿼시 선수권대회,202512239,2025-03-21,남자 18세이하부,단체전,토너먼트,결승,양산제일고등학교,,,언양고등학교,,,2,0,A
제21회 대한체육회장배 전국 스쿼시 선수권대회,202512239,2025-03-21,남자 18세이하부,복식,토너먼트,예선경기３,"이용욱, 함동현",,,"민휘훈, 안동현",,,2,0,A
제21회 대한체육회장배 전국 스쿼시 선수권대회,202512239,2025-03-21,남자 18세이하부,복식,토너먼트,준결승경기１,"전윤건, 송늘찬",,,"박은찬, 서한규",,,2,0,A
제21회 대한체육회장배 전국 스쿼시 선수권대회,202512239,2025-03-21,남자 18세이하부,복식,토너먼트,준결승경기２,"이용욱, 함동현",,,"곽서준, 황승조",,,2,1,A
제21회 대한체육회장배 전국 스쿼시 선수권대회,202512239,2025-03-21,남자 18세이하부,복식,토너먼트,결승,"전윤건, 송늘찬",,,"이용욱, 함동현",,,0,2,B
제21회 대한체육회장배 전국 스쿼시 선수권대회,202512239,2025-03-21,여자 대학부,개인전,토너먼트,예선경기２,조아연,201903004040,,전현영,202201001946,,3,0,A
제21회 대한체육회장배 전국 스쿼시 선수권대회,202512239,2025-03-21,여자 대학부,개인전,토너먼트,예선경기３,김하연,201503006905,,엄준,201804000231,,3,1,A
제21회 대한체육회장배 전국 스쿼시 선수권대회,202512239,2025-03-21,여자 대학부,개인전,토너먼트,준결승경기１,노윤진,201702011015,,조아연,201903004040,,1,3,B
제21회 대한체육회장배 전국 스쿼시 선수권대회,202512239,2025-03-21,여자 대학부,개인전,토너먼트,준결승경기２,김하연,201503006905,,조예림,202006001243,,3,0,A
제21회 대한체육회장배 전국 스쿼시 선수권대회,202512239,2025-03-21,여자 대학부,개인전,토너먼트,결승,조아연,201903004040,,김하연,201503006905,,3,2,A
제21회 대한체육회장배 전국 스쿼시 선수권대회,202512239,2025-03-21,남자 대학부,개인전,토너먼트,예선경기２,구동현,201402010302,,조현준,202203001440,,3,0,A
제21회 대한체육회장배 전국 스쿼시 선수권대회,202512239,2025-03-21,남자 대학부,개인전,토너먼트,예선경기３,남기태,202103006627,,이동욱,202007000237,,0,3,B
제21회 대한체육회장배 전국 스쿼시 선수권대회,202512239,2025-03-21,남자 대학부,개인전,토너먼트,예선경기４,나동현,202301001068,,손우주,201902004585,,0,3,B
제21회 대한체육회장배 전국 스쿼시 선수권대회,202512239,2025-03-21,남자 대학부,개인전,토너먼트,예선경기５,이지석,201703004879,,정광민,202103008002,,3,0,A
제21회 대한체육회장배 전국 스쿼시 선수권대회,202512239,2025-03-21,남자 대학부,개인전,토너먼트,예선경기６,김동하,202207005619,,한혁중,202203001974,,3,0,A
제21회 대한체육회장배 전국 스쿼시 선수권대회,202512239,2025-03-21,남자 대학부,개인전,토너먼트,예선경기７,김태경,202207011111,,이지항,202206007001,,0,3,B
제21회 대한체육회장배 전국 스쿼시 선수권대회,202512239,2025-03-21,남자 대학부,개인전,토너먼트,예선경기８,이상엽,202304048505,,김준영,201707001971,,0,3,B
제21회 대한체육회장배 전국 스쿼시 선수권대회,202512239,2025-03-21,남자 대학부,개인전,토너먼트,준준결승경기１,김석진,201203009405,,구동현,201402010302,,3,0,A
제21회 대한체육회장배 전국 스쿼시 선수권대회,202512239,2025-03-21,남자 대학부,개인전,토너먼트,준준결승경기２,이동욱,202007000237,,손우주,201902004585,,0,3,B
제21회 대한체육회장배 전국 스쿼시 선수권대회,202512239,2025-03-21,남자 대학부,개인전,토너먼트,준준결승경기３,이지석,201703004879,,김동하,202207005619,,2,3,B
제21회 대한체육회장배 전국 스쿼시 선수권대회,202512239,2025-03-21,남자 대학부,개인전,토너먼트,준준결승경기４,이지항,202206007001,,김준영,201707001971,,0,3,B
제21회 대한체육회장배 전국 스쿼시 선수권대회,202512239,2025-03-21,남자 대학부,개인전,토너먼트,준결승경기１,김석진,201203009405,,손우주,201902004585,,3,0,A
제21회 대한체육회장배 전국 스쿼시 선수권대회,202512239,2025-03-21,남자 대학부,개인전,토너먼트,준결승경기２,김동하,202207005619,,김준영,201707001971,,0,3,B
제21회 대한체육회장배 전국 스쿼시 선수권대회,202512239,2025-03-21,남자 대학부,개인전,토너먼트,결승,김석진,201203009405,,김준영,201707001971,,3,0,A
제21회 대한체육회장배 전국 스쿼시 선수권대회,202512239,2025-03-21,남자 대학부,복식,리그전,1R / A조,"김준영, 손우주",,,"한혁중, 이동욱",,,2,0,A
제21회 대한체육회장배 전국 스쿼시 선수권대회,202512239,2025-03-21,남자 대학부,복식,리그전,1R / A조,"정광민, 구동현",,,"한혁중, 이동욱",,,1,2,B
제21회 대한체육회장배 전국 스쿼시 선수권대회,202512239,2025-03-21,남자 대학부,복식,리그전,1R / A조,"정광민, 구동현",,,"김준영, 손우주",,,0,2,B
제21회 대한체육회장배 전국 스쿼시 선수권대회,202512239,2025-03-21,여자 일반부,개인전,토너먼트,예선경기２,박미림,200312007885,,이승연,201405001347,,3,2,A
제21회 대한체육회장배 전국 스쿼시 선수권대회,202512239,2025-03-21,여자 일반부,개인전,토너먼트,예선경기３,장예원,201601000670,,김다미,201107004502,,0,0,B
제21회 대한체육회장배 전국 스쿼시 선수권대회,202512239,2025-03-21,여자 일반부,개인전,토너먼트,예선경기４,김민희,201402004905,,김하은,201302005893,,3,1,A
제21회 대한체육회장배 전국 스쿼시 선수권대회,202512239,2025-03-21,여자 일반부,개인전,토너먼트,예선경기５,이지현,200504008455,,서하민,201703008633,,3,1,A
제21회 대한체육회장배 전국 스쿼시 선수권대회,202512239,2025-03-21,여자 일반부,개인전,토너먼트,예선경기６,박상은,201404002146,,곽다연,201302006626,,1,3,B
제21회 대한체육회장배 전국 스쿼시 선수권대회,202512239,2025-03-21,여자 일반부,개인전,토너먼트,예선경기７,전아인,201203004577,,서효주,201402001683,,3,0,A
제21회 대한체육회장배 전국 스쿼시 선수권대회,202512239,2025-03-21,여자 일반부,개인전,토너먼트,예선경기８,이경진,981527000015,,양연수,200409006651,,0,3,B
제21회 대한체육회장배 전국 스쿼시 선수권대회,202512239,2025-03-21,여자 일반부,개인전,토너먼트,예선경기１０,배찬미,200506004011,,조강빈,201606003147,,3,1,A
제21회 대한체육회장배 전국 스쿼시 선수권대회,202512239,2025-03-21,여자 일반부,개인전,토너먼트,예선경기１１,이소진,201503029527,,안은찬,200312014298,,1,3,B
제21회 대한체육회장배 전국 스쿼시 선수권대회,202512239,2025-03-21,여자 일반부,개인전,토너먼트,예선경기１２,문혜연,201203009845,,류보람,201503023001,,0,3,B
제21회 대한체육회장배 전국 스쿼시 선수권대회,202512239,2025-03-21,여자 일반부,개인전,토너먼트,예선경기１３,최유라,200703026440,,권소원,202404019722,,3,0,A
제21회 대한체육회장배 전국 스쿼시 선수권대회,202512239,2025-03-21,여자 일반부,개인전,토너먼트,예선경기１４,최수지,200605008295,,김가람,200505000922,,0,0,B
제21회 대한체육회장배 전국 스쿼시 선수권대회,202512239,2025-03-21,여자 일반부,개인전,토너먼트,예선경기１５,이자연,202003003272,,오승희,201209002253,,0,3,B
제21회 대한체육회장배 전국 스쿼시 선수권대회,202512239,2025-03-21,여자 일반부,개인전,토너먼트,준준준결승경기１,허민경,201103015212,,박미림,200312007885,,0,0,A
제21회 대한체육회장배 전국 스쿼시 선수권대회,202512239,2025-03-21,여자 일반부,개인전,토너먼트,준준준결승경기２,김다미,201107004502,,김민희,201402004905,,3,0,A
제21회 대한체육회장배 전국 스쿼시 선수권대회,202512239,2025-03-21,여자 일반부,개인전,토너먼트,준준준결승경기３,이지현,200504008455,,곽다연,201302006626,,3,1,A
제21회 대한체육회장배 전국 스쿼시 선수권대회,202512239,2025-03-21,여자 일반부,개인전,토너먼트,준준준결승경기４,전아인,201203004577,,양연수,200409006651,,2,3,B
제21회 대한체육회장배 전국 스쿼시 선수권대회,202512239,2025-03-21,여자 일반부,개인전,토너먼트,준준준결승경기５,엄화영,201002007702,,배찬미,200506004011,,3,0,A
제21회 대한체육회장배 전국 스쿼시 선수권대회,202512239,2025-03-21,여자 일반부,개인전,토너먼트,준준준결승경기６,안은찬,200312014298,,류보람,201503023001,,1,3,B
제21회 대한체육회장배 전국 스쿼시 선수권대회,202512239,2025-03-21,여자 일반부,개인전,토너먼트,준준준결승경기７,최유라,200703026440,,김가람,200505000922,,3,0,A
제21회 대한체육회장배 전국 스쿼시 선수권대회,202512239,2025-03-21,여자 일반부,개인전,토너먼트,준준준결승경기８,오승희,201209002253,,송채원,200903026922,,3,2,A
제21회 대한체육회장배 전국 스쿼시 선수권대회,202512239,2025-03-21,여자 일반부,개인전,토너먼트,준준결승경기１,허민경,201103015212,,김다미,201107004502,,3,0,A
제21회 대한체육회장배 전국 스쿼시 선수권대회,202512239,2025-03-21,여자 일반부,개인전,토너먼트,준준결승경기２,이지현,200504008455,,양연수,200409006651,,3,0,A
제21회 대한체육회장배 전국 스쿼시 선수권대회,202512239,2025-03-21,여자 일반부,개인전,토너먼트,준준결승경기３,엄화영,201002007702,,류보람,201503023001,,3,0,A
제21회 대한체육회장배 전국 스쿼시 선수권대회,202512239,2025-03-21,여자 일반부,개인전,토너먼트,준준결승경기４,최유라,200703026440,,오승희,201209002253,,2,1,A
제21회 대한체육회장배 전국 스쿼시 선수권대회,202512239,2025-03-21,여자 일반부,개인전,토너먼트,준결승경기１,허민경,201103015212,,이지현,200504008455,,0,3,B
제21회 대한체육회장배 전국 스쿼시 선수권대회,202512239,2025-03-21,여자 일반부,개인전,토너먼트,준결승경기２,엄화영,201002007702,,최유라,200703026440,,1,3,B
제21회 대한체육회장배 전국 스쿼시 선수권대회,202512239,2025-03-21,여자 일반부,개인전,토너먼트,결승,이지현,200504008455,,최유라,200703026440,,0,3,B
제21회 대한체육회장배 전국 스쿼시 선수권대회,202512239,2025-03-21,남자 일반부,개인전,토너먼트,예선경기２,문석호,201402009240,,김현인,201602013447,,3,0,A
제21회 대한체육회장배 전국 스쿼시 선수권대회,202512239,2025-03-21,남자 일반부,개인전,토너먼트,예선경기１５,천승환,202107003356,,박성찬,201006002472,,0,3,B
제21회 대한체육회장배 전국 스쿼시 선수권대회,202512239,2025-03-21,남자 일반부,개인전,토너먼트,예선경기１８,원준호,982327000007,,한승철,201501001406,,1,3,B
제21회 대한체육회장배 전국 스쿼시 선수권대회,202512239,2025-03-21,남자 일반부,개인전,토너먼트,예선경기 31,서무진,201505003630,,심규영,201504001319,,0,3,B
제21회 대한체육회장배 전국 스쿼시 선수권대회,202512239,2025-03-21,남자 일반부,개인전,토너먼트,준준준준결승 1,이민우,201407000924,,문석호,201402009240,,3,0,A
제21회 대한체육회장배 전국 스쿼시 선수권대회,202512239,2025-03-21,남자 일반부,개인전,토너먼트,준준준준결승 2,우창욱,200505000725,,김재훈,982127000062,,3,0,A
제21회 대한체육회장배 전국 스쿼시 선수권대회,202512239,2025-03-21,남자 일반부,개인전,토너먼트,준준준준결승 3,유덕재,201104000837,,유승용,200907002704,,3,0,A
제21회 대한체육회장배 전국 스쿼시 선수권대회,202512239,2025-03-21,남자 일반부,개인전,토너먼트,준준준준결승 4,김승현,201403012359,,이동민,201302010757,,0,3,B
제21회 대한체육회장배 전국 스쿼시 선수권대회,202512239,2025-03-21,남자 일반부,개인전,토너먼트,준준준준결승 5,김건,201503006845,,이현욱,201203014577,,0,0,B
제21회 대한체육회장배 전국 스쿼시 선수권대회,202512239,2025-03-21,남자 일반부,개인전,토너먼트,준준준준결승 6,류정욱,201603018160,,박정식,201103008064,,3,2,A
제21회 대한체육회장배 전국 스쿼시 선수권대회,202512239,2025-03-21,남자 일반부,개인전,토너먼트,준준준준결승 7,김태현,201302005947,,유재진,200504008874,,1,3,B
제21회 대한체육회장배 전국 스쿼시 선수권대회,202512239,2025-03-21,남자 일반부,개인전,토너먼트,준준준준결승 8,박성찬,201006002472,,강현범,201302006321,,2,3,B
제21회 대한체육회장배 전국 스쿼시 선수권대회,202512239,2025-03-21,남자 일반부,개인전,토너먼트,준준준준결승 9,박종명,200803023360,,한승철,201501001406,,3,2,A
제21회 대한체육회장배 전국 스쿼시 선수권대회,202512239,2025-03-21,남자 일반부,개인전,토너먼트,준준준준결승 10,류정민,201505003438,,이건동,200312007919,,0,0,A
제21회 대한체육회장배 전국 스쿼시 선수권대회,202512239,2025-03-21,남자 일반부,개인전,토너먼트,준준준준결승 11,박승민,201702006829,,유호제,201405000567,,3,0,A
제21회 대한체육회장배 전국 스쿼시 선수권대회,202512239,2025-03-21,남자 일반부,개인전,토너먼트,준준준준결승 12,임재현,201402001427,,이승택,200505000724,,0,3,B
제21회 대한체육회장배 전국 스쿼시 선수권대회,202512239,2025-03-21,남자 일반부,개인전,토너먼트,준준준준결승 13,강우석,201302005902,,지동현,201507002321,,1,3,B
제21회 대한체육회장배 전국 스쿼시 선수권대회,202512239,2025-03-21,남자 일반부,개인전,토너먼트,준준준준결승 14,나주영,201602006877,,오성학,201103013572,,3,0,A
제21회 대한체육회장배 전국 스쿼시 선수권대회,202512239,2025-03-21,남자 일반부,개인전,토너먼트,준준준준결승 15,김창하,201602010896,,오서진,201605004663,,0,3,B
제21회 대한체육회장배 전국 스쿼시 선수권대회,202512239,2025-03-21,남자 일반부,개인전,토너먼트,준준준준결승 16,심규영,201504001319,,이동준,201302010744,,0,3,B
제21회 대한체육회장배 전국 스쿼시 선수권대회,202512239,2025-03-21,남자 일반부,개인전,토너먼트,준준준결승경기１,이민우,201407000924,,우창욱,200505000725,,3,0,A
제21회 대한체육회장배 전국 스쿼시 선수권대회,202512239,2025-03-21,남자 일반부,개인전,토너먼트,준준준결승경기２,유덕재,201104000837,,이동민,201302010757,,1,3,B
제21회 대한체육회장배 전국 스쿼시 선수권대회,202512239,2025-03-21,남자 일반부,개인전,토너먼트,준준준결승경기３,이현욱,201203014577,,류정욱,201603018160,,0,3,B
제21회 대한체육회장배 전국 스쿼시 선수권대회,202512239,2025-03-21,남자 일반부,개인전,토너먼트,준준준결승경기４,유재진,200504008874,,강현범,201302006321,,3,2,A
제21회 대한체육회장배 전국 스쿼시 선수권대회,202512239,2025-03-21,남자 일반부,개인전,토너먼트,준준준결승경기５,박종명,200803023360,,류정민,201505003438,,3,1,A
제21회 대한체육회장배 전국 스쿼시 선수권대회,202512239,2025-03-21,남자 일반부,개인전,토너먼트,준준준결승경기６,박승민,201702006829,,이승택,200505000724,,3,0,A
제21회 대한체육회장배 전국 스쿼시 선수권대회,202512239,2025-03-21,남자 일반부,개인전,토너먼트,준준준결승경기７,지동현,201507002321,,나주영,201602006877,,0,3,B
제21회 대한체육회장배 전국 스쿼시 선수권대회,202512239,2025-03-21,남자 일반부,개인전,토너먼트,준준준결승경기８,오서진,201605004663,,이동준,201302010744,,1,3,B
제21회 대한체육회장배 전국 스쿼시 선수권대회,202512239,2025-03-21,남자 일반부,개인전,토너먼트,준준결승경기１,이민우,201407000924,,이동민,201302010757,,3,2,A
제21회 대한체육회장배 전국 스쿼시 선수권대회,202512239,2025-03-21,남자 일반부,개인전,토너먼트,준준결승경기２,류정욱,201603018160,,유재진,200504008874,,3,1,A
제21회 대한체육회장배 전국 스쿼시 선수권대회,202512239,2025-03-21,남자 일반부,개인전,토너먼트,준준결승경기３,박종명,200803023360,,박승민,201702006829,,3,1,A
제21회 대한체육회장배 전국 스쿼시 선수권대회,202512239,2025-03-21,남자 일반부,개인전,토너먼트,준준결승경기４,나주영,201602006877,,이동준,201302010744,,3,1,A
제21회 대한체육회장배 전국 스쿼시 선수권대회,202512239,2025-03-21,남자 일반부,개인전,토너먼트,준결승경기１,이민우,201407000924,,류정욱,201603018160,,3,0,A
제21회 대한체육회장배 전국 스쿼시 선수권대회,202512239,2025-03-21,남자 일반부,개인전,토너먼트,준결승경기２,박종명,200803023360,,나주영,201602006877,,0,3,B
제21회 대한체육회장배 전국 스쿼시 선수권대회,202512239,2025-03-21,남자 일반부,개인전,토너먼트,결승,이민우,201407000924,,나주영,201602006877,,2,3,B
제5회 태산배 전국 스쿼시 선수권대회,202512297,2025-04-03,여자 12세이하부,개인전,토너먼트,예선경기２,이채빈,202502016148,,정서윤,202307004948,,0,0,B
제5회 태산배 전국 스쿼시 선수권대회,202512297,2025-04-03,여자 12세이하부,개인전,토너먼트,예선경기７,홍지우,202307007070,,최민지,202311002499,,3,0,A
제5회 태산배 전국 스쿼시 선수권대회,202512297,2025-04-03,여자 12세이하부,개인전,토너먼트,준준결승경기１,김지은,202008003330,,정서윤,202307004948,,3,1,A
제5회 태산배 전국 스쿼시 선수권대회,202512297,2025-04-03,여자 12세이하부,개인전,토너먼트,준준결승경기２,김예빈,202311001849,,최은,202304014708,,0,3,B
제5회 태산배 전국 스쿼시 선수권대회,202512297,2025-04-03,여자 12세이하부,개인전,토너먼트,준준결승경기３,전지아,202309001333,,박라온,202502015221,,3,0,A
제5회 태산배 전국 스쿼시 선수권대회,202512297,2025-04-03,여자 12세이하부,개인전,토너먼트,준준결승경기４,홍지우,202307007070,,안서율,202403016789,,3,2,A
제5회 태산배 전국 스쿼시 선수권대회,202512297,2025-04-03,여자 12세이하부,개인전,토너먼트,준결승경기１,김지은,202008003330,,최은,202304014708,,0,3,B
제5회 태산배 전국 스쿼시 선수권대회,202512297,2025-04-03,여자 12세이하부,개인전,토너먼트,준결승경기２,전지아,202309001333,,홍지우,202307007070,,0,3,B
제5회 태산배 전국 스쿼시 선수권대회,202512297,2025-04-03,여자 12세이하부,개인전,토너먼트,결승,최은,202304014708,,홍지우,202307007070,,3,0,A
제5회 태산배 전국 스쿼시 선수권대회,202512297,2025-04-03,남자 12세이하부,개인전,토너먼트,예선경기２,박준응,202502016017,,최현욱,202103005535,,0,3,B
제5회 태산배 전국 스쿼시 선수권대회,202512297,2025-04-03,남자 12세이하부,개인전,토너먼트,예선경기６,전윤우,202309001289,,김민준,202411001135,,3,0,A
제5회 태산배 전국 스쿼시 선수권대회,202512297,2025-04-03,남자 12세이하부,개인전,토너먼트,예선경기７,서예준,202403017121,,강예준,202304049424,,0,3,B
제5회 태산배 전국 스쿼시 선수권대회,202512297,2025-04-03,남자 12세이하부,개인전,토너먼트,준준결승경기１,최재원,202102002568,,최현욱,202103005535,,0,3,B
제5회 태산배 전국 스쿼시 선수권대회,202512297,2025-04-03,남자 12세이하부,개인전,토너먼트,준준결승경기２,김래원,202308009664,,문승재,202307003384,,0,3,B
제5회 태산배 전국 스쿼시 선수권대회,202512297,2025-04-03,남자 12세이하부,개인전,토너먼트,준준결승경기３,김현석,202204086936,,전윤우,202309001289,,3,0,A
제5회 태산배 전국 스쿼시 선수권대회,202512297,2025-04-03,남자 12세이하부,개인전,토너먼트,준준결승경기４,강예준,202304049424,,강그루,202411001084,,3,0,A
제5회 태산배 전국 스쿼시 선수권대회,202512297,2025-04-03,남자 12세이하부,개인전,토너먼트,준결승경기１,최현욱,202103005535,,문승재,202307003384,,3,0,A
제5회 태산배 전국 스쿼시 선수권대회,202512297,2025-04-03,남자 12세이하부,개인전,토너먼트,준결승경기２,김현석,202204086936,,강예준,202304049424,,3,2,A
제5회 태산배 전국 스쿼시 선수권대회,202512297,2025-04-03,남자 12세이하부,개인전,토너먼트,결승,최현욱,202103005535,,김현석,202204086936,,3,1,A
제5회 태산배 전국 스쿼시 선수권대회,202512297,2025-04-03,여자 15세이하부,개인전,토너먼트,예선경기２,정현아,202207001169,,김주빈,202202003972,,3,0,A
제5회 태산배 전국 스쿼시 선수권대회,202512297,2025-04-03,여자 15세이하부,개인전,토너먼트,예선경기３,정유빈,202307008532,,서주연,202403017297,,3,0,A
제5회 태산배 전국 스쿼시 선수권대회,202512297,2025-04-03,여자 15세이하부,개인전,토너먼트,예선경기４,이재인,202305008081,,황보영,202303008360,,3,0,A
제5회 태산배 전국 스쿼시 선수권대회,202512297,2025-04-03,여자 15세이하부,개인전,토너먼트,예선경기５,김도은,202006003279,,박서현,202411000815,,3,0,A
제5회 태산배 전국 스쿼시 선수권대회,202512297,2025-04-03,여자 15세이하부,개인전,토너먼트,예선경기６,김아린,202303035971,,이하율,202404007406,,0,0,A
제5회 태산배 전국 스쿼시 선수권대회,202512297,2025-04-03,여자 15세이하부,개인전,토너먼트,예선경기７,남유비,202202004112,,이서우,202311002595,,2,3,B
제5회 태산배 전국 스쿼시 선수권대회,202512297,2025-04-03,여자 15세이하부,개인전,토너먼트,준준결승경기１,이해인,202002004113,,정현아,202207001169,,3,0,A
제5회 태산배 전국 스쿼시 선수권대회,202512297,2025-04-03,여자 15세이하부,개인전,토너먼트,준준결승경기２,정유빈,202307008532,,이재인,202305008081,,0,3,B
제5회 태산배 전국 스쿼시 선수권대회,202512297,2025-04-03,여자 15세이하부,개인전,토너먼트,준준결승경기３,김도은,202006003279,,김아린,202303035971,,3,0,A
제5회 태산배 전국 스쿼시 선수권대회,202512297,2025-04-03,여자 15세이하부,개인전,토너먼트,준준결승경기４,이서우,202311002595,,문하람,202002004153,,0,3,B
제5회 태산배 전국 스쿼시 선수권대회,202512297,2025-04-03,여자 15세이하부,개인전,토너먼트,준결승경기１,이해인,202002004113,,이재인,202305008081,,3,0,A
제5회 태산배 전국 스쿼시 선수권대회,202512297,2025-04-03,여자 15세이하부,개인전,토너먼트,준결승경기２,김도은,202006003279,,문하람,202002004153,,0,3,B
제5회 태산배 전국 스쿼시 선수권대회,202512297,2025-04-03,여자 15세이하부,개인전,토너먼트,결승,이해인,202002004113,,문하람,202002004153,,2,3,B
제5회 태산배 전국 스쿼시 선수권대회,202512297,2025-04-03,남자 15세이하부,개인전,토너먼트,예선경기２,어준서,202411001569,,최규현,202006002884,,0,3,B
제5회 태산배 전국 스쿼시 선수권대회,202512297,2025-04-03,남자 15세이하부,개인전,토너먼트,예선경기６,윤태훈,202209003037,,김지완,202407009605,,3,1,A
제5회 태산배 전국 스쿼시 선수권대회,202512297,2025-04-03,남자 15세이하부,개인전,토너먼트,예선경기７,김민재,,,윤지후,202406007498,,3,0,A
제5회 태산배 전국 스쿼시 선수권대회,202512297,2025-04-03,남자 15세이하부,개인전,토너먼트,예선경기１０,김준수,202305008331,,류지안,202202002116,,0,3,B
제5회 태산배 전국 스쿼시 선수권대회,202512297,2025-04-03,남자 15세이하부,개인전,토너먼트,예선경기１１,김서준,201904001822,,조은호,202502000939,,3,0,A
제5회 태산배 전국 스쿼시 선수권대회,202512297,2025-04-03,남자 15세이하부,개인전,토너먼트,예선경기１５,강연우,202302018875,,최원준,202309002019,,3,0,A
제5회 태산배 전국 스쿼시 선수권대회,202512297,2025-04-03,남자 15세이하부,개인전,토너먼트,준준준결승경기１,윤종현,202204001156,,최규현,202006002884,,3,0,A
제5회 태산배 전국 스쿼시 선수권대회,202512297,2025-04-03,남자 15세이하부,개인전,토너먼트,준준준결승경기２,이석현,202302017098,,나우영,201902002440,,1,3,B
제5회 태산배 전국 스쿼시 선수권대회,202512297,2025-04-03,남자 15세이하부,개인전,토너먼트,준준준결승경기３,이상경,202206010078,,윤태훈,202209003037,,1,3,B
제5회 태산배 전국 스쿼시 선수권대회,202512297,2025-04-03,남자 15세이하부,개인전,토너먼트,준준준결승경기４,김민재,,,김민재,,,0,3,B
제5회 태산배 전국 스쿼시 선수권대회,202512297,2025-04-03,남자 15세이하부,개인전,토너먼트,준준준결승경기５,최윤호,202311001127,,류지안,202202002116,,0,3,B
제5회 태산배 전국 스쿼시 선수권대회,202512297,2025-04-03,남자 15세이하부,개인전,토너먼트,준준준결승경기６,김서준,201904001822,,김성주,202203007369,,3,0,A
제5회 태산배 전국 스쿼시 선수권대회,202512297,2025-04-03,남자 15세이하부,개인전,토너먼트,준준준결승경기７,장승보,202303008035,,김민기,202006003212,,3,1,A
제5회 태산배 전국 스쿼시 선수권대회,202512297,2025-04-03,남자 15세이하부,개인전,토너먼트,준준준결승경기８,강연우,202302018875,,남우진,202308012404,,0,0,A
제5회 태산배 전국 스쿼시 선수권대회,202512297,2025-04-03,남자 15세이하부,개인전,토너먼트,준준결승경기１,윤종현,202204001156,,나우영,201902002440,,3,0,A
제5회 태산배 전국 스쿼시 선수권대회,202512297,2025-04-03,남자 15세이하부,개인전,토너먼트,준준결승경기２,윤태훈,202209003037,,김민재,,,3,2,A
제5회 태산배 전국 스쿼시 선수권대회,202512297,2025-04-03,남자 15세이하부,개인전,토너먼트,준준결승경기３,류지안,202202002116,,김서준,201904001822,,0,3,B
제5회 태산배 전국 스쿼시 선수권대회,202512297,2025-04-03,남자 15세이하부,개인전,토너먼트,준준결승경기４,장승보,202303008035,,강연우,202302018875,,3,0,A
제5회 태산배 전국 스쿼시 선수권대회,202512297,2025-04-03,남자 15세이하부,개인전,토너먼트,준결승경기１,윤종현,202204001156,,윤태훈,202209003037,,3,0,A
제5회 태산배 전국 스쿼시 선수권대회,202512297,2025-04-03,남자 15세이하부,개인전,토너먼트,준결승경기２,김서준,201904001822,,장승보,202303008035,,3,1,A
제5회 태산배 전국 스쿼시 선수권대회,202512297,2025-04-03,남자 15세이하부,개인전,토너먼트,결승,윤종현,202204001156,,김서준,201904001822,,3,1,A
제5회 태산배 전국 스쿼시 선수권대회,202512297,2025-04-03,여자 18세이하부,개인전,토너먼트,예선경기２,임수아,202302017165,,정수아,202307002127,,0,3,B
제5회 태산배 전국 스쿼시 선수권대회,202512297,2025-04-03,여자 18세이하부,개인전,토너먼트,예선경기１５,김유빈,202302015267,,문서윤,202307002568,,3,0,A
제5회 태산배 전국 스쿼시 선수권대회,202512297,2025-04-03,여자 18세이하부,개인전,토너먼트,준준준결승경기１,김태연,201605003414,,정수아,202307002127,,3,0,A
제5회 태산배 전국 스쿼시 선수권대회,202512297,2025-04-03,여자 18세이하부,개인전,토너먼트,준준준결승경기２,라우림,202202004038,,이수현,202302014612,,0,3,B
제5회 태산배 전국 스쿼시 선수권대회,202512297,2025-04-03,여자 18세이하부,개인전,토너먼트,준준준결승경기３,김예은,202008003322,,나현아,202406007100,,3,1,A
제5회 태산배 전국 스쿼시 선수권대회,202512297,2025-04-03,여자 18세이하부,개인전,토너먼트,준준준결승경기４,박소영,202407006704,,서예은,202206004756,,0,3,B
제5회 태산배 전국 스쿼시 선수권대회,202512297,2025-04-03,여자 18세이하부,개인전,토너먼트,준준준결승경기５,정단아,202207001150,,김소윤,202307002569,,3,0,A
제5회 태산배 전국 스쿼시 선수권대회,202512297,2025-04-03,여자 18세이하부,개인전,토너먼트,준준준결승경기６,강연아,202302018871,,김태영,202406003305,,3,0,A
제5회 태산배 전국 스쿼시 선수권대회,202512297,2025-04-03,여자 18세이하부,개인전,토너먼트,준준준결승경기７,박예원,202303026617,,추예담,202404016633,,3,0,A
제5회 태산배 전국 스쿼시 선수권대회,202512297,2025-04-03,여자 18세이하부,개인전,토너먼트,준준준결승경기８,김유빈,202302015267,,박솔민,202002002489,,0,3,B
제5회 태산배 전국 스쿼시 선수권대회,202512297,2025-04-03,여자 18세이하부,개인전,토너먼트,준준결승경기１,김태연,201605003414,,이수현,202302014612,,3,0,A
제5회 태산배 전국 스쿼시 선수권대회,202512297,2025-04-03,여자 18세이하부,개인전,토너먼트,준준결승경기２,김예은,202008003322,,서예은,202206004756,,0,3,B
제5회 태산배 전국 스쿼시 선수권대회,202512297,2025-04-03,여자 18세이하부,개인전,토너먼트,준준결승경기３,정단아,202207001150,,강연아,202302018871,,3,1,A
제5회 태산배 전국 스쿼시 선수권대회,202512297,2025-04-03,여자 18세이하부,개인전,토너먼트,준준결승경기４,박예원,202303026617,,박솔민,202002002489,,0,3,B
제5회 태산배 전국 스쿼시 선수권대회,202512297,2025-04-03,여자 18세이하부,개인전,토너먼트,준결승경기１,김태연,201605003414,,서예은,202206004756,,0,3,B
제5회 태산배 전국 스쿼시 선수권대회,202512297,2025-04-03,여자 18세이하부,개인전,토너먼트,준결승경기２,정단아,202207001150,,박솔민,202002002489,,0,3,B
제5회 태산배 전국 스쿼시 선수권대회,202512297,2025-04-03,여자 18세이하부,개인전,토너먼트,결승,서예은,202206004756,,박솔민,202002002489,,1,3,B
제5회 태산배 전국 스쿼시 선수권대회,202512297,2025-04-03,여자 18세이하부,단체전,토너먼트,예선경기２,동일미래과학고등학교,,,충북상업정보고등학교,,,1,2,B
제5회 태산배 전국 스쿼시 선수권대회,202512297,2025-04-03,여자 18세이하부,단체전,토너먼트,준결승경기１,인천광역시스쿼시연맹,,,충북상업정보고등학교,,,2,0,A
제5회 태산배 전국 스쿼시 선수권대회,202512297,2025-04-03,여자 18세이하부,단체전,토너먼트,준결승경기２,(사)천안남서울스포츠클럽,,,오남고등학교,,,0,2,B
제5회 태산배 전국 스쿼시 선수권대회,202512297,2025-04-03,여자 18세이하부,단체전,토너먼트,결승,인천광역시스쿼시연맹,,,오남고등학교,,,2,0,A
제5회 태산배 전국 스쿼시 선수권대회,202512297,2025-04-03,남자 18세이하부,개인전,토너먼트,예선경기２,현종선,202302017920,,안동현,202305015908,,0,3,B
제5회 태산배 전국 스쿼시 선수권대회,202512297,2025-04-03,남자 18세이하부,개인전,토너먼트,준준준결승경기１,김준호,202004000367,,안동현,202305015908,,3,0,A
제5회 태산배 전국 스쿼시 선수권대회,202512297,2025-04-03,남자 18세이하부,개인전,토너먼트,준준준결승경기２,오지훈,202307006557,,함동현,202307006269,,3,0,A
제5회 태산배 전국 스쿼시 선수권대회,202512297,2025-04-03,남자 18세이하부,개인전,토너먼트,준준준결승경기３,민휘훈,202403093347,,황지호,202306012178,,0,3,B
제5회 태산배 전국 스쿼시 선수권대회,202512297,2025-04-03,남자 18세이하부,개인전,토너먼트,준준준결승경기４,박은찬,202206006191,,김재영,202006001038,,3,2,A
제5회 태산배 전국 스쿼시 선수권대회,202512297,2025-04-03,남자 18세이하부,개인전,토너먼트,준준준결승경기５,김건우,202409001518,,김찬영,202203001906,,0,3,B
제5회 태산배 전국 스쿼시 선수권대회,202512297,2025-04-03,남자 18세이하부,개인전,토너먼트,준준준결승경기６,서한규,202407006297,,김현,202303001958,,0,3,B
제5회 태산배 전국 스쿼시 선수권대회,202512297,2025-04-03,남자 18세이하부,개인전,토너먼트,준준준결승경기７,박민기,202006000140,,이성빈,202302013707,,3,0,A
제5회 태산배 전국 스쿼시 선수권대회,202512297,2025-04-03,남자 18세이하부,개인전,토너먼트,준준준결승경기８,신승원,202402018673,,이용욱,201902003971,,0,3,B
제5회 태산배 전국 스쿼시 선수권대회,202512297,2025-04-03,남자 18세이하부,개인전,토너먼트,준준결승경기１,김준호,202004000367,,오지훈,202307006557,,3,0,A
제5회 태산배 전국 스쿼시 선수권대회,202512297,2025-04-03,남자 18세이하부,개인전,토너먼트,준준결승경기２,황지호,202306012178,,박은찬,202206006191,,0,3,B
제5회 태산배 전국 스쿼시 선수권대회,202512297,2025-04-03,남자 18세이하부,개인전,토너먼트,준준결승경기３,김찬영,202203001906,,김현,202303001958,,3,1,A
제5회 태산배 전국 스쿼시 선수권대회,202512297,2025-04-03,남자 18세이하부,개인전,토너먼트,준준결승경기４,박민기,202006000140,,이용욱,201902003971,,2,3,B
제5회 태산배 전국 스쿼시 선수권대회,202512297,2025-04-03,남자 18세이하부,개인전,토너먼트,준결승경기１,김준호,202004000367,,박은찬,202206006191,,3,0,A
제5회 태산배 전국 스쿼시 선수권대회,202512297,2025-04-03,남자 18세이하부,개인전,토너먼트,준결승경기２,김찬영,202203001906,,이용욱,201902003971,,3,1,A
제5회 태산배 전국 스쿼시 선수권대회,202512297,2025-04-03,남자 18세이하부,개인전,토너먼트,결승,김준호,202004000367,,김찬영,202203001906,,3,0,A
제5회 태산배 전국 스쿼시 선수권대회,202512297,2025-04-03,남자 18세이하부,단체전,토너먼트,예선경기１,언양고등학교,,,오남고등학교,,,2,0,A
제5회 태산배 전국 스쿼시 선수권대회,202512297,2025-04-03,남자 18세이하부,단체전,토너먼트,예선경기２,양산제일고등학교,,,천안월봉고등학교,,,2,0,A
제5회 태산배 전국 스쿼시 선수권대회,202512297,2025-04-03,남자 18세이하부,단체전,토너먼트,결승,언양고등학교,,,양산제일고등학교,,,0,2,B
제5회 태산배 전국 스쿼시 선수권대회,202512297,2025-04-03,남자 18세이하부,복식,토너먼트,예선경기１,"박은찬, 서한규",,,"안동현, 민휘훈",,,2,0,A
제5회 태산배 전국 스쿼시 선수권대회,202512297,2025-04-03,남자 18세이하부,복식,토너먼트,예선경기２,"오지훈, 김건우",,,"곽서준, 황승조",,,0,2,B
제5회 태산배 전국 스쿼시 선수권대회,202512297,2025-04-03,남자 18세이하부,복식,토너먼트,결승,"박은찬, 서한규",,,"곽서준, 황승조",,,1,2,B
제5회 태산배 전국 스쿼시 선수권대회,202512297,2025-04-03,여자 대학부,개인전,토너먼트,예선경기１,조아연,201903004040,,엄준,201804000231,,3,0,A
제5회 태산배 전국 스쿼시 선수권대회,202512297,2025-04-03,여자 대학부,개인전,토너먼트,예선경기２,조예림,202006001243,,김하연,201503006905,,0,3,B
제5회 태산배 전국 스쿼시 선수권대회,202512297,2025-04-03,여자 대학부,개인전,토너먼트,결승,조아연,201903004040,,김하연,201503006905,,3,0,A
제5회 태산배 전국 스쿼시 선수권대회,202512297,2025-04-03,남자 대학부,개인전,토너먼트,예선경기２,나동현,202301001068,,정광민,202103008002,,1,3,B
제5회 태산배 전국 스쿼시 선수권대회,202512297,2025-04-03,남자 대학부,개인전,토너먼트,예선경기３,구동현,201402010302,,한혁중,202203001974,,1,3,B
제5회 태산배 전국 스쿼시 선수권대회,202512297,2025-04-03,남자 대학부,개인전,토너먼트,예선경기６,이상엽,202304048505,,이지석,201703004879,,0,3,B
제5회 태산배 전국 스쿼시 선수권대회,202512297,2025-04-03,남자 대학부,개인전,토너먼트,예선경기７,이동욱,202007000237,,조현준,202203001440,,0,0,A
제5회 태산배 전국 스쿼시 선수권대회,202512297,2025-04-03,남자 대학부,개인전,토너먼트,준준결승경기１,김석진,201203009405,,정광민,202103008002,,3,0,A
제5회 태산배 전국 스쿼시 선수권대회,202512297,2025-04-03,남자 대학부,개인전,토너먼트,준준결승경기２,한혁중,202203001974,,김동하,202207005619,,0,3,B
제5회 태산배 전국 스쿼시 선수권대회,202512297,2025-04-03,남자 대학부,개인전,토너먼트,준준결승경기３,손우주,201902004585,,이지석,201703004879,,0,3,B
제5회 태산배 전국 스쿼시 선수권대회,202512297,2025-04-03,남자 대학부,개인전,토너먼트,준준결승경기４,이동욱,202007000237,,김준영,201707001971,,0,3,B
제5회 태산배 전국 스쿼시 선수권대회,202512297,2025-04-03,남자 대학부,개인전,토너먼트,준결승경기１,김석진,201203009405,,김동하,202207005619,,3,0,A
제5회 태산배 전국 스쿼시 선수권대회,202512297,2025-04-03,남자 대학부,개인전,토너먼트,준결승경기２,이지석,201703004879,,김준영,201707001971,,3,2,A
제5회 태산배 전국 스쿼시 선수권대회,202512297,2025-04-03,남자 대학부,개인전,토너먼트,결승,김석진,201203009405,,이지석,201703004879,,3,0,A
제5회 태산배 전국 스쿼시 선수권대회,202512297,2025-04-03,남자 대학부,복식,리그전,1R / A조,"한혁중, 이동욱",,,"구동현, 손우주",,,1,2,B
제5회 태산배 전국 스쿼시 선수권대회,202512297,2025-04-03,남자 대학부,복식,리그전,1R / A조,"정광민, 김준영",,,"구동현, 손우주",,,2,1,A
제5회 태산배 전국 스쿼시 선수권대회,202512297,2025-04-03,남자 대학부,복식,리그전,1R / A조,"정광민, 김준영",,,"한혁중, 이동욱",,,2,0,A
제5회 태산배 전국 스쿼시 선수권대회,202512297,2025-04-03,여자 일반부,개인전,토너먼트,예선경기２,곽다연,201302006626,,서효주,201402001683,,2,3,B
제5회 태산배 전국 스쿼시 선수권대회,202512297,2025-04-03,여자 일반부,개인전,토너먼트,예선경기３,안은찬,200312014298,,송동주,201205000983,,0,0,B
제5회 태산배 전국 스쿼시 선수권대회,202512297,2025-04-03,여자 일반부,개인전,토너먼트,예선경기４,김민희,201402004905,,전아인,201203004577,,0,0,B
제5회 태산배 전국 스쿼시 선수권대회,202512297,2025-04-03,여자 일반부,개인전,토너먼트,예선경기６,김하은,201302005893,,박다송,202204086461,,3,0,A
제5회 태산배 전국 스쿼시 선수권대회,202512297,2025-04-03,여자 일반부,개인전,토너먼트,예선경기７,이승연,201405001347,,서하민,201703008633,,3,2,A
제5회 태산배 전국 스쿼시 선수권대회,202512297,2025-04-03,여자 일반부,개인전,토너먼트,예선경기１０,김가람,200505000922,,조강빈,201606003147,,3,0,A
제5회 태산배 전국 스쿼시 선수권대회,202512297,2025-04-03,여자 일반부,개인전,토너먼트,예선경기１１,장예원,201601000670,,박미림,200312007885,,0,0,B
제5회 태산배 전국 스쿼시 선수권대회,202512297,2025-04-03,여자 일반부,개인전,토너먼트,예선경기１３,류보람,201503023001,,문혜연,201203009845,,3,0,A
제5회 태산배 전국 스쿼시 선수권대회,202512297,2025-04-03,여자 일반부,개인전,토너먼트,예선경기１４,박상은,201404002146,,배찬미,200506004011,,0,3,B
제5회 태산배 전국 스쿼시 선수권대회,202512297,2025-04-03,여자 일반부,개인전,토너먼트,예선경기１５,송채원,200903026922,,이자연,202003003272,,3,0,A
제5회 태산배 전국 스쿼시 선수권대회,202512297,2025-04-03,여자 일반부,개인전,토너먼트,준준준결승경기１,최유라,200703026440,,서효주,201402001683,,2,3,B
제5회 태산배 전국 스쿼시 선수권대회,202512297,2025-04-03,여자 일반부,개인전,토너먼트,준준준결승경기２,송동주,201205000983,,전아인,201203004577,,0,3,B
제5회 태산배 전국 스쿼시 선수권대회,202512297,2025-04-03,여자 일반부,개인전,토너먼트,준준준결승경기３,오승희,201209002253,,김하은,201302005893,,3,2,A
제5회 태산배 전국 스쿼시 선수권대회,202512297,2025-04-03,여자 일반부,개인전,토너먼트,준준준결승경기４,이승연,201405001347,,김다미,201107004502,,0,3,B
제5회 태산배 전국 스쿼시 선수권대회,202512297,2025-04-03,여자 일반부,개인전,토너먼트,준준준결승경기５,허민경,201103015212,,김가람,200505000922,,3,1,A
제5회 태산배 전국 스쿼시 선수권대회,202512297,2025-04-03,여자 일반부,개인전,토너먼트,준준준결승경기６,박미림,200312007885,,양연수,200409006651,,0,3,B
제5회 태산배 전국 스쿼시 선수권대회,202512297,2025-04-03,여자 일반부,개인전,토너먼트,준준준결승경기７,류보람,201503023001,,배찬미,200506004011,,3,1,A
제5회 태산배 전국 스쿼시 선수권대회,202512297,2025-04-03,여자 일반부,개인전,토너먼트,준준준결승경기８,송채원,200903026922,,이지현,200504008455,,0,3,B
제5회 태산배 전국 스쿼시 선수권대회,202512297,2025-04-03,여자 일반부,개인전,토너먼트,준준결승경기１,서효주,201402001683,,전아인,201203004577,,3,0,A
제5회 태산배 전국 스쿼시 선수권대회,202512297,2025-04-03,여자 일반부,개인전,토너먼트,준준결승경기２,오승희,201209002253,,김다미,201107004502,,0,3,B
제5회 태산배 전국 스쿼시 선수권대회,202512297,2025-04-03,여자 일반부,개인전,토너먼트,준준결승경기３,허민경,201103015212,,양연수,200409006651,,3,2,A
제5회 태산배 전국 스쿼시 선수권대회,202512297,2025-04-03,여자 일반부,개인전,토너먼트,준준결승경기４,류보람,201503023001,,이지현,200504008455,,0,3,B
제5회 태산배 전국 스쿼시 선수권대회,202512297,2025-04-03,여자 일반부,개인전,토너먼트,준결승경기１,서효주,201402001683,,김다미,201107004502,,3,2,A
제5회 태산배 전국 스쿼시 선수권대회,202512297,2025-04-03,여자 일반부,개인전,토너먼트,준결승경기２,허민경,201103015212,,이지현,200504008455,,3,1,A
제5회 태산배 전국 스쿼시 선수권대회,202512297,2025-04-03,여자 일반부,개인전,토너먼트,결승,서효주,201402001683,,허민경,201103015212,,0,3,B
제5회 태산배 전국 스쿼시 선수권대회,202512297,2025-04-03,남자 일반부,개인전,토너먼트,예선경기２,김현인,201602013447,,오성학,201103013572,,0,0,A
제5회 태산배 전국 스쿼시 선수권대회,202512297,2025-04-03,남자 일반부,개인전,토너먼트,예선경기３,한승철,201501001406,,서무진,201505003630,,3,0,A
제5회 태산배 전국 스쿼시 선수권대회,202512297,2025-04-03,남자 일반부,개인전,토너먼트,예선경기４,유덕재,201104000837,,오서진,201605004663,,2,3,B
제5회 태산배 전국 스쿼시 선수권대회,202512297,2025-04-03,남자 일반부,개인전,토너먼트,예선경기５,박승민,201702006829,,김진규,202302005904,,3,0,A
제5회 태산배 전국 스쿼시 선수권대회,202512297,2025-04-03,남자 일반부,개인전,토너먼트,예선경기６,김동우,201503028559,,심규영,201504001319,,0,0,B
제5회 태산배 전국 스쿼시 선수권대회,202512297,2025-04-03,남자 일반부,개인전,토너먼트,예선경기７,지동현,201507002321,,황중찬,200706002344,,3,2,A
제5회 태산배 전국 스쿼시 선수권대회,202512297,2025-04-03,남자 일반부,개인전,토너먼트,예선경기８,이현욱,201203014577,,유재진,200504008874,,0,3,B
제5회 태산배 전국 스쿼시 선수권대회,202512297,2025-04-03,남자 일반부,개인전,토너먼트,예선경기１０,박정식,201103008064,,강우석,201302005902,,1,3,B
제5회 태산배 전국 스쿼시 선수권대회,202512297,2025-04-03,남자 일반부,개인전,토너먼트,예선경기１１,임재현,201402001427,,김승현,201403012359,,2,3,B
제5회 태산배 전국 스쿼시 선수권대회,202512297,2025-04-03,남자 일반부,개인전,토너먼트,예선경기１２,박성찬,201006002472,,이동민,201302010757,,0,0,A
제5회 태산배 전국 스쿼시 선수권대회,202512297,2025-04-03,남자 일반부,개인전,토너먼트,예선경기１３,이동준,201302010744,,유호제,201405000567,,3,0,A
제5회 태산배 전국 스쿼시 선수권대회,202512297,2025-04-03,남자 일반부,개인전,토너먼트,예선경기１４,문석호,201402009240,,류정민,201505003438,,1,3,B
제5회 태산배 전국 스쿼시 선수권대회,202512297,2025-04-03,남자 일반부,개인전,토너먼트,예선경기１５,강현범,201302006321,,김태현,201302005947,,3,0,A
제5회 태산배 전국 스쿼시 선수권대회,202512297,2025-04-03,남자 일반부,개인전,토너먼트,준준준결승경기１,나주영,201602006877,,김현인,201602013447,,3,0,A
제5회 태산배 전국 스쿼시 선수권대회,202512297,2025-04-03,남자 일반부,개인전,토너먼트,준준준결승경기２,한승철,201501001406,,오서진,201605004663,,0,3,B
제5회 태산배 전국 스쿼시 선수권대회,202512297,2025-04-03,남자 일반부,개인전,토너먼트,준준준결승경기３,박승민,201702006829,,심규영,201504001319,,1,3,B
제5회 태산배 전국 스쿼시 선수권대회,202512297,2025-04-03,남자 일반부,개인전,토너먼트,준준준결승경기４,지동현,201507002321,,유재진,200504008874,,1,3,B
제5회 태산배 전국 스쿼시 선수권대회,202512297,2025-04-03,남자 일반부,개인전,토너먼트,준준준결승경기５,박종명,200803023360,,강우석,201302005902,,1,3,B
제5회 태산배 전국 스쿼시 선수권대회,202512297,2025-04-03,남자 일반부,개인전,토너먼트,준준준결승경기６,김승현,201403012359,,박성찬,201006002472,,1,3,B
제5회 태산배 전국 스쿼시 선수권대회,202512297,2025-04-03,남자 일반부,개인전,토너먼트,준준준결승경기７,이동준,201302010744,,류정민,201505003438,,2,3,B
제5회 태산배 전국 스쿼시 선수권대회,202512297,2025-04-03,남자 일반부,개인전,토너먼트,준준준결승경기８,강현범,201302006321,,류정욱,201603018160,,2,3,B
제5회 태산배 전국 스쿼시 선수권대회,202512297,2025-04-03,남자 일반부,개인전,토너먼트,준준결승경기１,나주영,201602006877,,오서진,201605004663,,2,3,B
제5회 태산배 전국 스쿼시 선수권대회,202512297,2025-04-03,남자 일반부,개인전,토너먼트,준준결승경기２,심규영,201504001319,,유재진,200504008874,,0,3,B
제5회 태산배 전국 스쿼시 선수권대회,202512297,2025-04-03,남자 일반부,개인전,토너먼트,준준결승경기３,강우석,201302005902,,박성찬,201006002472,,3,0,A
제5회 태산배 전국 스쿼시 선수권대회,202512297,2025-04-03,남자 일반부,개인전,토너먼트,준준결승경기４,류정민,201505003438,,류정욱,201603018160,,2,3,B
제5회 태산배 전국 스쿼시 선수권대회,202512297,2025-04-03,남자 일반부,개인전,토너먼트,준결승경기１,오서진,201605004663,,유재진,200504008874,,3,0,A
제5회 태산배 전국 스쿼시 선수권대회,202512297,2025-04-03,남자 일반부,개인전,토너먼트,준결승경기２,강우석,201302005902,,류정욱,201603018160,,2,3,B
제5회 태산배 전국 스쿼시 선수권대회,202512297,2025-04-03,남자 일반부,개인전,토너먼트,결승,오서진,201605004663,,류정욱,201603018160,,3,1,A
제19회 회장배(전북) 전국 스쿼시 선수권대회,202512331,2025-04-17,여자 12세이하부,개인전,토너먼트,예선경기２,최민지,202311002499,,전예은,202503003861,,3,0,A
제19회 회장배(전북) 전국 스쿼시 선수권대회,202512331,2025-04-17,여자 12세이하부,개인전,토너먼트,준준결승경기１,최은,202304014708,,최민지,202311002499,,3,0,A
제19회 회장배(전북) 전국 스쿼시 선수권대회,202512331,2025-04-17,여자 12세이하부,개인전,토너먼트,준준결승경기２,백지원,202503047683,,안서율,202403016789,,0,3,B
제19회 회장배(전북) 전국 스쿼시 선수권대회,202512331,2025-04-17,여자 12세이하부,개인전,토너먼트,준준결승경기３,김예빈,202311001849,,김지은,202008003330,,0,3,B
제19회 회장배(전북) 전국 스쿼시 선수권대회,202512331,2025-04-17,여자 12세이하부,개인전,토너먼트,준준결승경기４,홍지우,202307007070,,전지아,202309001333,,3,0,A
제19회 회장배(전북) 전국 스쿼시 선수권대회,202512331,2025-04-17,여자 12세이하부,개인전,토너먼트,준결승경기１,최은,202304014708,,안서율,202403016789,,3,2,A
제19회 회장배(전북) 전국 스쿼시 선수권대회,202512331,2025-04-17,여자 12세이하부,개인전,토너먼트,준결승경기２,김지은,202008003330,,홍지우,202307007070,,0,3,B
제19회 회장배(전북) 전국 스쿼시 선수권대회,202512331,2025-04-17,여자 12세이하부,개인전,토너먼트,결승,최은,202304014708,,홍지우,202307007070,,3,0,A
제19회 회장배(전북) 전국 스쿼시 선수권대회,202512331,2025-04-17,남자 12세이하부,개인전,토너먼트,예선경기２,전윤우,202309001289,,최호준,202501003506,,3,0,A
제19회 회장배(전북) 전국 스쿼시 선수권대회,202512331,2025-04-17,남자 12세이하부,개인전,토너먼트,예선경기６,김민,202403018707,,박용성,202406003834,,0,3,B
제19회 회장배(전북) 전국 스쿼시 선수권대회,202512331,2025-04-17,남자 12세이하부,개인전,토너먼트,예선경기７,강그루,202411001084,,이서진,202503025297,,3,0,A
제19회 회장배(전북) 전국 스쿼시 선수권대회,202512331,2025-04-17,남자 12세이하부,개인전,토너먼트,예선경기１０,서예준,202403017121,,김동인,202303011784,,3,0,A
제19회 회장배(전북) 전국 스쿼시 선수권대회,202512331,2025-04-17,남자 12세이하부,개인전,토너먼트,예선경기１５,이지혁,202503026348,,이우진,202406006318,,1,3,B
제19회 회장배(전북) 전국 스쿼시 선수권대회,202512331,2025-04-17,남자 12세이하부,개인전,토너먼트,준준준결승경기１,김현석,202204086936,,전윤우,202309001289,,3,0,A
제19회 회장배(전북) 전국 스쿼시 선수권대회,202512331,2025-04-17,남자 12세이하부,개인전,토너먼트,준준준결승경기２,이준서,202305012079,,이주현,202403006885,,3,0,A
제19회 회장배(전북) 전국 스쿼시 선수권대회,202512331,2025-04-17,남자 12세이하부,개인전,토너먼트,준준준결승경기３,송예준,202501003369,,박용성,202406003834,,0,3,B
제19회 회장배(전북) 전국 스쿼시 선수권대회,202512331,2025-04-17,남자 12세이하부,개인전,토너먼트,준준준결승경기４,강그루,202411001084,,김시우,202307007967,,3,0,A
제19회 회장배(전북) 전국 스쿼시 선수권대회,202512331,2025-04-17,남자 12세이하부,개인전,토너먼트,준준준결승경기５,문승재,202307003384,,서예준,202403017121,,0,0,B
제19회 회장배(전북) 전국 스쿼시 선수권대회,202512331,2025-04-17,남자 12세이하부,개인전,토너먼트,준준준결승경기６,최현욱,202103005535,,정지민,202411000811,,3,0,A
제19회 회장배(전북) 전국 스쿼시 선수권대회,202512331,2025-04-17,남자 12세이하부,개인전,토너먼트,준준준결승경기７,강예준,202304049424,,최재원,202102002568,,3,0,A
제19회 회장배(전북) 전국 스쿼시 선수권대회,202512331,2025-04-17,남자 12세이하부,개인전,토너먼트,준준준결승경기８,이우진,202406006318,,이치윤,202308010096,,3,1,A
제19회 회장배(전북) 전국 스쿼시 선수권대회,202512331,2025-04-17,남자 12세이하부,개인전,토너먼트,준준결승경기１,김현석,202204086936,,이준서,202305012079,,3,0,A
제19회 회장배(전북) 전국 스쿼시 선수권대회,202512331,2025-04-17,남자 12세이하부,개인전,토너먼트,준준결승경기２,박용성,202406003834,,강그루,202411001084,,3,1,A
제19회 회장배(전북) 전국 스쿼시 선수권대회,202512331,2025-04-17,남자 12세이하부,개인전,토너먼트,준준결승경기３,서예준,202403017121,,최현욱,202103005535,,0,3,B
제19회 회장배(전북) 전국 스쿼시 선수권대회,202512331,2025-04-17,남자 12세이하부,개인전,토너먼트,준준결승경기４,강예준,202304049424,,이우진,202406006318,,3,0,A
제19회 회장배(전북) 전국 스쿼시 선수권대회,202512331,2025-04-17,남자 12세이하부,개인전,토너먼트,준결승경기１,김현석,202204086936,,박용성,202406003834,,0,0,B
제19회 회장배(전북) 전국 스쿼시 선수권대회,202512331,2025-04-17,남자 12세이하부,개인전,토너먼트,준결승경기２,최현욱,202103005535,,강예준,202304049424,,3,0,A
제19회 회장배(전북) 전국 스쿼시 선수권대회,202512331,2025-04-17,남자 12세이하부,개인전,토너먼트,결승,박용성,202406003834,,최현욱,202103005535,,1,3,B
제19회 회장배(전북) 전국 스쿼시 선수권대회,202512331,2025-04-17,여자 15세이하부,개인전,토너먼트,예선경기２,서주연,202403017297,,정유빈,202307008532,,0,3,B
제19회 회장배(전북) 전국 스쿼시 선수권대회,202512331,2025-04-17,여자 15세이하부,개인전,토너먼트,준준준결승경기１,이해인,202002004113,,정유빈,202307008532,,3,0,A
제19회 회장배(전북) 전국 스쿼시 선수권대회,202512331,2025-04-17,여자 15세이하부,개인전,토너먼트,준준준결승경기２,원지원,202407004535,,김아린,202303035971,,0,3,B
제19회 회장배(전북) 전국 스쿼시 선수권대회,202512331,2025-04-17,여자 15세이하부,개인전,토너먼트,준준준결승경기３,박서현,202411000815,,김도은,202006003279,,0,3,B
제19회 회장배(전북) 전국 스쿼시 선수권대회,202512331,2025-04-17,여자 15세이하부,개인전,토너먼트,준준준결승경기４,이서우,202311002595,,정지원,202501003289,,3,0,A
제19회 회장배(전북) 전국 스쿼시 선수권대회,202512331,2025-04-17,여자 15세이하부,개인전,토너먼트,준준준결승경기５,문하람,202002004153,,전하율,202407005735,,3,0,A
제19회 회장배(전북) 전국 스쿼시 선수권대회,202512331,2025-04-17,여자 15세이하부,개인전,토너먼트,준준준결승경기６,이하율,202404007406,,이재인,202305008081,,0,3,B
제19회 회장배(전북) 전국 스쿼시 선수권대회,202512331,2025-04-17,여자 15세이하부,개인전,토너먼트,준준준결승경기７,정현아,202207001169,,구보민,202206006488,,3,2,A
제19회 회장배(전북) 전국 스쿼시 선수권대회,202512331,2025-04-17,여자 15세이하부,개인전,토너먼트,준준준결승경기８,남유비,202202004112,,황보영,202303008360,,0,3,B
제19회 회장배(전북) 전국 스쿼시 선수권대회,202512331,2025-04-17,여자 15세이하부,개인전,토너먼트,준준결승경기１,이해인,202002004113,,김아린,202303035971,,3,0,A
제19회 회장배(전북) 전국 스쿼시 선수권대회,202512331,2025-04-17,여자 15세이하부,개인전,토너먼트,준준결승경기２,김도은,202006003279,,이서우,202311002595,,3,0,A
제19회 회장배(전북) 전국 스쿼시 선수권대회,202512331,2025-04-17,여자 15세이하부,개인전,토너먼트,준준결승경기３,문하람,202002004153,,이재인,202305008081,,3,0,A
제19회 회장배(전북) 전국 스쿼시 선수권대회,202512331,2025-04-17,여자 15세이하부,개인전,토너먼트,준준결승경기４,정현아,202207001169,,황보영,202303008360,,0,3,B
제19회 회장배(전북) 전국 스쿼시 선수권대회,202512331,2025-04-17,여자 15세이하부,개인전,토너먼트,준결승경기１,이해인,202002004113,,김도은,202006003279,,3,0,A
제19회 회장배(전북) 전국 스쿼시 선수권대회,202512331,2025-04-17,여자 15세이하부,개인전,토너먼트,준결승경기２,문하람,202002004153,,황보영,202303008360,,1,3,B
제19회 회장배(전북) 전국 스쿼시 선수권대회,202512331,2025-04-17,여자 15세이하부,개인전,토너먼트,결승,이해인,202002004113,,황보영,202303008360,,3,1,A
제19회 회장배(전북) 전국 스쿼시 선수권대회,202512331,2025-04-17,남자 15세이하부,개인전,토너먼트,예선경기２,박규민,202303032776,,김준수,202305008331,,0,3,B
제19회 회장배(전북) 전국 스쿼시 선수권대회,202512331,2025-04-17,남자 15세이하부,개인전,토너먼트,예선경기３,최규현,202006002884,,강연우,202302018875,,0,0,B
제19회 회장배(전북) 전국 스쿼시 선수권대회,202512331,2025-04-17,남자 15세이하부,개인전,토너먼트,예선경기４,김민기,202006003212,,이석현,202302017098,,3,1,A
제19회 회장배(전북) 전국 스쿼시 선수권대회,202512331,2025-04-17,남자 15세이하부,개인전,토너먼트,예선경기６,구건휘,202206008055,,박용호,202403089572,,3,0,A
제19회 회장배(전북) 전국 스쿼시 선수권대회,202512331,2025-04-17,남자 15세이하부,개인전,토너먼트,예선경기７,장승보,202303008035,,어준서,202411001569,,3,0,A
제19회 회장배(전북) 전국 스쿼시 선수권대회,202512331,2025-04-17,남자 15세이하부,개인전,토너먼트,예선경기１０,윤지후,202406007498,,김서준,201904001822,,0,3,B
제19회 회장배(전북) 전국 스쿼시 선수권대회,202512331,2025-04-17,남자 15세이하부,개인전,토너먼트,예선경기１１,김지완,202407009605,,최원준,202309002019,,3,1,A
제19회 회장배(전북) 전국 스쿼시 선수권대회,202512331,2025-04-17,남자 15세이하부,개인전,토너먼트,예선경기１４,최윤호,202311001127,,이상경,202206010078,,1,3,B
제19회 회장배(전북) 전국 스쿼시 선수권대회,202512331,2025-04-17,남자 15세이하부,개인전,토너먼트,예선경기１５,박지성,202411000713,,조은호,202502000939,,0,0,A
제19회 회장배(전북) 전국 스쿼시 선수권대회,202512331,2025-04-17,남자 15세이하부,개인전,토너먼트,준준준결승경기１,류지안,202202002116,,김준수,202305008331,,3,0,A
제19회 회장배(전북) 전국 스쿼시 선수권대회,202512331,2025-04-17,남자 15세이하부,개인전,토너먼트,준준준결승경기２,강연우,202302018875,,김민기,202006003212,,0,3,B
제19회 회장배(전북) 전국 스쿼시 선수권대회,202512331,2025-04-17,남자 15세이하부,개인전,토너먼트,준준준결승경기３,김민재,,,구건휘,202206008055,,0,3,B
제19회 회장배(전북) 전국 스쿼시 선수권대회,202512331,2025-04-17,남자 15세이하부,개인전,토너먼트,준준준결승경기４,장승보,202303008035,,윤태훈,202209003037,,3,0,A
제19회 회장배(전북) 전국 스쿼시 선수권대회,202512331,2025-04-17,남자 15세이하부,개인전,토너먼트,준준준결승경기５,윤종현,202204001156,,김서준,201904001822,,3,1,A
제19회 회장배(전북) 전국 스쿼시 선수권대회,202512331,2025-04-17,남자 15세이하부,개인전,토너먼트,준준준결승경기６,김지완,202407009605,,김민재,,,0,3,B
제19회 회장배(전북) 전국 스쿼시 선수권대회,202512331,2025-04-17,남자 15세이하부,개인전,토너먼트,준준준결승경기７,나우영,201902002440,,이상경,202206010078,,2,3,B
제19회 회장배(전북) 전국 스쿼시 선수권대회,202512331,2025-04-17,남자 15세이하부,개인전,토너먼트,준준준결승경기８,박지성,202411000713,,김성주,202203007369,,0,3,B
제19회 회장배(전북) 전국 스쿼시 선수권대회,202512331,2025-04-17,남자 15세이하부,개인전,토너먼트,준준결승경기１,류지안,202202002116,,김민기,202006003212,,3,0,A
제19회 회장배(전북) 전국 스쿼시 선수권대회,202512331,2025-04-17,남자 15세이하부,개인전,토너먼트,준준결승경기２,구건휘,202206008055,,장승보,202303008035,,0,3,B
제19회 회장배(전북) 전국 스쿼시 선수권대회,202512331,2025-04-17,남자 15세이하부,개인전,토너먼트,준준결승경기３,윤종현,202204001156,,김민재,,,3,0,A
제19회 회장배(전북) 전국 스쿼시 선수권대회,202512331,2025-04-17,남자 15세이하부,개인전,토너먼트,준준결승경기４,이상경,202206010078,,김성주,202203007369,,3,2,A
제19회 회장배(전북) 전국 스쿼시 선수권대회,202512331,2025-04-17,남자 15세이하부,개인전,토너먼트,준결승경기１,류지안,202202002116,,장승보,202303008035,,3,1,A
제19회 회장배(전북) 전국 스쿼시 선수권대회,202512331,2025-04-17,남자 15세이하부,개인전,토너먼트,준결승경기２,윤종현,202204001156,,이상경,202206010078,,2,1,A
제19회 회장배(전북) 전국 스쿼시 선수권대회,202512331,2025-04-17,남자 15세이하부,개인전,토너먼트,결승,류지안,202202002116,,윤종현,202204001156,,1,3,B
제19회 회장배(전북) 전국 스쿼시 선수권대회,202512331,2025-04-17,여자 18세이하부,개인전,토너먼트,예선경기２,박소영,,,강연아,202302018871,,0,3,B
제19회 회장배(전북) 전국 스쿼시 선수권대회,202512331,2025-04-17,여자 18세이하부,개인전,토너먼트,예선경기１５,정단아,202207001150,,박소영,,,3,0,A
제19회 회장배(전북) 전국 스쿼시 선수권대회,202512331,2025-04-17,여자 18세이하부,개인전,토너먼트,준준준결승경기１,이수현,202302014612,,강연아,202302018871,,3,0,A
제19회 회장배(전북) 전국 스쿼시 선수권대회,202512331,2025-04-17,여자 18세이하부,개인전,토너먼트,준준준결승경기２,라우림,202202004038,,문서윤,202307002568,,1,3,B
제19회 회장배(전북) 전국 스쿼시 선수권대회,202512331,2025-04-17,여자 18세이하부,개인전,토너먼트,준준준결승경기３,서예은,202206004756,,나현아,202406007100,,3,0,A
제19회 회장배(전북) 전국 스쿼시 선수권대회,202512331,2025-04-17,여자 18세이하부,개인전,토너먼트,준준준결승경기４,임수아,202302017165,,김소윤,202307002569,,0,3,B
제19회 회장배(전북) 전국 스쿼시 선수권대회,202512331,2025-04-17,여자 18세이하부,개인전,토너먼트,준준준결승경기５,김태영,202406003305,,정수아,202307002127,,0,3,B
제19회 회장배(전북) 전국 스쿼시 선수권대회,202512331,2025-04-17,여자 18세이하부,개인전,토너먼트,준준준결승경기６,김예은,202008003322,,박솔민,202002002489,,0,0,B
제19회 회장배(전북) 전국 스쿼시 선수권대회,202512331,2025-04-17,여자 18세이하부,개인전,토너먼트,준준준결승경기７,김유빈,202302015267,,추예담,202404016633,,3,0,A
제19회 회장배(전북) 전국 스쿼시 선수권대회,202512331,2025-04-17,여자 18세이하부,개인전,토너먼트,준준준결승경기８,정단아,202207001150,,김태연,201605003414,,0,3,B
제19회 회장배(전북) 전국 스쿼시 선수권대회,202512331,2025-04-17,여자 18세이하부,개인전,토너먼트,준준결승경기１,이수현,202302014612,,문서윤,202307002568,,3,0,A
제19회 회장배(전북) 전국 스쿼시 선수권대회,202512331,2025-04-17,여자 18세이하부,개인전,토너먼트,준준결승경기２,서예은,202206004756,,김소윤,202307002569,,3,0,A
제19회 회장배(전북) 전국 스쿼시 선수권대회,202512331,2025-04-17,여자 18세이하부,개인전,토너먼트,준준결승경기３,정수아,202307002127,,박솔민,202002002489,,0,3,B
제19회 회장배(전북) 전국 스쿼시 선수권대회,202512331,2025-04-17,여자 18세이하부,개인전,토너먼트,준준결승경기４,김유빈,202302015267,,김태연,201605003414,,0,3,B
제19회 회장배(전북) 전국 스쿼시 선수권대회,202512331,2025-04-17,여자 18세이하부,개인전,토너먼트,준결승경기１,이수현,202302014612,,서예은,202206004756,,0,3,B
제19회 회장배(전북) 전국 스쿼시 선수권대회,202512331,2025-04-17,여자 18세이하부,개인전,토너먼트,준결승경기２,박솔민,202002002489,,김태연,201605003414,,3,0,A
제19회 회장배(전북) 전국 스쿼시 선수권대회,202512331,2025-04-17,여자 18세이하부,개인전,토너먼트,결승,서예은,202206004756,,박솔민,202002002489,,1,3,B
제19회 회장배(전북) 전국 스쿼시 선수권대회,202512331,2025-04-17,여자 18세이하부,복식,토너먼트,예선경기２,"박솔민, 김태영",,,"임수아, 강연아",,,2,0,A
제19회 회장배(전북) 전국 스쿼시 선수권대회,202512331,2025-04-17,여자 18세이하부,복식,토너먼트,준결승경기１,"김태연, 이수현",,,"박솔민, 김태영",,,2,1,A
제19회 회장배(전북) 전국 스쿼시 선수권대회,202512331,2025-04-17,여자 18세이하부,복식,토너먼트,준결승경기２,"박소영, 추예담",,,"정수아, 김소윤",,,0,2,B
제19회 회장배(전북) 전국 스쿼시 선수권대회,202512331,2025-04-17,여자 18세이하부,복식,토너먼트,결승,"김태연, 이수현",,,"정수아, 김소윤",,,2,0,A
제19회 회장배(전북) 전국 스쿼시 선수권대회,202512331,2025-04-17,남자 18세이하부,개인전,토너먼트,예선경기２,오지훈,202307006557,,안동현,202305015908,,3,0,A
제19회 회장배(전북) 전국 스쿼시 선수권대회,202512331,2025-04-17,남자 18세이하부,개인전,토너먼트,예선경기１５,박은찬,202206006191,,황지호,202306012178,,0,0,A
제19회 회장배(전북) 전국 스쿼시 선수권대회,202512331,2025-04-17,남자 18세이하부,개인전,토너먼트,준준준결승경기１,박민기,202006000140,,오지훈,202307006557,,3,0,A
제19회 회장배(전북) 전국 스쿼시 선수권대회,202512331,2025-04-17,남자 18세이하부,개인전,토너먼트,준준준결승경기２,김현,202303001958,,함동현,202307006269,,3,0,A
제19회 회장배(전북) 전국 스쿼시 선수권대회,202512331,2025-04-17,남자 18세이하부,개인전,토너먼트,준준준결승경기３,이용욱,201902003971,,김재영,202006001038,,3,0,A
제19회 회장배(전북) 전국 스쿼시 선수권대회,202512331,2025-04-17,남자 18세이하부,개인전,토너먼트,준준준결승경기４,서한규,202407006297,,김경민,202211001200,,0,3,B
제19회 회장배(전북) 전국 스쿼시 선수권대회,202512331,2025-04-17,남자 18세이하부,개인전,토너먼트,준준준결승경기５,김찬영,202203001906,,민휘훈,202403093347,,3,0,A
제19회 회장배(전북) 전국 스쿼시 선수권대회,202512331,2025-04-17,남자 18세이하부,개인전,토너먼트,준준준결승경기６,김건우,202409001518,,현종선,202302017920,,3,2,A
제19회 회장배(전북) 전국 스쿼시 선수권대회,202512331,2025-04-17,남자 18세이하부,개인전,토너먼트,준준준결승경기７,윤하성,202502001198,,이동화,202007000243,,0,3,B
제19회 회장배(전북) 전국 스쿼시 선수권대회,202512331,2025-04-17,남자 18세이하부,개인전,토너먼트,준준준결승경기８,박은찬,202206006191,,김준호,202004000367,,0,3,B
제19회 회장배(전북) 전국 스쿼시 선수권대회,202512331,2025-04-17,남자 18세이하부,개인전,토너먼트,준준결승경기１,박민기,202006000140,,김현,202303001958,,3,2,A
제19회 회장배(전북) 전국 스쿼시 선수권대회,202512331,2025-04-17,남자 18세이하부,개인전,토너먼트,준준결승경기２,이용욱,201902003971,,김경민,202211001200,,3,0,A
제19회 회장배(전북) 전국 스쿼시 선수권대회,202512331,2025-04-17,남자 18세이하부,개인전,토너먼트,준준결승경기３,김찬영,202203001906,,김건우,202409001518,,3,0,A
제19회 회장배(전북) 전국 스쿼시 선수권대회,202512331,2025-04-17,남자 18세이하부,개인전,토너먼트,준준결승경기４,이동화,202007000243,,김준호,202004000367,,0,3,B
제19회 회장배(전북) 전국 스쿼시 선수권대회,202512331,2025-04-17,남자 18세이하부,개인전,토너먼트,준결승경기１,박민기,202006000140,,이용욱,201902003971,,3,0,A
제19회 회장배(전북) 전국 스쿼시 선수권대회,202512331,2025-04-17,남자 18세이하부,개인전,토너먼트,준결승경기２,김찬영,202203001906,,김준호,202004000367,,2,3,B
제19회 회장배(전북) 전국 스쿼시 선수권대회,202512331,2025-04-17,남자 18세이하부,개인전,토너먼트,결승,박민기,202006000140,,김준호,202004000367,,3,2,A
제19회 회장배(전북) 전국 스쿼시 선수권대회,202512331,2025-04-17,남자 18세이하부,단체전,리그전,1R / A조,양산제일고등학교,,,천안월봉고등학교,,,2,0,A
제19회 회장배(전북) 전국 스쿼시 선수권대회,202512331,2025-04-17,남자 18세이하부,단체전,리그전,1R / A조,오남고등학교,,,천안월봉고등학교,,,1,2,B
제19회 회장배(전북) 전국 스쿼시 선수권대회,202512331,2025-04-17,남자 18세이하부,단체전,리그전,1R / A조,오남고등학교,,,양산제일고등학교,,,0,2,B
제19회 회장배(전북) 전국 스쿼시 선수권대회,202512331,2025-04-17,남자 18세이하부,복식,리그전,1R / A조,"오지훈, 김건우",,,"민휘훈, 안동현",,,2,0,A
제19회 회장배(전북) 전국 스쿼시 선수권대회,202512331,2025-04-17,남자 18세이하부,복식,리그전,1R / A조,"박은찬, 서한규",,,"민휘훈, 안동현",,,2,0,A
제19회 회장배(전북) 전국 스쿼시 선수권대회,202512331,2025-04-17,남자 18세이하부,복식,리그전,1R / A조,"박은찬, 서한규",,,"오지훈, 김건우",,,1,2,B
제19회 회장배(전북) 전국 스쿼시 선수권대회,202512331,2025-04-17,여자 대학부,개인전,토너먼트,예선경기２,엄준,201804000231,,노윤진,201702011015,,0,3,B
제19회 회장배(전북) 전국 스쿼시 선수권대회,202512331,2025-04-17,여자 대학부,개인전,토너먼트,예선경기３,조예림,202006001243,,전현영,202201001946,,3,1,A
제19회 회장배(전북) 전국 스쿼시 선수권대회,202512331,2025-04-17,여자 대학부,개인전,토너먼트,준결승경기１,조아연,201903004040,,노윤진,201702011015,,3,0,A
제19회 회장배(전북) 전국 스쿼시 선수권대회,202512331,2025-04-17,여자 대학부,개인전,토너먼트,준결승경기２,조예림,202006001243,,김하연,201503006905,,0,3,B
제19회 회장배(전북) 전국 스쿼시 선수권대회,202512331,2025-04-17,여자 대학부,개인전,토너먼트,결승,조아연,201903004040,,김하연,201503006905,,3,1,A
제19회 회장배(전북) 전국 스쿼시 선수권대회,202512331,2025-04-17,남자 대학부,개인전,토너먼트,예선경기２,김태경,202207011111,,정광민,202103008002,,0,3,B
제19회 회장배(전북) 전국 스쿼시 선수권대회,202512331,2025-04-17,남자 대학부,개인전,토너먼트,예선경기３,이동욱,202007000237,,남기태,202103006627,,3,0,A
제19회 회장배(전북) 전국 스쿼시 선수권대회,202512331,2025-04-17,남자 대학부,개인전,토너먼트,예선경기４,한혁중,202203001974,,이지석,201703004879,,1,3,B
제19회 회장배(전북) 전국 스쿼시 선수권대회,202512331,2025-04-17,남자 대학부,개인전,토너먼트,예선경기６,이상엽,202304048505,,구동현,201402010302,,3,1,A
제19회 회장배(전북) 전국 스쿼시 선수권대회,202512331,2025-04-17,남자 대학부,개인전,토너먼트,예선경기７,이지항,202206007001,,나동현,202301001068,,3,1,A
제19회 회장배(전북) 전국 스쿼시 선수권대회,202512331,2025-04-17,남자 대학부,개인전,토너먼트,준준결승경기１,김준영,201707001971,,정광민,202103008002,,3,0,A
제19회 회장배(전북) 전국 스쿼시 선수권대회,202512331,2025-04-17,남자 대학부,개인전,토너먼트,준준결승경기２,이동욱,202007000237,,이지석,201703004879,,0,3,B
제19회 회장배(전북) 전국 스쿼시 선수권대회,202512331,2025-04-17,남자 대학부,개인전,토너먼트,준준결승경기３,손우주,201902004585,,이상엽,202304048505,,3,0,A
제19회 회장배(전북) 전국 스쿼시 선수권대회,202512331,2025-04-17,남자 대학부,개인전,토너먼트,준준결승경기４,이지항,202206007001,,김동하,202207005619,,0,3,B
제19회 회장배(전북) 전국 스쿼시 선수권대회,202512331,2025-04-17,남자 대학부,개인전,토너먼트,준결승경기１,김준영,201707001971,,이지석,201703004879,,2,3,B
제19회 회장배(전북) 전국 스쿼시 선수권대회,202512331,2025-04-17,남자 대학부,개인전,토너먼트,준결승경기２,손우주,201902004585,,김동하,202207005619,,3,1,A
제19회 회장배(전북) 전국 스쿼시 선수권대회,202512331,2025-04-17,남자 대학부,개인전,토너먼트,결승,이지석,201703004879,,손우주,201902004585,,3,1,A
제19회 회장배(전북) 전국 스쿼시 선수권대회,202512331,2025-04-17,남자 대학부,복식,토너먼트,예선경기１,"구동현, 김준영",,,"남기태, 이건후",,,0,0,A
제19회 회장배(전북) 전국 스쿼시 선수권대회,202512331,2025-04-17,남자 대학부,복식,토너먼트,예선경기２,"이동욱, 나동현",,,"손우주, 정광민",,,1,2,B
제19회 회장배(전북) 전국 스쿼시 선수권대회,202512331,2025-04-17,남자 대학부,복식,토너먼트,결승,"구동현, 김준영",,,"손우주, 정광민",,,0,2,B
제19회 회장배(전북) 전국 스쿼시 선수권대회,202512331,2025-04-17,여자 일반부,개인전,토너먼트,예선경기２,김민희,201402004905,,배찬미,200506004011,,1,3,B
제19회 회장배(전북) 전국 스쿼시 선수권대회,202512331,2025-04-17,여자 일반부,개인전,토너먼트,예선경기６,권소원,202404019722,,조강빈,201606003147,,0,3,B
제19회 회장배(전북) 전국 스쿼시 선수권대회,202512331,2025-04-17,여자 일반부,개인전,토너먼트,예선경기７,이경진,981527000015,,서하민,201703008633,,0,3,B
제19회 회장배(전북) 전국 스쿼시 선수권대회,202512331,2025-04-17,여자 일반부,개인전,토너먼트,예선경기１０,문혜연,201203009845,,이보라,200312015404,,3,0,A
제19회 회장배(전북) 전국 스쿼시 선수권대회,202512331,2025-04-17,여자 일반부,개인전,토너먼트,예선경기１１,최수지,200605008295,,장예원,201601000670,,0,3,B
제19회 회장배(전북) 전국 스쿼시 선수권대회,202512331,2025-04-17,여자 일반부,개인전,토너먼트,예선경기１４,박미림,200312007885,,이자연,202003003272,,0,3,B
제19회 회장배(전북) 전국 스쿼시 선수권대회,202512331,2025-04-17,여자 일반부,개인전,토너먼트,예선경기１５,김하은,201302005893,,곽다연,201302006626,,0,3,B
제19회 회장배(전북) 전국 스쿼시 선수권대회,202512331,2025-04-17,여자 일반부,개인전,토너먼트,준준준결승경기１,최유라,200703026440,,배찬미,200506004011,,3,0,A
제19회 회장배(전북) 전국 스쿼시 선수권대회,202512331,2025-04-17,여자 일반부,개인전,토너먼트,준준준결승경기２,박상은,201404002146,,김가람,200505000922,,2,3,B
제19회 회장배(전북) 전국 스쿼시 선수권대회,202512331,2025-04-17,여자 일반부,개인전,토너먼트,준준준결승경기３,양연수,200409006651,,조강빈,201606003147,,2,1,A
제19회 회장배(전북) 전국 스쿼시 선수권대회,202512331,2025-04-17,여자 일반부,개인전,토너먼트,준준준결승경기４,서하민,201703008633,,엄화영,201002007702,,0,3,B
제19회 회장배(전북) 전국 스쿼시 선수권대회,202512331,2025-04-17,여자 일반부,개인전,토너먼트,준준준결승경기５,류보람,201503023001,,문혜연,201203009845,,3,0,A
제19회 회장배(전북) 전국 스쿼시 선수권대회,202512331,2025-04-17,여자 일반부,개인전,토너먼트,준준준결승경기６,장예원,201601000670,,서효주,201402001683,,2,3,B
제19회 회장배(전북) 전국 스쿼시 선수권대회,202512331,2025-04-17,여자 일반부,개인전,토너먼트,준준준결승경기７,송채원,200903026922,,이자연,202003003272,,3,0,A
제19회 회장배(전북) 전국 스쿼시 선수권대회,202512331,2025-04-17,여자 일반부,개인전,토너먼트,준준준결승경기８,곽다연,201302006626,,김다미,201107004502,,3,0,A
제19회 회장배(전북) 전국 스쿼시 선수권대회,202512331,2025-04-17,여자 일반부,개인전,토너먼트,준준결승경기１,최유라,200703026440,,김가람,200505000922,,3,0,A
제19회 회장배(전북) 전국 스쿼시 선수권대회,202512331,2025-04-17,여자 일반부,개인전,토너먼트,준준결승경기２,양연수,200409006651,,엄화영,201002007702,,1,3,B
제19회 회장배(전북) 전국 스쿼시 선수권대회,202512331,2025-04-17,여자 일반부,개인전,토너먼트,준준결승경기３,류보람,201503023001,,서효주,201402001683,,3,0,A
제19회 회장배(전북) 전국 스쿼시 선수권대회,202512331,2025-04-17,여자 일반부,개인전,토너먼트,준준결승경기４,송채원,200903026922,,곽다연,201302006626,,3,0,A
제19회 회장배(전북) 전국 스쿼시 선수권대회,202512331,2025-04-17,여자 일반부,개인전,토너먼트,준결승경기１,최유라,200703026440,,엄화영,201002007702,,0,3,B
제19회 회장배(전북) 전국 스쿼시 선수권대회,202512331,2025-04-17,여자 일반부,개인전,토너먼트,준결승경기２,류보람,201503023001,,송채원,200903026922,,3,1,A
제19회 회장배(전북) 전국 스쿼시 선수권대회,202512331,2025-04-17,여자 일반부,개인전,토너먼트,결승,엄화영,201002007702,,류보람,201503023001,,3,0,A
제19회 회장배(전북) 전국 스쿼시 선수권대회,202512331,2025-04-17,남자 일반부,개인전,토너먼트,예선경기２,심규영,201504001319,,김건,201503006845,,1,3,B
제19회 회장배(전북) 전국 스쿼시 선수권대회,202512331,2025-04-17,남자 일반부,개인전,토너먼트,예선경기３,김승현,201403012359,,지동현,201507002321,,1,3,B
제19회 회장배(전북) 전국 스쿼시 선수권대회,202512331,2025-04-17,남자 일반부,개인전,토너먼트,예선경기４,김창하,201602010896,,강우석,201302005902,,0,3,B
제19회 회장배(전북) 전국 스쿼시 선수권대회,202512331,2025-04-17,남자 일반부,개인전,토너먼트,예선경기５,박종명,200803023360,,이현욱,201203014577,,3,0,A
제19회 회장배(전북) 전국 스쿼시 선수권대회,202512331,2025-04-17,남자 일반부,개인전,토너먼트,예선경기６,문석호,201402009240,,유승용,200907002704,,0,3,B
제19회 회장배(전북) 전국 스쿼시 선수권대회,202512331,2025-04-17,남자 일반부,개인전,토너먼트,예선경기７,서무진,201505003630,,오성학,201103013572,,0,3,B
제19회 회장배(전북) 전국 스쿼시 선수권대회,202512331,2025-04-17,남자 일반부,개인전,토너먼트,예선경기１０,황중찬,200706002344,,김태현,201302005947,,3,1,A
제19회 회장배(전북) 전국 스쿼시 선수권대회,202512331,2025-04-17,남자 일반부,개인전,토너먼트,예선경기１１,강현범,201302006321,,고영조,200506001863,,1,3,B
제19회 회장배(전북) 전국 스쿼시 선수권대회,202512331,2025-04-17,남자 일반부,개인전,토너먼트,예선경기１２,이건동,200312007919,,박승민,201702006829,,0,0,B
제19회 회장배(전북) 전국 스쿼시 선수권대회,202512331,2025-04-17,남자 일반부,개인전,토너먼트,예선경기１３,류정민,201505003438,,한승철,201501001406,,0,0,A
제19회 회장배(전북) 전국 스쿼시 선수권대회,202512331,2025-04-17,남자 일반부,개인전,토너먼트,예선경기１４,유호제,201405000567,,임재현,201402001427,,0,3,B
제19회 회장배(전북) 전국 스쿼시 선수권대회,202512331,2025-04-17,남자 일반부,개인전,토너먼트,예선경기１５,유덕재,201104000837,,김현인,201602013447,,3,0,A
제19회 회장배(전북) 전국 스쿼시 선수권대회,202512331,2025-04-17,남자 일반부,개인전,토너먼트,준준준결승경기１,류정욱,201603018160,,김건,201503006845,,3,1,A
제19회 회장배(전북) 전국 스쿼시 선수권대회,202512331,2025-04-17,남자 일반부,개인전,토너먼트,준준준결승경기２,지동현,201507002321,,강우석,201302005902,,1,3,B
제19회 회장배(전북) 전국 스쿼시 선수권대회,202512331,2025-04-17,남자 일반부,개인전,토너먼트,준준준결승경기３,박종명,200803023360,,유승용,200907002704,,3,1,A
제19회 회장배(전북) 전국 스쿼시 선수권대회,202512331,2025-04-17,남자 일반부,개인전,토너먼트,준준준결승경기４,오성학,201103013572,,유재진,200504008874,,2,3,B
제19회 회장배(전북) 전국 스쿼시 선수권대회,202512331,2025-04-17,남자 일반부,개인전,토너먼트,준준준결승경기５,오서진,201605004663,,황중찬,200706002344,,3,0,A
제19회 회장배(전북) 전국 스쿼시 선수권대회,202512331,2025-04-17,남자 일반부,개인전,토너먼트,준준준결승경기６,고영조,200506001863,,박승민,201702006829,,2,3,B
제19회 회장배(전북) 전국 스쿼시 선수권대회,202512331,2025-04-17,남자 일반부,개인전,토너먼트,준준준결승경기７,류정민,201505003438,,임재현,201402001427,,3,0,A
제19회 회장배(전북) 전국 스쿼시 선수권대회,202512331,2025-04-17,남자 일반부,개인전,토너먼트,준준준결승경기８,유덕재,201104000837,,이민우,201407000924,,1,3,B
제19회 회장배(전북) 전국 스쿼시 선수권대회,202512331,2025-04-17,남자 일반부,개인전,토너먼트,준준결승경기１,류정욱,201603018160,,강우석,201302005902,,3,2,A
제19회 회장배(전북) 전국 스쿼시 선수권대회,202512331,2025-04-17,남자 일반부,개인전,토너먼트,준준결승경기２,박종명,200803023360,,유재진,200504008874,,1,3,B
제19회 회장배(전북) 전국 스쿼시 선수권대회,202512331,2025-04-17,남자 일반부,개인전,토너먼트,준준결승경기３,오서진,201605004663,,박승민,201702006829,,3,0,A
제19회 회장배(전북) 전국 스쿼시 선수권대회,202512331,2025-04-17,남자 일반부,개인전,토너먼트,준준결승경기４,류정민,201505003438,,이민우,201407000924,,1,3,B
제19회 회장배(전북) 전국 스쿼시 선수권대회,202512331,2025-04-17,남자 일반부,개인전,토너먼트,준결승경기１,류정욱,201603018160,,유재진,200504008874,,3,1,A
제19회 회장배(전북) 전국 스쿼시 선수권대회,202512331,2025-04-17,남자 일반부,개인전,토너먼트,준결승경기２,오서진,201605004663,,이민우,201407000924,,0,3,B
제19회 회장배(전북) 전국 스쿼시 선수권대회,202512331,2025-04-17,남자 일반부,개인전,토너먼트,결승,류정욱,201603018160,,이민우,201407000924,,0,3,B
2025 전국실업스쿼시 선수권대회(개인전),202512628,2025-05-20,여자부,개인전,토너먼트,예선경기２,이승연,201405001347,,송채원,200903026922,,0,3,B
2025 전국실업스쿼시 선수권대회(개인전),202512628,2025-05-20,여자부,개인전,토너먼트,예선경기３,조강빈,201606003147,,전아인,201203004577,,1,3,B
2025 전국실업스쿼시 선수권대회(개인전),202512628,2025-05-20,여자부,개인전,토너먼트,예선경기４,양연수,200409006651,,김다미,201107004502,,0,0,B
2025 전국실업스쿼시 선수권대회(개인전),202512628,2025-05-20,여자부,개인전,토너먼트,예선경기５,배찬미,200506004011,,엄준,201804000231,,3,0,A
2025 전국실업스쿼시 선수권대회(개인전),202512628,2025-05-20,여자부,개인전,토너먼트,예선경기６,이보라,200312015404,,장예원,201601000670,,0,3,B
2025 전국실업스쿼시 선수권대회(개인전),202512628,2025-05-20,여자부,개인전,토너먼트,예선경기７,이소진,201503029527,,이지현,200504008455,,0,3,B
2025 전국실업스쿼시 선수권대회(개인전),202512628,2025-05-20,여자부,개인전,토너먼트,예선경기８,곽다연,201302006626,,문혜연,201203009845,,0,0,A
2025 전국실업스쿼시 선수권대회(개인전),202512628,2025-05-20,여자부,개인전,토너먼트,예선경기１０,김민희,201402004905,,김가혜,200312004260,,0,3,B
2025 전국실업스쿼시 선수권대회(개인전),202512628,2025-05-20,여자부,개인전,토너먼트,예선경기１１,조아연,201903004040,,류보람,201503023001,,0,3,B
2025 전국실업스쿼시 선수권대회(개인전),202512628,2025-05-20,여자부,개인전,토너먼트,예선경기１２,김가람,200505000922,,엄화영,201002007702,,0,3,B
2025 전국실업스쿼시 선수권대회(개인전),202512628,2025-05-20,여자부,개인전,토너먼트,예선경기１３,박미림,200312007885,,김하연,201503006905,,3,0,A
2025 전국실업스쿼시 선수권대회(개인전),202512628,2025-05-20,여자부,개인전,토너먼트,예선경기１４,오승희,201209002253,,허민경,201103015212,,1,3,B
2025 전국실업스쿼시 선수권대회(개인전),202512628,2025-05-20,여자부,개인전,토너먼트,예선경기１５,김하은,201302005893,,송동주,201205000983,,0,3,B
2025 전국실업스쿼시 선수권대회(개인전),202512628,2025-05-20,여자부,개인전,토너먼트,준준준결승경기１,서하민,201703008633,,송채원,200903026922,,0,3,B
2025 전국실업스쿼시 선수권대회(개인전),202512628,2025-05-20,여자부,개인전,토너먼트,준준준결승경기２,전아인,201203004577,,김다미,201107004502,,2,3,B
2025 전국실업스쿼시 선수권대회(개인전),202512628,2025-05-20,여자부,개인전,토너먼트,준준준결승경기３,배찬미,200506004011,,장예원,201601000670,,3,0,A
2025 전국실업스쿼시 선수권대회(개인전),202512628,2025-05-20,여자부,개인전,토너먼트,준준준결승경기４,이지현,200504008455,,곽다연,201302006626,,3,1,A
2025 전국실업스쿼시 선수권대회(개인전),202512628,2025-05-20,여자부,개인전,토너먼트,준준준결승경기５,이자연,202003003272,,김가혜,200312004260,,0,3,B
2025 전국실업스쿼시 선수권대회(개인전),202512628,2025-05-20,여자부,개인전,토너먼트,준준준결승경기６,류보람,201503023001,,엄화영,201002007702,,1,3,B
2025 전국실업스쿼시 선수권대회(개인전),202512628,2025-05-20,여자부,개인전,토너먼트,준준준결승경기７,박미림,200312007885,,허민경,201103015212,,0,3,B
2025 전국실업스쿼시 선수권대회(개인전),202512628,2025-05-20,여자부,개인전,토너먼트,준준준결승경기８,송동주,201205000983,,서효주,201402001683,,3,1,A
2025 전국실업스쿼시 선수권대회(개인전),202512628,2025-05-20,여자부,개인전,토너먼트,준준결승경기１,송채원,200903026922,,김다미,201107004502,,3,1,A
2025 전국실업스쿼시 선수권대회(개인전),202512628,2025-05-20,여자부,개인전,토너먼트,준준결승경기２,배찬미,200506004011,,이지현,200504008455,,0,0,A
2025 전국실업스쿼시 선수권대회(개인전),202512628,2025-05-20,여자부,개인전,토너먼트,준준결승경기３,김가혜,200312004260,,엄화영,201002007702,,0,3,B
2025 전국실업스쿼시 선수권대회(개인전),202512628,2025-05-20,여자부,개인전,토너먼트,준준결승경기４,허민경,201103015212,,송동주,201205000983,,2,3,B
2025 전국실업스쿼시 선수권대회(개인전),202512628,2025-05-20,여자부,개인전,토너먼트,준결승경기１,송채원,200903026922,,배찬미,200506004011,,3,0,A
2025 전국실업스쿼시 선수권대회(개인전),202512628,2025-05-20,여자부,개인전,토너먼트,준결승경기２,엄화영,201002007702,,송동주,201205000983,,3,1,A
2025 전국실업스쿼시 선수권대회(개인전),202512628,2025-05-20,여자부,개인전,토너먼트,결승,송채원,200903026922,,엄화영,201002007702,,1,3,B
제25회 회장배 전 한국 스쿼시 선수권대회,202512706,2025-06-05,여자 12세이하부,개인전,토너먼트,예선경기２,최은,202304014708,,김예빈,202311001849,,3,0,A
제25회 회장배 전 한국 스쿼시 선수권대회,202512706,2025-06-05,여자 12세이하부,개인전,토너먼트,예선경기３,홍지우,202307007070,,김예지,202505004782,,3,0,A
제25회 회장배 전 한국 스쿼시 선수권대회,202512706,2025-06-05,여자 12세이하부,개인전,토너먼트,예선경기６,백지원,202503047683,,최민지,202311002499,,0,3,B
제25회 회장배 전 한국 스쿼시 선수권대회,202512706,2025-06-05,여자 12세이하부,개인전,토너먼트,예선경기７,김지은,202008003330,,전예은,202503003861,,3,0,A
제25회 회장배 전 한국 스쿼시 선수권대회,202512706,2025-06-05,여자 12세이하부,개인전,토너먼트,준준결승경기１,안서율,202403016789,,최은,202304014708,,3,2,A
제25회 회장배 전 한국 스쿼시 선수권대회,202512706,2025-06-05,여자 12세이하부,개인전,토너먼트,준준결승경기２,홍지우,202307007070,,전지아,202309001333,,3,0,A
제25회 회장배 전 한국 스쿼시 선수권대회,202512706,2025-06-05,여자 12세이하부,개인전,토너먼트,준준결승경기３,정서윤,202307004948,,최민지,202311002499,,0,3,B
제25회 회장배 전 한국 스쿼시 선수권대회,202512706,2025-06-05,여자 12세이하부,개인전,토너먼트,준준결승경기４,김지은,202008003330,,구가민,202307000906,,0,3,B
제25회 회장배 전 한국 스쿼시 선수권대회,202512706,2025-06-05,여자 12세이하부,개인전,토너먼트,준결승경기１,안서율,202403016789,,홍지우,202307007070,,3,0,A
제25회 회장배 전 한국 스쿼시 선수권대회,202512706,2025-06-05,여자 12세이하부,개인전,토너먼트,준결승경기２,최민지,202311002499,,구가민,202307000906,,3,0,A
제25회 회장배 전 한국 스쿼시 선수권대회,202512706,2025-06-05,여자 12세이하부,개인전,토너먼트,결승,안서율,202403016789,,최민지,202311002499,,3,0,A
제25회 회장배 전 한국 스쿼시 선수권대회,202512706,2025-06-05,남자 12세이하부,개인전,토너먼트,예선경기２,강그루,202411001084,,강예준,202304049424,,0,3,B
제25회 회장배 전 한국 스쿼시 선수권대회,202512706,2025-06-05,남자 12세이하부,개인전,토너먼트,예선경기１５,김동인,202303011784,,김승주,202408012758,,0,3,B
제25회 회장배 전 한국 스쿼시 선수권대회,202512706,2025-06-05,남자 12세이하부,개인전,토너먼트,준준준결승경기１,김현석,202204086936,,강예준,202304049424,,1,3,B
제25회 회장배 전 한국 스쿼시 선수권대회,202512706,2025-06-05,남자 12세이하부,개인전,토너먼트,준준준결승경기２,이치윤,202308010096,,최재원,202102002568,,0,3,B
제25회 회장배 전 한국 스쿼시 선수권대회,202512706,2025-06-05,남자 12세이하부,개인전,토너먼트,준준준결승경기３,이지혁,202503026348,,서예준,202403017121,,0,3,B
제25회 회장배 전 한국 스쿼시 선수권대회,202512706,2025-06-05,남자 12세이하부,개인전,토너먼트,준준준결승경기４,문승재,202307003384,,김민,202403018707,,1,3,B
제25회 회장배 전 한국 스쿼시 선수권대회,202512706,2025-06-05,남자 12세이하부,개인전,토너먼트,준준준결승경기５,강동운,202402018619,,전윤우,202309001289,,1,3,B
제25회 회장배 전 한국 스쿼시 선수권대회,202512706,2025-06-05,남자 12세이하부,개인전,토너먼트,준준준결승경기６,이준서,202305012079,,정지민,202411000811,,1,3,B
제25회 회장배 전 한국 스쿼시 선수권대회,202512706,2025-06-05,남자 12세이하부,개인전,토너먼트,준준준결승경기７,박천,202406007468,,김시우,202307007967,,3,0,A
제25회 회장배 전 한국 스쿼시 선수권대회,202512706,2025-06-05,남자 12세이하부,개인전,토너먼트,준준준결승경기８,김승주,202408012758,,최현욱,202103005535,,0,3,B
제25회 회장배 전 한국 스쿼시 선수권대회,202512706,2025-06-05,남자 12세이하부,개인전,토너먼트,준준결승경기１,강예준,202304049424,,최재원,202102002568,,3,0,A
제25회 회장배 전 한국 스쿼시 선수권대회,202512706,2025-06-05,남자 12세이하부,개인전,토너먼트,준준결승경기２,서예준,202403017121,,김민,202403018707,,0,3,B
제25회 회장배 전 한국 스쿼시 선수권대회,202512706,2025-06-05,남자 12세이하부,개인전,토너먼트,준준결승경기３,전윤우,202309001289,,정지민,202411000811,,0,3,B
제25회 회장배 전 한국 스쿼시 선수권대회,202512706,2025-06-05,남자 12세이하부,개인전,토너먼트,준준결승경기４,박천,202406007468,,최현욱,202103005535,,0,3,B
제25회 회장배 전 한국 스쿼시 선수권대회,202512706,2025-06-05,남자 12세이하부,개인전,토너먼트,준결승경기１,강예준,202304049424,,김민,202403018707,,3,1,A
제25회 회장배 전 한국 스쿼시 선수권대회,202512706,2025-06-05,남자 12세이하부,개인전,토너먼트,준결승경기２,정지민,202411000811,,최현욱,202103005535,,0,3,B
제25회 회장배 전 한국 스쿼시 선수권대회,202512706,2025-06-05,남자 12세이하부,개인전,토너먼트,결승,강예준,202304049424,,최현욱,202103005535,,2,3,B
제25회 회장배 전 한국 스쿼시 선수권대회,202512706,2025-06-05,여자 15세이하부,개인전,토너먼트,예선경기２,이서우,202311002595,,서주연,202403017297,,3,0,A
제25회 회장배 전 한국 스쿼시 선수권대회,202512706,2025-06-05,여자 15세이하부,개인전,토너먼트,준준준결승경기１,이해인,202002004113,,이서우,202311002595,,3,0,A
제25회 회장배 전 한국 스쿼시 선수권대회,202512706,2025-06-05,여자 15세이하부,개인전,토너먼트,준준준결승경기２,정유빈,202307008532,,남유비,202202004112,,0,3,B
제25회 회장배 전 한국 스쿼시 선수권대회,202512706,2025-06-05,여자 15세이하부,개인전,토너먼트,준준준결승경기３,이하율,202404007406,,정현아,202207001169,,1,3,B
제25회 회장배 전 한국 스쿼시 선수권대회,202512706,2025-06-05,여자 15세이하부,개인전,토너먼트,준준준결승경기４,이재인,202305008081,,구보민,202206006488,,3,1,A
제25회 회장배 전 한국 스쿼시 선수권대회,202512706,2025-06-05,여자 15세이하부,개인전,토너먼트,준준준결승경기５,문하람,202002004153,,김아린,202303035971,,3,1,A
제25회 회장배 전 한국 스쿼시 선수권대회,202512706,2025-06-05,여자 15세이하부,개인전,토너먼트,준준준결승경기６,원지원,202407004535,,전하율,202407005735,,3,0,A
제25회 회장배 전 한국 스쿼시 선수권대회,202512706,2025-06-05,여자 15세이하부,개인전,토너먼트,준준준결승경기７,김민주,202311002931,,박서현,202411000815,,1,3,B
제25회 회장배 전 한국 스쿼시 선수권대회,202512706,2025-06-05,여자 15세이하부,개인전,토너먼트,준준준결승경기８,황보영,202303008360,,김도은,202006003279,,0,3,B
제25회 회장배 전 한국 스쿼시 선수권대회,202512706,2025-06-05,여자 15세이하부,개인전,토너먼트,준준결승경기１,이해인,202002004113,,남유비,202202004112,,3,0,A
제25회 회장배 전 한국 스쿼시 선수권대회,202512706,2025-06-05,여자 15세이하부,개인전,토너먼트,준준결승경기２,정현아,202207001169,,이재인,202305008081,,0,3,B
제25회 회장배 전 한국 스쿼시 선수권대회,202512706,2025-06-05,여자 15세이하부,개인전,토너먼트,준준결승경기３,문하람,202002004153,,원지원,202407004535,,3,0,A
제25회 회장배 전 한국 스쿼시 선수권대회,202512706,2025-06-05,여자 15세이하부,개인전,토너먼트,준준결승경기４,박서현,202411000815,,김도은,202006003279,,0,3,B
제25회 회장배 전 한국 스쿼시 선수권대회,202512706,2025-06-05,여자 15세이하부,개인전,토너먼트,준결승경기１,이해인,202002004113,,이재인,202305008081,,3,0,A
제25회 회장배 전 한국 스쿼시 선수권대회,202512706,2025-06-05,여자 15세이하부,개인전,토너먼트,준결승경기２,문하람,202002004153,,김도은,202006003279,,2,3,B
제25회 회장배 전 한국 스쿼시 선수권대회,202512706,2025-06-05,여자 15세이하부,개인전,토너먼트,결승,이해인,202002004113,,김도은,202006003279,,3,0,A
제25회 회장배 전 한국 스쿼시 선수권대회,202512706,2025-06-05,남자 15세이하부,개인전,토너먼트,예선경기２,최윤호,202311001127,,윤지후,202406007498,,3,0,A
제25회 회장배 전 한국 스쿼시 선수권대회,202512706,2025-06-05,남자 15세이하부,개인전,토너먼트,예선경기６,김지완,202407009605,,김성주,202203007369,,1,3,B
제25회 회장배 전 한국 스쿼시 선수권대회,202512706,2025-06-05,남자 15세이하부,개인전,토너먼트,예선경기７,김준수,202305008331,,최규현,202006002884,,0,3,B
제25회 회장배 전 한국 스쿼시 선수권대회,202512706,2025-06-05,남자 15세이하부,개인전,토너먼트,예선경기１０,김민재,202303000324,,박지성,202411000713,,3,0,A
제25회 회장배 전 한국 스쿼시 선수권대회,202512706,2025-06-05,남자 15세이하부,개인전,토너먼트,예선경기１５,윤태훈,202209003037,,이상경,202206010078,,3,2,A
제25회 회장배 전 한국 스쿼시 선수권대회,202512706,2025-06-05,남자 15세이하부,개인전,토너먼트,준준준결승경기１,류지안,202202002116,,최윤호,202311001127,,3,1,A
제25회 회장배 전 한국 스쿼시 선수권대회,202512706,2025-06-05,남자 15세이하부,개인전,토너먼트,준준준결승경기２,장승보,202303008035,,구건휘,202206008055,,3,1,A
제25회 회장배 전 한국 스쿼시 선수권대회,202512706,2025-06-05,남자 15세이하부,개인전,토너먼트,준준준결승경기３,김서준,201904001822,,김성주,202203007369,,3,0,A
제25회 회장배 전 한국 스쿼시 선수권대회,202512706,2025-06-05,남자 15세이하부,개인전,토너먼트,준준준결승경기４,최규현,202006002884,,김민기,202006003212,,1,3,B
제25회 회장배 전 한국 스쿼시 선수권대회,202512706,2025-06-05,남자 15세이하부,개인전,토너먼트,준준준결승경기５,이석현,202302017098,,김민재,202303000324,,0,3,B
제25회 회장배 전 한국 스쿼시 선수권대회,202512706,2025-06-05,남자 15세이하부,개인전,토너먼트,준준준결승경기６,최원준,202309002019,,나우영,201902002440,,1,3,B
제25회 회장배 전 한국 스쿼시 선수권대회,202512706,2025-06-05,남자 15세이하부,개인전,토너먼트,준준준결승경기７,강연우,202302018875,,조은호,202502000939,,3,0,A
제25회 회장배 전 한국 스쿼시 선수권대회,202512706,2025-06-05,남자 15세이하부,개인전,토너먼트,준준준결승경기８,윤태훈,202209003037,,윤종현,202204001156,,2,3,B
제25회 회장배 전 한국 스쿼시 선수권대회,202512706,2025-06-05,남자 15세이하부,개인전,토너먼트,준준결승경기１,류지안,202202002116,,장승보,202303008035,,1,3,B
제25회 회장배 전 한국 스쿼시 선수권대회,202512706,2025-06-05,남자 15세이하부,개인전,토너먼트,준준결승경기２,김서준,201904001822,,김민기,202006003212,,3,0,A
제25회 회장배 전 한국 스쿼시 선수권대회,202512706,2025-06-05,남자 15세이하부,개인전,토너먼트,준준결승경기３,김민재,202303000324,,나우영,201902002440,,3,0,A
제25회 회장배 전 한국 스쿼시 선수권대회,202512706,2025-06-05,남자 15세이하부,개인전,토너먼트,준준결승경기４,강연우,202302018875,,윤종현,202204001156,,1,3,B
제25회 회장배 전 한국 스쿼시 선수권대회,202512706,2025-06-05,남자 15세이하부,개인전,토너먼트,준결승경기１,장승보,202303008035,,김서준,201904001822,,0,3,B
제25회 회장배 전 한국 스쿼시 선수권대회,202512706,2025-06-05,남자 15세이하부,개인전,토너먼트,준결승경기２,김민재,202303000324,,윤종현,202204001156,,0,3,B
제25회 회장배 전 한국 스쿼시 선수권대회,202512706,2025-06-05,남자 15세이하부,개인전,토너먼트,결승,김서준,201904001822,,윤종현,202204001156,,3,1,A
제25회 회장배 전 한국 스쿼시 선수권대회,202512706,2025-06-05,여자 18세이하부,개인전,토너먼트,예선경기２,이현서,202503043175,,이현진,202403000783,,0,3,B
제25회 회장배 전 한국 스쿼시 선수권대회,202512706,2025-06-05,여자 18세이하부,개인전,토너먼트,예선경기３,김지윤,202306009406,,박소영,202407006704,,3,0,A
제25회 회장배 전 한국 스쿼시 선수권대회,202512706,2025-06-05,여자 18세이하부,개인전,토너먼트,예선경기４,백다정,202503025483,,장아영,202407007743,,0,3,B
제25회 회장배 전 한국 스쿼시 선수권대회,202512706,2025-06-05,여자 18세이하부,개인전,토너먼트,예선경기６,나현아,202406007100,,정수아,202307002127,,0,3,B
제25회 회장배 전 한국 스쿼시 선수권대회,202512706,2025-06-05,여자 18세이하부,개인전,토너먼트,예선경기７,임수아,202302017165,,추예담,202404016633,,3,0,A
제25회 회장배 전 한국 스쿼시 선수권대회,202512706,2025-06-05,여자 18세이하부,개인전,토너먼트,예선경기１０,이수현,202302014612,,문서윤,202307002568,,3,0,A
제25회 회장배 전 한국 스쿼시 선수권대회,202512706,2025-06-05,여자 18세이하부,개인전,토너먼트,예선경기１１,라우림,202202004038,,김태영,202406003305,,3,0,A
제25회 회장배 전 한국 스쿼시 선수권대회,202512706,2025-06-05,여자 18세이하부,개인전,토너먼트,예선경기１４,정단아,202207001150,,김소윤,202307002569,,3,0,A
제25회 회장배 전 한국 스쿼시 선수권대회,202512706,2025-06-05,여자 18세이하부,개인전,토너먼트,예선경기１５,전채우,202404003581,,차영은,202407004965,,3,2,A
제25회 회장배 전 한국 스쿼시 선수권대회,202512706,2025-06-05,여자 18세이하부,개인전,토너먼트,준준준결승경기１,박솔민,202002002489,,이현진,202403000783,,3,0,A
제25회 회장배 전 한국 스쿼시 선수권대회,202512706,2025-06-05,여자 18세이하부,개인전,토너먼트,준준준결승경기２,김지윤,202306009406,,장아영,202407007743,,3,0,A
제25회 회장배 전 한국 스쿼시 선수권대회,202512706,2025-06-05,여자 18세이하부,개인전,토너먼트,준준준결승경기３,강연아,202302018871,,정수아,202307002127,,0,3,B
제25회 회장배 전 한국 스쿼시 선수권대회,202512706,2025-06-05,여자 18세이하부,개인전,토너먼트,준준준결승경기４,임수아,202302017165,,김유빈,202302015267,,0,3,B
제25회 회장배 전 한국 스쿼시 선수권대회,202512706,2025-06-05,여자 18세이하부,개인전,토너먼트,준준준결승경기５,서예은,202206004756,,이수현,202302014612,,3,0,A
제25회 회장배 전 한국 스쿼시 선수권대회,202512706,2025-06-05,여자 18세이하부,개인전,토너먼트,준준준결승경기６,라우림,202202004038,,하채연,202505005994,,3,0,A
제25회 회장배 전 한국 스쿼시 선수권대회,202512706,2025-06-05,여자 18세이하부,개인전,토너먼트,준준준결승경기７,정예인,202502013527,,정단아,202207001150,,0,3,B
제25회 회장배 전 한국 스쿼시 선수권대회,202512706,2025-06-05,여자 18세이하부,개인전,토너먼트,준준준결승경기８,전채우,202404003581,,김태연,201605003414,,0,3,B
제25회 회장배 전 한국 스쿼시 선수권대회,202512706,2025-06-05,여자 18세이하부,개인전,토너먼트,준준결승경기１,박솔민,202002002489,,김지윤,202306009406,,3,0,A
제25회 회장배 전 한국 스쿼시 선수권대회,202512706,2025-06-05,여자 18세이하부,개인전,토너먼트,준준결승경기２,정수아,202307002127,,김유빈,202302015267,,3,1,A
제25회 회장배 전 한국 스쿼시 선수권대회,202512706,2025-06-05,여자 18세이하부,개인전,토너먼트,준준결승경기３,서예은,202206004756,,라우림,202202004038,,3,0,A
제25회 회장배 전 한국 스쿼시 선수권대회,202512706,2025-06-05,여자 18세이하부,개인전,토너먼트,준준결승경기４,정단아,202207001150,,김태연,201605003414,,1,3,B
제25회 회장배 전 한국 스쿼시 선수권대회,202512706,2025-06-05,여자 18세이하부,개인전,토너먼트,준결승경기１,박솔민,202002002489,,정수아,202307002127,,3,0,A
제25회 회장배 전 한국 스쿼시 선수권대회,202512706,2025-06-05,여자 18세이하부,개인전,토너먼트,준결승경기２,서예은,202206004756,,김태연,201605003414,,3,0,A
제25회 회장배 전 한국 스쿼시 선수권대회,202512706,2025-06-05,여자 18세이하부,개인전,토너먼트,결승,박솔민,202002002489,,서예은,202206004756,,3,1,A
제25회 회장배 전 한국 스쿼시 선수권대회,202512706,2025-06-05,여자 18세이하부,단체전,리그전,1R / A조,(사)천안남서울스포츠클럽,,,경상남도스쿼시연맹,,,1,2,B
제25회 회장배 전 한국 스쿼시 선수권대회,202512706,2025-06-05,여자 18세이하부,단체전,리그전,1R / A조,충북상업정보고등학교,,,경상남도스쿼시연맹,,,2,1,A
제25회 회장배 전 한국 스쿼시 선수권대회,202512706,2025-06-05,여자 18세이하부,단체전,리그전,1R / A조,충북상업정보고등학교,,,(사)천안남서울스포츠클럽,,,3,0,A
제25회 회장배 전 한국 스쿼시 선수권대회,202512706,2025-06-05,여자 18세이하부,복식,토너먼트,예선경기１,"박솔민, 김태영",,,"김태연, 이수현",,,0,2,B
제25회 회장배 전 한국 스쿼시 선수권대회,202512706,2025-06-05,여자 18세이하부,복식,토너먼트,예선경기２,"강연아, 임수아",,,"백다정, 전채우",,,2,0,A
제25회 회장배 전 한국 스쿼시 선수권대회,202512706,2025-06-05,여자 18세이하부,복식,토너먼트,결승,"김태연, 이수현",,,"강연아, 임수아",,,2,0,A
제25회 회장배 전 한국 스쿼시 선수권대회,202512706,2025-06-05,남자 18세이하부,개인전,토너먼트,예선경기２,윤지훈,202502013232,,이동화,202007000243,,0,3,B
제25회 회장배 전 한국 스쿼시 선수권대회,202512706,2025-06-05,남자 18세이하부,개인전,토너먼트,예선경기３,민휘훈,202403093347,,황지호,202306012178,,2,3,B
제25회 회장배 전 한국 스쿼시 선수권대회,202512706,2025-06-05,남자 18세이하부,개인전,토너먼트,예선경기６,김경민,202211001200,,안동현,202305015908,,0,3,B
제25회 회장배 전 한국 스쿼시 선수권대회,202512706,2025-06-05,남자 18세이하부,개인전,토너먼트,예선경기７,김현,202303001958,,송늘찬,202308010299,,3,1,A
제25회 회장배 전 한국 스쿼시 선수권대회,202512706,2025-06-05,남자 18세이하부,개인전,토너먼트,예선경기１０,전윤건,202306010293,,신승원,202402018673,,3,0,A
제25회 회장배 전 한국 스쿼시 선수권대회,202512706,2025-06-05,남자 18세이하부,개인전,토너먼트,예선경기１１,현종선,202302017920,,김건우,202409001518,,0,3,B
제25회 회장배 전 한국 스쿼시 선수권대회,202512706,2025-06-05,남자 18세이하부,개인전,토너먼트,예선경기１４,김재영,202006001038,,오지훈,202307006557,,0,3,B
제25회 회장배 전 한국 스쿼시 선수권대회,202512706,2025-06-05,남자 18세이하부,개인전,토너먼트,예선경기１５,이성빈,202302013707,,윤하성,202502001198,,3,0,A
제25회 회장배 전 한국 스쿼시 선수권대회,202512706,2025-06-05,남자 18세이하부,개인전,토너먼트,준준준결승경기１,박민기,202006000140,,이동화,202007000243,,3,0,A
제25회 회장배 전 한국 스쿼시 선수권대회,202512706,2025-06-05,남자 18세이하부,개인전,토너먼트,준준준결승경기２,황지호,202306012178,,함동현,202307006269,,1,3,B
제25회 회장배 전 한국 스쿼시 선수권대회,202512706,2025-06-05,남자 18세이하부,개인전,토너먼트,준준준결승경기３,서한규,202407006297,,안동현,202305015908,,0,3,B
제25회 회장배 전 한국 스쿼시 선수권대회,202512706,2025-06-05,남자 18세이하부,개인전,토너먼트,준준준결승경기４,김현,202303001958,,이용욱,201902003971,,0,3,B
제25회 회장배 전 한국 스쿼시 선수권대회,202512706,2025-06-05,남자 18세이하부,개인전,토너먼트,준준준결승경기５,김찬영,202203001906,,전윤건,202306010293,,3,0,A
제25회 회장배 전 한국 스쿼시 선수권대회,202512706,2025-06-05,남자 18세이하부,개인전,토너먼트,준준준결승경기６,김건우,202409001518,,전서율,201905001623,,0,3,B
제25회 회장배 전 한국 스쿼시 선수권대회,202512706,2025-06-05,남자 18세이하부,개인전,토너먼트,준준준결승경기７,박은찬,202206006191,,오지훈,202307006557,,0,3,B
제25회 회장배 전 한국 스쿼시 선수권대회,202512706,2025-06-05,남자 18세이하부,개인전,토너먼트,준준준결승경기８,이성빈,202302013707,,김준호,202004000367,,3,2,A
제25회 회장배 전 한국 스쿼시 선수권대회,202512706,2025-06-05,남자 18세이하부,개인전,토너먼트,준준결승경기１,박민기,202006000140,,함동현,202307006269,,3,1,A
제25회 회장배 전 한국 스쿼시 선수권대회,202512706,2025-06-05,남자 18세이하부,개인전,토너먼트,준준결승경기２,안동현,202305015908,,이용욱,201902003971,,0,3,B
제25회 회장배 전 한국 스쿼시 선수권대회,202512706,2025-06-05,남자 18세이하부,개인전,토너먼트,준준결승경기３,김찬영,202203001906,,전서율,201905001623,,3,0,A
제25회 회장배 전 한국 스쿼시 선수권대회,202512706,2025-06-05,남자 18세이하부,개인전,토너먼트,준준결승경기４,오지훈,202307006557,,이성빈,202302013707,,0,3,B
제25회 회장배 전 한국 스쿼시 선수권대회,202512706,2025-06-05,남자 18세이하부,개인전,토너먼트,준결승경기１,박민기,202006000140,,이용욱,201902003971,,2,3,B
제25회 회장배 전 한국 스쿼시 선수권대회,202512706,2025-06-05,남자 18세이하부,개인전,토너먼트,준결승경기２,김찬영,202203001906,,이성빈,202302013707,,3,0,A
제25회 회장배 전 한국 스쿼시 선수권대회,202512706,2025-06-05,남자 18세이하부,개인전,토너먼트,결승,이용욱,201902003971,,김찬영,202203001906,,3,0,A
제25회 회장배 전 한국 스쿼시 선수권대회,202512706,2025-06-05,남자 18세이하부,단체전,토너먼트,예선경기１,오남고등학교,,,천안월봉고등학교,,,2,1,A
제25회 회장배 전 한국 스쿼시 선수권대회,202512706,2025-06-05,남자 18세이하부,단체전,토너먼트,예선경기２,언양고등학교,,,와룡고등학교,,,3,0,A
제25회 회장배 전 한국 스쿼시 선수권대회,202512706,2025-06-05,남자 18세이하부,단체전,토너먼트,결승,오남고등학교,,,언양고등학교,,,0,2,B
제25회 회장배 전 한국 스쿼시 선수권대회,202512706,2025-06-05,남자 18세이하부,복식,토너먼트,예선경기１,"김준호, 김찬영",,,"박은찬, 서한규",,,2,0,A
제25회 회장배 전 한국 스쿼시 선수권대회,202512706,2025-06-05,남자 18세이하부,복식,토너먼트,예선경기２,"곽서준, 황승조",,,"오지훈, 김건우",,,2,1,A
제25회 회장배 전 한국 스쿼시 선수권대회,202512706,2025-06-05,남자 18세이하부,복식,토너먼트,결승,"김준호, 김찬영",,,"곽서준, 황승조",,,2,1,A
제25회 회장배 전 한국 스쿼시 선수권대회,202512706,2025-06-05,여자 대학부,개인전,토너먼트,예선경기２,남지윤,202203011255,,황수민,202302003492,,3,0,A
제25회 회장배 전 한국 스쿼시 선수권대회,202512706,2025-06-05,여자 대학부,개인전,토너먼트,준준결승경기１,조아연,201903004040,,남지윤,202203011255,,3,0,A
제25회 회장배 전 한국 스쿼시 선수권대회,202512706,2025-06-05,여자 대학부,개인전,토너먼트,준준결승경기２,엄준,201804000231,,노윤진,201702011015,,0,3,B
제25회 회장배 전 한국 스쿼시 선수권대회,202512706,2025-06-05,여자 대학부,개인전,토너먼트,준준결승경기３,조예림,202006001243,,전현영,202201001946,,3,0,A
제25회 회장배 전 한국 스쿼시 선수권대회,202512706,2025-06-05,여자 대학부,개인전,토너먼트,준준결승경기４,김민정,202102002754,,김하연,201503006905,,0,3,B
제25회 회장배 전 한국 스쿼시 선수권대회,202512706,2025-06-05,여자 대학부,개인전,토너먼트,준결승경기１,조아연,201903004040,,노윤진,201702011015,,3,0,A
제25회 회장배 전 한국 스쿼시 선수권대회,202512706,2025-06-05,여자 대학부,개인전,토너먼트,준결승경기２,조예림,202006001243,,김하연,201503006905,,2,3,B
제25회 회장배 전 한국 스쿼시 선수권대회,202512706,2025-06-05,여자 대학부,개인전,토너먼트,결승,조아연,201903004040,,김하연,201503006905,,3,0,A
제25회 회장배 전 한국 스쿼시 선수권대회,202512706,2025-06-05,남자 대학부,개인전,토너먼트,예선경기２,강세찬,202303003325,,이상엽,202304048505,,0,3,B
제25회 회장배 전 한국 스쿼시 선수권대회,202512706,2025-06-05,남자 대학부,개인전,토너먼트,예선경기３,이동욱,202007000237,,남기태,202103006627,,3,1,A
제25회 회장배 전 한국 스쿼시 선수권대회,202512706,2025-06-05,남자 대학부,개인전,토너먼트,예선경기４,한혁중,202203001974,,손우주,201902004585,,0,3,B
제25회 회장배 전 한국 스쿼시 선수권대회,202512706,2025-06-05,남자 대학부,개인전,토너먼트,예선경기５,김동하,202207005619,,나동현,202301001068,,3,0,A
제25회 회장배 전 한국 스쿼시 선수권대회,202512706,2025-06-05,남자 대학부,개인전,토너먼트,예선경기６,김태경,202207011111,,구동현,201402010302,,3,1,A
제25회 회장배 전 한국 스쿼시 선수권대회,202512706,2025-06-05,남자 대학부,개인전,토너먼트,예선경기７,정광민,202103008002,,고백균,202203000460,,3,1,A
제25회 회장배 전 한국 스쿼시 선수권대회,202512706,2025-06-05,남자 대학부,개인전,토너먼트,준준결승경기１,김준영,201707001971,,이상엽,202304048505,,3,0,A
제25회 회장배 전 한국 스쿼시 선수권대회,202512706,2025-06-05,남자 대학부,개인전,토너먼트,준준결승경기２,이동욱,202007000237,,손우주,201902004585,,0,3,B
제25회 회장배 전 한국 스쿼시 선수권대회,202512706,2025-06-05,남자 대학부,개인전,토너먼트,준준결승경기３,김동하,202207005619,,김태경,202207011111,,3,0,A
제25회 회장배 전 한국 스쿼시 선수권대회,202512706,2025-06-05,남자 대학부,개인전,토너먼트,준준결승경기４,정광민,202103008002,,이지석,201703004879,,0,3,B
제25회 회장배 전 한국 스쿼시 선수권대회,202512706,2025-06-05,남자 대학부,개인전,토너먼트,준결승경기１,김준영,201707001971,,손우주,201902004585,,3,1,A
제25회 회장배 전 한국 스쿼시 선수권대회,202512706,2025-06-05,남자 대학부,개인전,토너먼트,준결승경기２,김동하,202207005619,,이지석,201703004879,,1,3,B
제25회 회장배 전 한국 스쿼시 선수권대회,202512706,2025-06-05,남자 대학부,개인전,토너먼트,결승,김준영,201707001971,,이지석,201703004879,,2,3,B
제25회 회장배 전 한국 스쿼시 선수권대회,202512706,2025-06-05,남자 대학부,복식,리그전,1R / A조,"한혁중, 나동현",,,"김준영, 정광민",,,0,0,A
제25회 회장배 전 한국 스쿼시 선수권대회,202512706,2025-06-05,남자 대학부,복식,리그전,1R / A조,"구동현, 손우주",,,"김준영, 정광민",,,0,0,A
제25회 회장배 전 한국 스쿼시 선수권대회,202512706,2025-06-05,남자 대학부,복식,리그전,1R / A조,"구동현, 손우주",,,"한혁중, 나동현",,,1,2,B
제25회 회장배 전 한국 스쿼시 선수권대회,202512706,2025-06-05,여자 일반부,개인전,토너먼트,예선경기２,이자연,202003003272,,배찬미,200506004011,,0,3,B
제25회 회장배 전 한국 스쿼시 선수권대회,202512706,2025-06-05,여자 일반부,개인전,토너먼트,준준준준결승 1,엄화영,201002007702,,배찬미,200506004011,,3,0,A
제25회 회장배 전 한국 스쿼시 선수권대회,202512706,2025-06-05,여자 일반부,개인전,토너먼트,준준준준결승 2,김하은,201302005893,,안은찬,200312014298,,0,3,B
제25회 회장배 전 한국 스쿼시 선수권대회,202512706,2025-06-05,여자 일반부,개인전,토너먼트,준준준준결승 3,이소진,201503029527,,구보경,201902004370,,3,0,A
제25회 회장배 전 한국 스쿼시 선수권대회,202512706,2025-06-05,여자 일반부,개인전,토너먼트,준준준준결승 4,박다송,202204086461,,서효주,201402001683,,0,3,B
제25회 회장배 전 한국 스쿼시 선수권대회,202512706,2025-06-05,여자 일반부,개인전,토너먼트,준준준준결승 5,김다미,201107004502,,김가혜,200312004260,,0,3,B
제25회 회장배 전 한국 스쿼시 선수권대회,202512706,2025-06-05,여자 일반부,개인전,토너먼트,준준준준결승 6,김가람,200505000922,,김민희,201402004905,,3,2,A
제25회 회장배 전 한국 스쿼시 선수권대회,202512706,2025-06-05,여자 일반부,개인전,토너먼트,준준준준결승 7,이경진,202203011267,,곽다연,201302006626,,0,3,B
제25회 회장배 전 한국 스쿼시 선수권대회,202512706,2025-06-05,여자 일반부,개인전,토너먼트,준준준준결승 8,이기쁨,202201001493,,이지현,200504008455,,0,3,B
제25회 회장배 전 한국 스쿼시 선수권대회,202512706,2025-06-05,여자 일반부,개인전,토너먼트,준준준준결승 9,허민경,201103015212,,권소원,202404019722,,3,0,A
제25회 회장배 전 한국 스쿼시 선수권대회,202512706,2025-06-05,여자 일반부,개인전,토너먼트,준준준준결승 10,문혜연,201203009845,,이승연,201405001347,,3,2,A
제25회 회장배 전 한국 스쿼시 선수권대회,202512706,2025-06-05,여자 일반부,개인전,토너먼트,준준준준결승 11,전아인,201203004577,,송동주,201205000983,,1,3,B
제25회 회장배 전 한국 스쿼시 선수권대회,202512706,2025-06-05,여자 일반부,개인전,토너먼트,준준준준결승 12,박미림,200312007885,,송채원,200903026922,,0,3,B
제25회 회장배 전 한국 스쿼시 선수권대회,202512706,2025-06-05,여자 일반부,개인전,토너먼트,준준준준결승 13,양연수,200409006651,,서하민,201703008633,,0,0,B
제25회 회장배 전 한국 스쿼시 선수권대회,202512706,2025-06-05,여자 일반부,개인전,토너먼트,준준준준결승 14,오승희,201209002253,,조강빈,201606003147,,3,0,A
제25회 회장배 전 한국 스쿼시 선수권대회,202512706,2025-06-05,여자 일반부,개인전,토너먼트,준준준준결승 15,장예원,201601000670,,김미소,201205000350,,3,0,A
제25회 회장배 전 한국 스쿼시 선수권대회,202512706,2025-06-05,여자 일반부,개인전,토너먼트,준준준준결승 16,신유진,201602007698,,최유라,200703026440,,0,3,B
제25회 회장배 전 한국 스쿼시 선수권대회,202512706,2025-06-05,여자 일반부,개인전,토너먼트,준준준결승경기１,엄화영,201002007702,,안은찬,200312014298,,3,1,A
제25회 회장배 전 한국 스쿼시 선수권대회,202512706,2025-06-05,여자 일반부,개인전,토너먼트,준준준결승경기２,이소진,201503029527,,서효주,201402001683,,0,3,B
제25회 회장배 전 한국 스쿼시 선수권대회,202512706,2025-06-05,여자 일반부,개인전,토너먼트,준준준결승경기３,김가혜,200312004260,,김가람,200505000922,,3,0,A
제25회 회장배 전 한국 스쿼시 선수권대회,202512706,2025-06-05,여자 일반부,개인전,토너먼트,준준준결승경기４,곽다연,201302006626,,이지현,200504008455,,0,3,B
제25회 회장배 전 한국 스쿼시 선수권대회,202512706,2025-06-05,여자 일반부,개인전,토너먼트,준준준결승경기５,허민경,201103015212,,문혜연,201203009845,,3,0,A
제25회 회장배 전 한국 스쿼시 선수권대회,202512706,2025-06-05,여자 일반부,개인전,토너먼트,준준준결승경기６,송동주,201205000983,,송채원,200903026922,,0,3,B
제25회 회장배 전 한국 스쿼시 선수권대회,202512706,2025-06-05,여자 일반부,개인전,토너먼트,준준준결승경기７,서하민,201703008633,,오승희,201209002253,,0,3,B
제25회 회장배 전 한국 스쿼시 선수권대회,202512706,2025-06-05,여자 일반부,개인전,토너먼트,준준준결승경기８,장예원,201601000670,,최유라,200703026440,,0,3,B
제25회 회장배 전 한국 스쿼시 선수권대회,202512706,2025-06-05,여자 일반부,개인전,토너먼트,준준결승경기１,엄화영,201002007702,,서효주,201402001683,,3,0,A
제25회 회장배 전 한국 스쿼시 선수권대회,202512706,2025-06-05,여자 일반부,개인전,토너먼트,준준결승경기２,김가혜,200312004260,,이지현,200504008455,,2,3,B
제25회 회장배 전 한국 스쿼시 선수권대회,202512706,2025-06-05,여자 일반부,개인전,토너먼트,준준결승경기３,허민경,201103015212,,송채원,200903026922,,3,2,A
제25회 회장배 전 한국 스쿼시 선수권대회,202512706,2025-06-05,여자 일반부,개인전,토너먼트,준준결승경기４,오승희,201209002253,,최유라,200703026440,,0,3,B
제25회 회장배 전 한국 스쿼시 선수권대회,202512706,2025-06-05,여자 일반부,개인전,토너먼트,준결승경기１,엄화영,201002007702,,이지현,200504008455,,3,0,A
제25회 회장배 전 한국 스쿼시 선수권대회,202512706,2025-06-05,여자 일반부,개인전,토너먼트,준결승경기２,허민경,201103015212,,최유라,200703026440,,3,1,A
제25회 회장배 전 한국 스쿼시 선수권대회,202512706,2025-06-05,여자 일반부,개인전,토너먼트,결승,엄화영,201002007702,,허민경,201103015212,,3,0,A
제25회 회장배 전 한국 스쿼시 선수권대회,202512706,2025-06-05,남자 일반부,개인전,토너먼트,예선경기２,유덕재,201104000837,,최영진,201603000883,,3,0,A
제25회 회장배 전 한국 스쿼시 선수권대회,202512706,2025-06-05,남자 일반부,개인전,토너먼트,예선경기１０,임재현,201402001427,,이승택,200505000724,,0,3,B
제25회 회장배 전 한국 스쿼시 선수권대회,202512706,2025-06-05,남자 일반부,개인전,토너먼트,예선경기１５,박성찬,201006002472,,유승용,200907002704,,0,0,B
제25회 회장배 전 한국 스쿼시 선수권대회,202512706,2025-06-05,남자 일반부,개인전,토너먼트,예선경기１８,천승환,202107003356,,김태현,201302005947,,0,3,B
제25회 회장배 전 한국 스쿼시 선수권대회,202512706,2025-06-05,남자 일반부,개인전,토너먼트,예선경기 23,이현욱,201203014577,,지동현,201507002321,,0,0,B
제25회 회장배 전 한국 스쿼시 선수권대회,202512706,2025-06-05,남자 일반부,개인전,토너먼트,예선경기 26,심규영,201504001319,,이건동,200312007919,,2,3,B
제25회 회장배 전 한국 스쿼시 선수권대회,202512706,2025-06-05,남자 일반부,개인전,토너먼트,예선경기 31,김현인,201602013447,,김진규,202302005904,,3,0,A
제25회 회장배 전 한국 스쿼시 선수권대회,202512706,2025-06-05,남자 일반부,개인전,토너먼트,준준준준결승 1,류정욱,201603018160,,유덕재,201104000837,,1,3,B
제25회 회장배 전 한국 스쿼시 선수권대회,202512706,2025-06-05,남자 일반부,개인전,토너먼트,준준준준결승 2,김동우,201503028559,,김석진,201203009405,,3,0,A
제25회 회장배 전 한국 스쿼시 선수권대회,202512706,2025-06-05,남자 일반부,개인전,토너먼트,준준준준결승 3,김창하,201602010896,,문석호,201402009240,,0,3,B
제25회 회장배 전 한국 스쿼시 선수권대회,202512706,2025-06-05,남자 일반부,개인전,토너먼트,준준준준결승 4,이동준,201302010744,,박승민,201702006829,,2,3,B
제25회 회장배 전 한국 스쿼시 선수권대회,202512706,2025-06-05,남자 일반부,개인전,토너먼트,준준준준결승 5,유재진,200504008874,,이승택,200505000724,,3,0,A
제25회 회장배 전 한국 스쿼시 선수권대회,202512706,2025-06-05,남자 일반부,개인전,토너먼트,준준준준결승 6,강현범,201302006321,,진승우,200312004753,,3,0,A
제25회 회장배 전 한국 스쿼시 선수권대회,202512706,2025-06-05,남자 일반부,개인전,토너먼트,준준준준결승 7,고영조,200506001863,,황중찬,200706002344,,3,0,A
제25회 회장배 전 한국 스쿼시 선수권대회,202512706,2025-06-05,남자 일반부,개인전,토너먼트,준준준준결승 8,유승용,200907002704,,오서진,201605004663,,0,3,B
제25회 회장배 전 한국 스쿼시 선수권대회,202512706,2025-06-05,남자 일반부,개인전,토너먼트,준준준준결승 9,나주영,201602006877,,김태현,201302005947,,3,0,A
제25회 회장배 전 한국 스쿼시 선수권대회,202512706,2025-06-05,남자 일반부,개인전,토너먼트,준준준준결승 10,한승철,201501001406,,김재훈,202204079309,,3,0,A
제25회 회장배 전 한국 스쿼시 선수권대회,202512706,2025-06-05,남자 일반부,개인전,토너먼트,준준준준결승 11,우창욱,200505000725,,박성진,202206008576,,3,0,A
제25회 회장배 전 한국 스쿼시 선수권대회,202512706,2025-06-05,남자 일반부,개인전,토너먼트,준준준준결승 12,지동현,201507002321,,박종명,200803023360,,0,3,B
제25회 회장배 전 한국 스쿼시 선수권대회,202512706,2025-06-05,남자 일반부,개인전,토너먼트,준준준준결승 13,강우석,201302005902,,이건동,200312007919,,3,1,A
제25회 회장배 전 한국 스쿼시 선수권대회,202512706,2025-06-05,남자 일반부,개인전,토너먼트,준준준준결승 14,오성학,201103013572,,박정식,201103008064,,2,3,B
제25회 회장배 전 한국 스쿼시 선수권대회,202512706,2025-06-05,남자 일반부,개인전,토너먼트,준준준준결승 15,유호제,201405000567,,김승현,201403012359,,1,3,B
제25회 회장배 전 한국 스쿼시 선수권대회,202512706,2025-06-05,남자 일반부,개인전,토너먼트,준준준준결승 16,김현인,201602013447,,이민우,201407000924,,0,3,B
제25회 회장배 전 한국 스쿼시 선수권대회,202512706,2025-06-05,남자 일반부,개인전,토너먼트,준준준결승경기１,유덕재,201104000837,,김동우,201503028559,,3,0,A
제25회 회장배 전 한국 스쿼시 선수권대회,202512706,2025-06-05,남자 일반부,개인전,토너먼트,준준준결승경기２,문석호,201402009240,,박승민,201702006829,,1,3,B
제25회 회장배 전 한국 스쿼시 선수권대회,202512706,2025-06-05,남자 일반부,개인전,토너먼트,준준준결승경기３,유재진,200504008874,,강현범,201302006321,,3,0,A
제25회 회장배 전 한국 스쿼시 선수권대회,202512706,2025-06-05,남자 일반부,개인전,토너먼트,준준준결승경기４,고영조,200506001863,,오서진,201605004663,,3,2,A
제25회 회장배 전 한국 스쿼시 선수권대회,202512706,2025-06-05,남자 일반부,개인전,토너먼트,준준준결승경기５,나주영,201602006877,,한승철,201501001406,,3,1,A
제25회 회장배 전 한국 스쿼시 선수권대회,202512706,2025-06-05,남자 일반부,개인전,토너먼트,준준준결승경기６,우창욱,200505000725,,박종명,200803023360,,2,3,B
제25회 회장배 전 한국 스쿼시 선수권대회,202512706,2025-06-05,남자 일반부,개인전,토너먼트,준준준결승경기７,강우석,201302005902,,박정식,201103008064,,3,0,A
제25회 회장배 전 한국 스쿼시 선수권대회,202512706,2025-06-05,남자 일반부,개인전,토너먼트,준준준결승경기８,김승현,201403012359,,이민우,201407000924,,0,3,B
제25회 회장배 전 한국 스쿼시 선수권대회,202512706,2025-06-05,남자 일반부,개인전,토너먼트,준준결승경기１,유덕재,201104000837,,박승민,201702006829,,3,1,A
제25회 회장배 전 한국 스쿼시 선수권대회,202512706,2025-06-05,남자 일반부,개인전,토너먼트,준준결승경기２,유재진,200504008874,,고영조,200506001863,,1,3,B
제25회 회장배 전 한국 스쿼시 선수권대회,202512706,2025-06-05,남자 일반부,개인전,토너먼트,준준결승경기３,나주영,201602006877,,박종명,200803023360,,3,1,A
제25회 회장배 전 한국 스쿼시 선수권대회,202512706,2025-06-05,남자 일반부,개인전,토너먼트,준준결승경기４,강우석,201302005902,,이민우,201407000924,,2,3,B
제25회 회장배 전 한국 스쿼시 선수권대회,202512706,2025-06-05,남자 일반부,개인전,토너먼트,준결승경기１,유덕재,201104000837,,고영조,200506001863,,2,3,B
제25회 회장배 전 한국 스쿼시 선수권대회,202512706,2025-06-05,남자 일반부,개인전,토너먼트,준결승경기２,나주영,201602006877,,이민우,201407000924,,1,3,B
제25회 회장배 전 한국 스쿼시 선수권대회,202512706,2025-06-05,남자 일반부,개인전,토너먼트,결승,고영조,200506001863,,이민우,201407000924,,0,3,B
제22회 회장배 전국 학생 스쿼시 선수권대회,202512694,2025-06-19,여자 12세이하부,개인전,토너먼트,예선경기２,홍지우,202307007070,,신지원,202308012659,,3,0,A
제22회 회장배 전국 학생 스쿼시 선수권대회,202512694,2025-06-19,여자 12세이하부,개인전,토너먼트,예선경기３,김지은,202008003330,,박라온,202502015221,,0,0,B
제22회 회장배 전국 학생 스쿼시 선수권대회,202512694,2025-06-19,여자 12세이하부,개인전,토너먼트,예선경기４,김예지,202505004782,,백지원,202503047683,,0,3,B
제22회 회장배 전국 학생 스쿼시 선수권대회,202512694,2025-06-19,여자 12세이하부,개인전,토너먼트,예선경기５,최민지,202311002499,,전지아,202309001333,,3,0,A
제22회 회장배 전국 학생 스쿼시 선수권대회,202512694,2025-06-19,여자 12세이하부,개인전,토너먼트,예선경기６,김예빈,202311001849,,정서윤,202307004948,,3,0,A
제22회 회장배 전국 학생 스쿼시 선수권대회,202512694,2025-06-19,여자 12세이하부,개인전,토너먼트,예선경기７,전예은,202503003861,,이채빈,202502016148,,0,3,B
제22회 회장배 전국 학생 스쿼시 선수권대회,202512694,2025-06-19,여자 12세이하부,개인전,토너먼트,예선경기８,김다인,202402016722,,최은,202304014708,,0,3,B
제22회 회장배 전국 학생 스쿼시 선수권대회,202512694,2025-06-19,여자 12세이하부,개인전,토너먼트,준준결승경기１,안서율,202403016789,,홍지우,202307007070,,3,0,A
제22회 회장배 전국 학생 스쿼시 선수권대회,202512694,2025-06-19,여자 12세이하부,개인전,토너먼트,준준결승경기２,박라온,202502015221,,백지원,202503047683,,0,3,B
제22회 회장배 전국 학생 스쿼시 선수권대회,202512694,2025-06-19,여자 12세이하부,개인전,토너먼트,준준결승경기３,최민지,202311002499,,김예빈,202311001849,,3,1,A
제22회 회장배 전국 학생 스쿼시 선수권대회,202512694,2025-06-19,여자 12세이하부,개인전,토너먼트,준준결승경기４,이채빈,202502016148,,최은,202304014708,,0,3,B
제22회 회장배 전국 학생 스쿼시 선수권대회,202512694,2025-06-19,여자 12세이하부,개인전,토너먼트,준결승경기１,안서율,202403016789,,백지원,202503047683,,3,0,A
제22회 회장배 전국 학생 스쿼시 선수권대회,202512694,2025-06-19,여자 12세이하부,개인전,토너먼트,준결승경기２,최민지,202311002499,,최은,202304014708,,0,3,B
제22회 회장배 전국 학생 스쿼시 선수권대회,202512694,2025-06-19,여자 12세이하부,개인전,토너먼트,결승,안서율,202403016789,,최은,202304014708,,3,0,A
제22회 회장배 전국 학생 스쿼시 선수권대회,202512694,2025-06-19,남자 12세이하부,개인전,토너먼트,예선경기２,이서진,202503025297,,이지혁,202503026348,,0,3,B
제22회 회장배 전국 학생 스쿼시 선수권대회,202512694,2025-06-19,남자 12세이하부,개인전,토너먼트,예선경기６,김민,202403018707,,김민준,202411001135,,3,0,A
제22회 회장배 전국 학생 스쿼시 선수권대회,202512694,2025-06-19,남자 12세이하부,개인전,토너먼트,예선경기７,강동운,202402018619,,위서진,202504012424,,3,0,A
제22회 회장배 전국 학생 스쿼시 선수권대회,202512694,2025-06-19,남자 12세이하부,개인전,토너먼트,예선경기１０,서예준,202403017121,,황예준,202505009465,,3,1,A
제22회 회장배 전국 학생 스쿼시 선수권대회,202512694,2025-06-19,남자 12세이하부,개인전,토너먼트,예선경기１１,이준서,202305012079,,박준응,202502016017,,3,0,A
제22회 회장배 전국 학생 스쿼시 선수권대회,202512694,2025-06-19,남자 12세이하부,개인전,토너먼트,예선경기１５,하강성,202506002036,,박천,202406007468,,0,3,B
제22회 회장배 전국 학생 스쿼시 선수권대회,202512694,2025-06-19,남자 12세이하부,개인전,토너먼트,준준준결승경기１,최현욱,202103005535,,이지혁,202503026348,,3,0,A
제22회 회장배 전국 학생 스쿼시 선수권대회,202512694,2025-06-19,남자 12세이하부,개인전,토너먼트,준준준결승경기２,강예준,202304049424,,백무건,202505005931,,3,0,A
제22회 회장배 전국 학생 스쿼시 선수권대회,202512694,2025-06-19,남자 12세이하부,개인전,토너먼트,준준준결승경기３,윤청,202504012715,,김민,202403018707,,0,3,B
제22회 회장배 전국 학생 스쿼시 선수권대회,202512694,2025-06-19,남자 12세이하부,개인전,토너먼트,준준준결승경기４,강동운,202402018619,,최재원,202102002568,,0,3,B
제22회 회장배 전국 학생 스쿼시 선수권대회,202512694,2025-06-19,남자 12세이하부,개인전,토너먼트,준준준결승경기５,김승주,202408012758,,서예준,202403017121,,1,3,B
제22회 회장배 전국 학생 스쿼시 선수권대회,202512694,2025-06-19,남자 12세이하부,개인전,토너먼트,준준준결승경기６,이준서,202305012079,,강그루,202411001084,,0,0,B
제22회 회장배 전국 학생 스쿼시 선수권대회,202512694,2025-06-19,남자 12세이하부,개인전,토너먼트,준준준결승경기７,김현석,202204086936,,전윤우,202309001289,,3,0,A
제22회 회장배 전국 학생 스쿼시 선수권대회,202512694,2025-06-19,남자 12세이하부,개인전,토너먼트,준준준결승경기８,박천,202406007468,,정지민,202411000811,,3,1,A
제22회 회장배 전국 학생 스쿼시 선수권대회,202512694,2025-06-19,남자 12세이하부,개인전,토너먼트,준준결승경기１,최현욱,202103005535,,강예준,202304049424,,2,3,B
제22회 회장배 전국 학생 스쿼시 선수권대회,202512694,2025-06-19,남자 12세이하부,개인전,토너먼트,준준결승경기２,김민,202403018707,,최재원,202102002568,,3,1,A
제22회 회장배 전국 학생 스쿼시 선수권대회,202512694,2025-06-19,남자 12세이하부,개인전,토너먼트,준준결승경기３,서예준,202403017121,,강그루,202411001084,,2,3,B
제22회 회장배 전국 학생 스쿼시 선수권대회,202512694,2025-06-19,남자 12세이하부,개인전,토너먼트,준준결승경기４,김현석,202204086936,,박천,202406007468,,3,0,A
제22회 회장배 전국 학생 스쿼시 선수권대회,202512694,2025-06-19,남자 12세이하부,개인전,토너먼트,준결승경기１,강예준,202304049424,,김민,202403018707,,3,0,A
제22회 회장배 전국 학생 스쿼시 선수권대회,202512694,2025-06-19,남자 12세이하부,개인전,토너먼트,준결승경기２,강그루,202411001084,,김현석,202204086936,,0,3,B
제22회 회장배 전국 학생 스쿼시 선수권대회,202512694,2025-06-19,남자 12세이하부,개인전,토너먼트,결승,강예준,202304049424,,김현석,202204086936,,3,1,A
제22회 회장배 전국 학생 스쿼시 선수권대회,202512694,2025-06-19,여자 15세이하부,개인전,토너먼트,예선경기２,이하율,202404007406,,윤차연,202504012688,,3,0,A
제22회 회장배 전국 학생 스쿼시 선수권대회,202512694,2025-06-19,여자 15세이하부,개인전,토너먼트,예선경기３,남유비,202202004112,,박서현,202411000815,,3,0,A
제22회 회장배 전국 학생 스쿼시 선수권대회,202512694,2025-06-19,여자 15세이하부,개인전,토너먼트,예선경기４,김아린,202303035971,,이서우,202311002595,,3,1,A
제22회 회장배 전국 학생 스쿼시 선수권대회,202512694,2025-06-19,여자 15세이하부,개인전,토너먼트,예선경기５,문하람,202002004153,,정현아,202207001169,,3,0,A
제22회 회장배 전국 학생 스쿼시 선수권대회,202512694,2025-06-19,여자 15세이하부,개인전,토너먼트,예선경기６,김규리,202307005459,,정유빈,202307008532,,0,3,B
제22회 회장배 전국 학생 스쿼시 선수권대회,202512694,2025-06-19,여자 15세이하부,개인전,토너먼트,예선경기７,김도은,202006003279,,김민주,202311002931,,3,0,A
제22회 회장배 전국 학생 스쿼시 선수권대회,202512694,2025-06-19,여자 15세이하부,개인전,토너먼트,예선경기８,서주연,202403017297,,이재인,202305008081,,0,3,B
제22회 회장배 전국 학생 스쿼시 선수권대회,202512694,2025-06-19,여자 15세이하부,개인전,토너먼트,준준결승경기１,이해인,202002004113,,이하율,202404007406,,3,0,A
제22회 회장배 전국 학생 스쿼시 선수권대회,202512694,2025-06-19,여자 15세이하부,개인전,토너먼트,준준결승경기２,남유비,202202004112,,김아린,202303035971,,2,3,B
제22회 회장배 전국 학생 스쿼시 선수권대회,202512694,2025-06-19,여자 15세이하부,개인전,토너먼트,준준결승경기３,문하람,202002004153,,정유빈,202307008532,,3,0,A
제22회 회장배 전국 학생 스쿼시 선수권대회,202512694,2025-06-19,여자 15세이하부,개인전,토너먼트,준준결승경기４,김도은,202006003279,,이재인,202305008081,,0,3,B
제22회 회장배 전국 학생 스쿼시 선수권대회,202512694,2025-06-19,여자 15세이하부,개인전,토너먼트,준결승경기１,이해인,202002004113,,김아린,202303035971,,3,0,A
제22회 회장배 전국 학생 스쿼시 선수권대회,202512694,2025-06-19,여자 15세이하부,개인전,토너먼트,준결승경기２,문하람,202002004153,,이재인,202305008081,,3,0,A
제22회 회장배 전국 학생 스쿼시 선수권대회,202512694,2025-06-19,여자 15세이하부,개인전,토너먼트,결승,이해인,202002004113,,문하람,202002004153,,3,0,A
제22회 회장배 전국 학생 스쿼시 선수권대회,202512694,2025-06-19,남자 15세이하부,개인전,토너먼트,예선경기２,이석현,202302017098,,장승보,202303008035,,0,3,B
제22회 회장배 전국 학생 스쿼시 선수권대회,202512694,2025-06-19,남자 15세이하부,개인전,토너먼트,예선경기６,이상경,202206010078,,윤지후,202406007498,,3,0,A
제22회 회장배 전국 학생 스쿼시 선수권대회,202512694,2025-06-19,남자 15세이하부,개인전,토너먼트,예선경기７,최원준,202309002019,,류태후,202506000302,,3,1,A
제22회 회장배 전국 학생 스쿼시 선수권대회,202512694,2025-06-19,남자 15세이하부,개인전,토너먼트,예선경기１０,윤태훈,202209003037,,김지완,202407009605,,3,1,A
제22회 회장배 전국 학생 스쿼시 선수권대회,202512694,2025-06-19,남자 15세이하부,개인전,토너먼트,예선경기１５,어준서,202411001569,,김민기,202006003212,,0,3,B
제22회 회장배 전국 학생 스쿼시 선수권대회,202512694,2025-06-19,남자 15세이하부,개인전,토너먼트,준준준결승경기１,김서준,201904001822,,장승보,202303008035,,3,0,A
제22회 회장배 전국 학생 스쿼시 선수권대회,202512694,2025-06-19,남자 15세이하부,개인전,토너먼트,준준준결승경기２,김준수,202305008331,,최윤호,202311001127,,0,3,B
제22회 회장배 전국 학생 스쿼시 선수권대회,202512694,2025-06-19,남자 15세이하부,개인전,토너먼트,준준준결승경기３,조은호,202502000939,,이상경,202206010078,,0,3,B
제22회 회장배 전국 학생 스쿼시 선수권대회,202512694,2025-06-19,남자 15세이하부,개인전,토너먼트,준준준결승경기４,최원준,202309002019,,김민재,202303000324,,0,3,B
제22회 회장배 전국 학생 스쿼시 선수권대회,202512694,2025-06-19,남자 15세이하부,개인전,토너먼트,준준준결승경기５,류지안,202202002116,,윤태훈,202209003037,,3,0,A
제22회 회장배 전국 학생 스쿼시 선수권대회,202512694,2025-06-19,남자 15세이하부,개인전,토너먼트,준준준결승경기６,최규현,202006002884,,윤종현,202204001156,,0,3,B
제22회 회장배 전국 학생 스쿼시 선수권대회,202512694,2025-06-19,남자 15세이하부,개인전,토너먼트,준준준결승경기７,나우영,201902002440,,강연우,202302018875,,2,3,B
제22회 회장배 전국 학생 스쿼시 선수권대회,202512694,2025-06-19,남자 15세이하부,개인전,토너먼트,준준준결승경기８,김민기,202006003212,,김성주,202203007369,,3,2,A
제22회 회장배 전국 학생 스쿼시 선수권대회,202512694,2025-06-19,남자 15세이하부,개인전,토너먼트,준준결승경기１,김서준,201904001822,,최윤호,202311001127,,3,0,A
제22회 회장배 전국 학생 스쿼시 선수권대회,202512694,2025-06-19,남자 15세이하부,개인전,토너먼트,준준결승경기２,이상경,202206010078,,김민재,202303000324,,2,3,B
제22회 회장배 전국 학생 스쿼시 선수권대회,202512694,2025-06-19,남자 15세이하부,개인전,토너먼트,준준결승경기３,류지안,202202002116,,윤종현,202204001156,,2,3,B
제22회 회장배 전국 학생 스쿼시 선수권대회,202512694,2025-06-19,남자 15세이하부,개인전,토너먼트,준준결승경기４,강연우,202302018875,,김민기,202006003212,,2,3,B
제22회 회장배 전국 학생 스쿼시 선수권대회,202512694,2025-06-19,남자 15세이하부,개인전,토너먼트,준결승경기１,김서준,201904001822,,김민재,202303000324,,3,0,A
제22회 회장배 전국 학생 스쿼시 선수권대회,202512694,2025-06-19,남자 15세이하부,개인전,토너먼트,준결승경기２,윤종현,202204001156,,김민기,202006003212,,3,0,A
제22회 회장배 전국 학생 스쿼시 선수권대회,202512694,2025-06-19,남자 15세이하부,개인전,토너먼트,결승,김서준,201904001822,,윤종현,202204001156,,3,1,A
제22회 회장배 전국 학생 스쿼시 선수권대회,202512694,2025-06-19,여자 18세이하부,개인전,토너먼트,예선경기２,황지영,202403018376,,강연아,202302018871,,0,3,B
제22회 회장배 전국 학생 스쿼시 선수권대회,202512694,2025-06-19,여자 18세이하부,개인전,토너먼트,준준준결승경기１,박솔민,202002002489,,강연아,202302018871,,3,0,A
제22회 회장배 전국 학생 스쿼시 선수권대회,202512694,2025-06-19,여자 18세이하부,개인전,토너먼트,준준준결승경기２,하채연,202505005994,,라우림,202202004038,,0,3,B
제22회 회장배 전국 학생 스쿼시 선수권대회,202512694,2025-06-19,여자 18세이하부,개인전,토너먼트,준준준결승경기３,김태연,201605003414,,임수아,202302017165,,3,0,A
제22회 회장배 전국 학생 스쿼시 선수권대회,202512694,2025-06-19,여자 18세이하부,개인전,토너먼트,준준준결승경기４,문서윤,202307002568,,김유빈,202302015267,,0,3,B
제22회 회장배 전국 학생 스쿼시 선수권대회,202512694,2025-06-19,여자 18세이하부,개인전,토너먼트,준준준결승경기５,정수아,202307002127,,나현아,202406007100,,3,0,A
제22회 회장배 전국 학생 스쿼시 선수권대회,202512694,2025-06-19,여자 18세이하부,개인전,토너먼트,준준준결승경기６,김태영,202406003305,,이수현,202302014612,,0,3,B
제22회 회장배 전국 학생 스쿼시 선수권대회,202512694,2025-06-19,여자 18세이하부,개인전,토너먼트,준준준결승경기７,정단아,202207001150,,김소윤,202307002569,,3,0,A
제22회 회장배 전국 학생 스쿼시 선수권대회,202512694,2025-06-19,여자 18세이하부,개인전,토너먼트,준준준결승경기８,류승희,202506000301,,서예은,202206004756,,0,3,B
제22회 회장배 전국 학생 스쿼시 선수권대회,202512694,2025-06-19,여자 18세이하부,개인전,토너먼트,준준결승경기１,박솔민,202002002489,,라우림,202202004038,,3,0,A
제22회 회장배 전국 학생 스쿼시 선수권대회,202512694,2025-06-19,여자 18세이하부,개인전,토너먼트,준준결승경기２,김태연,201605003414,,김유빈,202302015267,,3,1,A
제22회 회장배 전국 학생 스쿼시 선수권대회,202512694,2025-06-19,여자 18세이하부,개인전,토너먼트,준준결승경기３,정수아,202307002127,,이수현,202302014612,,3,2,A
제22회 회장배 전국 학생 스쿼시 선수권대회,202512694,2025-06-19,여자 18세이하부,개인전,토너먼트,준준결승경기４,정단아,202207001150,,서예은,202206004756,,0,3,B
제22회 회장배 전국 학생 스쿼시 선수권대회,202512694,2025-06-19,여자 18세이하부,개인전,토너먼트,준결승경기１,박솔민,202002002489,,김태연,201605003414,,3,0,A
제22회 회장배 전국 학생 스쿼시 선수권대회,202512694,2025-06-19,여자 18세이하부,개인전,토너먼트,준결승경기２,정수아,202307002127,,서예은,202206004756,,0,0,B
제22회 회장배 전국 학생 스쿼시 선수권대회,202512694,2025-06-19,여자 18세이하부,개인전,토너먼트,결승,박솔민,202002002489,,서예은,202206004756,,3,0,A
제22회 회장배 전국 학생 스쿼시 선수권대회,202512694,2025-06-19,여자 18세이하부,복식,토너먼트,예선경기２,"정단아, 황지영",,,"김태연, 이수현",,,0,2,B
제22회 회장배 전국 학생 스쿼시 선수권대회,202512694,2025-06-19,여자 18세이하부,복식,토너먼트,준결승경기１,"정수아, 김소윤",,,"김태연, 이수현",,,0,2,B
제22회 회장배 전국 학생 스쿼시 선수권대회,202512694,2025-06-19,여자 18세이하부,복식,토너먼트,준결승경기２,"강연아, 임수아",,,"박솔민, 김태영",,,1,2,B
제22회 회장배 전국 학생 스쿼시 선수권대회,202512694,2025-06-19,여자 18세이하부,복식,토너먼트,결승,"김태연, 이수현",,,"박솔민, 김태영",,,2,1,A
제22회 회장배 전국 학생 스쿼시 선수권대회,202512694,2025-06-19,남자 18세이하부,개인전,토너먼트,예선경기２,서한규,202407006297,,오지훈,202307006557,,0,3,B
제22회 회장배 전국 학생 스쿼시 선수권대회,202512694,2025-06-19,남자 18세이하부,개인전,토너먼트,예선경기６,민휘훈,202403093347,,윤하성,202502001198,,0,0,A
제22회 회장배 전국 학생 스쿼시 선수권대회,202512694,2025-06-19,남자 18세이하부,개인전,토너먼트,예선경기７,김경민,202211001200,,신승원,202402018673,,3,0,A
제22회 회장배 전국 학생 스쿼시 선수권대회,202512694,2025-06-19,남자 18세이하부,개인전,토너먼트,예선경기１０,김재영,202006001038,,황지호,202306012178,,0,0,A
제22회 회장배 전국 학생 스쿼시 선수권대회,202512694,2025-06-19,남자 18세이하부,개인전,토너먼트,예선경기１１,안동현,202305015908,,박은찬,202206006191,,3,0,A
제22회 회장배 전국 학생 스쿼시 선수권대회,202512694,2025-06-19,남자 18세이하부,개인전,토너먼트,예선경기１４,이동화,202007000243,,함동현,202307006269,,2,3,B
제22회 회장배 전국 학생 스쿼시 선수권대회,202512694,2025-06-19,남자 18세이하부,개인전,토너먼트,예선경기１５,김건우,202409001518,,황승조,202402001062,,1,3,B
제22회 회장배 전국 학생 스쿼시 선수권대회,202512694,2025-06-19,남자 18세이하부,개인전,토너먼트,준준준결승경기１,김준호,202004000367,,오지훈,202307006557,,3,0,A
제22회 회장배 전국 학생 스쿼시 선수권대회,202512694,2025-06-19,남자 18세이하부,개인전,토너먼트,준준준결승경기２,현종선,202302017920,,박민기,202006000140,,0,3,B
제22회 회장배 전국 학생 스쿼시 선수권대회,202512694,2025-06-19,남자 18세이하부,개인전,토너먼트,준준준결승경기３,전서율,201905001623,,민휘훈,202403093347,,3,0,A
제22회 회장배 전국 학생 스쿼시 선수권대회,202512694,2025-06-19,남자 18세이하부,개인전,토너먼트,준준준결승경기４,김경민,202211001200,,김현,202303001958,,0,3,B
제22회 회장배 전국 학생 스쿼시 선수권대회,202512694,2025-06-19,남자 18세이하부,개인전,토너먼트,준준준결승경기５,김찬영,202203001906,,김재영,202006001038,,3,0,A
제22회 회장배 전국 학생 스쿼시 선수권대회,202512694,2025-06-19,남자 18세이하부,개인전,토너먼트,준준준결승경기６,안동현,202305015908,,이성빈,202302013707,,0,3,B
제22회 회장배 전국 학생 스쿼시 선수권대회,202512694,2025-06-19,남자 18세이하부,개인전,토너먼트,준준준결승경기７,곽서준,201903006257,,함동현,202307006269,,3,2,A
제22회 회장배 전국 학생 스쿼시 선수권대회,202512694,2025-06-19,남자 18세이하부,개인전,토너먼트,준준준결승경기８,황승조,202402001062,,이용욱,201902003971,,0,3,B
제22회 회장배 전국 학생 스쿼시 선수권대회,202512694,2025-06-19,남자 18세이하부,개인전,토너먼트,준준결승경기１,김준호,202004000367,,박민기,202006000140,,3,1,A
제22회 회장배 전국 학생 스쿼시 선수권대회,202512694,2025-06-19,남자 18세이하부,개인전,토너먼트,준준결승경기２,전서율,201905001623,,김현,202303001958,,0,3,B
제22회 회장배 전국 학생 스쿼시 선수권대회,202512694,2025-06-19,남자 18세이하부,개인전,토너먼트,준준결승경기３,김찬영,202203001906,,이성빈,202302013707,,3,1,A
제22회 회장배 전국 학생 스쿼시 선수권대회,202512694,2025-06-19,남자 18세이하부,개인전,토너먼트,준준결승경기４,곽서준,201903006257,,이용욱,201902003971,,0,3,B
제22회 회장배 전국 학생 스쿼시 선수권대회,202512694,2025-06-19,남자 18세이하부,개인전,토너먼트,준결승경기１,김준호,202004000367,,김현,202303001958,,3,0,A
제22회 회장배 전국 학생 스쿼시 선수권대회,202512694,2025-06-19,남자 18세이하부,개인전,토너먼트,준결승경기２,김찬영,202203001906,,이용욱,201902003971,,0,3,B
제22회 회장배 전국 학생 스쿼시 선수권대회,202512694,2025-06-19,남자 18세이하부,개인전,토너먼트,결승,김준호,202004000367,,이용욱,201902003971,,3,1,A
제22회 회장배 전국 학생 스쿼시 선수권대회,202512694,2025-06-19,남자 18세이하부,단체전,토너먼트,예선경기１,언양고등학교,,,와룡고등학교,,,3,0,A
제22회 회장배 전국 학생 스쿼시 선수권대회,202512694,2025-06-19,남자 18세이하부,단체전,토너먼트,예선경기２,오남고등학교,,,천안월봉고등학교,,,0,2,B
제22회 회장배 전국 학생 스쿼시 선수권대회,202512694,2025-06-19,남자 18세이하부,단체전,토너먼트,결승,언양고등학교,,,천안월봉고등학교,,,2,1,A
제22회 회장배 전국 학생 스쿼시 선수권대회,202512694,2025-06-19,남자 18세이하부,복식,리그전,1R / A조,"김준호, 김찬영",,,"오지훈, 김건우",,,2,0,A
제22회 회장배 전국 학생 스쿼시 선수권대회,202512694,2025-06-19,남자 18세이하부,복식,리그전,1R / A조,"박은찬, 서한규",,,"오지훈, 김건우",,,0,2,B
제22회 회장배 전국 학생 스쿼시 선수권대회,202512694,2025-06-19,남자 18세이하부,복식,리그전,1R / A조,"박은찬, 서한규",,,"김준호, 김찬영",,,0,2,B
제22회 회장배 전국 학생 스쿼시 선수권대회,202512694,2025-06-19,여자 대학부,개인전,토너먼트,예선경기２,엄준,201804000231,,노윤진,201702011015,,2,3,B
제22회 회장배 전국 학생 스쿼시 선수권대회,202512694,2025-06-19,여자 대학부,개인전,토너먼트,예선경기３,조예림,202006001243,,남지윤,202203011255,,3,0,A
제22회 회장배 전국 학생 스쿼시 선수권대회,202512694,2025-06-19,여자 대학부,개인전,토너먼트,예선경기４,황수민,202302003492,,김하연,201503006905,,0,3,B
제22회 회장배 전국 학생 스쿼시 선수권대회,202512694,2025-06-19,여자 대학부,개인전,토너먼트,준결승경기１,조아연,201903004040,,노윤진,201702011015,,3,0,A
제22회 회장배 전국 학생 스쿼시 선수권대회,202512694,2025-06-19,여자 대학부,개인전,토너먼트,준결승경기２,조예림,202006001243,,김하연,201503006905,,0,3,B
제22회 회장배 전국 학생 스쿼시 선수권대회,202512694,2025-06-19,여자 대학부,개인전,토너먼트,결승,조아연,201903004040,,김하연,201503006905,,2,3,B
제22회 회장배 전국 학생 스쿼시 선수권대회,202512694,2025-06-19,남자 대학부,개인전,토너먼트,예선경기２,강세찬,202303003325,,이지항,202206007001,,0,3,B
제22회 회장배 전국 학생 스쿼시 선수권대회,202512694,2025-06-19,남자 대학부,개인전,토너먼트,예선경기３,정광민,202103008002,,김태경,202207011111,,0,0,B
제22회 회장배 전국 학생 스쿼시 선수권대회,202512694,2025-06-19,남자 대학부,개인전,토너먼트,예선경기４,남기태,202103006627,,이동욱,202007000237,,2,3,B
제22회 회장배 전국 학생 스쿼시 선수권대회,202512694,2025-06-19,남자 대학부,개인전,토너먼트,예선경기６,나동현,202301001068,,이상엽,202304048505,,0,3,B
제22회 회장배 전국 학생 스쿼시 선수권대회,202512694,2025-06-19,남자 대학부,개인전,토너먼트,예선경기７,구동현,201402010302,,한혁중,202203001974,,0,3,B
제22회 회장배 전국 학생 스쿼시 선수권대회,202512694,2025-06-19,남자 대학부,개인전,토너먼트,준준결승경기１,이지석,201703004879,,이지항,202206007001,,3,0,A
제22회 회장배 전국 학생 스쿼시 선수권대회,202512694,2025-06-19,남자 대학부,개인전,토너먼트,준준결승경기２,김태경,202207011111,,이동욱,202007000237,,0,3,B
제22회 회장배 전국 학생 스쿼시 선수권대회,202512694,2025-06-19,남자 대학부,개인전,토너먼트,준준결승경기３,김동하,202207005619,,이상엽,202304048505,,3,0,A
제22회 회장배 전국 학생 스쿼시 선수권대회,202512694,2025-06-19,남자 대학부,개인전,토너먼트,준준결승경기４,한혁중,202203001974,,김준영,201707001971,,0,3,B
제22회 회장배 전국 학생 스쿼시 선수권대회,202512694,2025-06-19,남자 대학부,개인전,토너먼트,준결승경기１,이지석,201703004879,,이동욱,202007000237,,3,1,A
제22회 회장배 전국 학생 스쿼시 선수권대회,202512694,2025-06-19,남자 대학부,개인전,토너먼트,준결승경기２,김동하,202207005619,,김준영,201707001971,,2,3,B
제22회 회장배 전국 학생 스쿼시 선수권대회,202512694,2025-06-19,남자 대학부,개인전,토너먼트,결승,이지석,201703004879,,김준영,201707001971,,3,2,A
제28회 금곡배 전국 초.중.고 스쿼시 선수권대회,202512861,2025-07-11,여자 12세이하부,개인전,토너먼트,예선경기２,민혜인,202307002219,,김지은,202008003330,,0,3,B
제28회 금곡배 전국 초.중.고 스쿼시 선수권대회,202512861,2025-07-11,여자 12세이하부,개인전,토너먼트,예선경기６,전예은,202503003861,,안서율,202403016789,,0,3,B
제28회 금곡배 전국 초.중.고 스쿼시 선수권대회,202512861,2025-07-11,여자 12세이하부,개인전,토너먼트,예선경기７,Josephine Jinyee Abel,202506003767,,정서윤,202307004948,,1,3,B
제28회 금곡배 전국 초.중.고 스쿼시 선수권대회,202512861,2025-07-11,여자 12세이하부,개인전,토너먼트,준준결승경기１,최은,202304014708,,김지은,202008003330,,0,0,A
제28회 금곡배 전국 초.중.고 스쿼시 선수권대회,202512861,2025-07-11,여자 12세이하부,개인전,토너먼트,준준결승경기２,최민지,202311002499,,전지아,202309001333,,0,0,A
제28회 금곡배 전국 초.중.고 스쿼시 선수권대회,202512861,2025-07-11,여자 12세이하부,개인전,토너먼트,준준결승경기３,김예빈,202311001849,,안서율,202403016789,,0,3,B
제28회 금곡배 전국 초.중.고 스쿼시 선수권대회,202512861,2025-07-11,여자 12세이하부,개인전,토너먼트,준준결승경기４,정서윤,202307004948,,홍지우,202307007070,,0,3,B
제28회 금곡배 전국 초.중.고 스쿼시 선수권대회,202512861,2025-07-11,여자 12세이하부,개인전,토너먼트,준결승경기１,최은,202304014708,,최민지,202311002499,,3,0,A
제28회 금곡배 전국 초.중.고 스쿼시 선수권대회,202512861,2025-07-11,여자 12세이하부,개인전,토너먼트,준결승경기２,안서율,202403016789,,홍지우,202307007070,,3,2,A
제28회 금곡배 전국 초.중.고 스쿼시 선수권대회,202512861,2025-07-11,여자 12세이하부,개인전,토너먼트,결승,최은,202304014708,,안서율,202403016789,,0,3,B
제28회 금곡배 전국 초.중.고 스쿼시 선수권대회,202512861,2025-07-11,남자 12세이하부,개인전,토너먼트,예선경기２,정지민,202411000811,,위서진,202504012424,,3,0,A
제28회 금곡배 전국 초.중.고 스쿼시 선수권대회,202512861,2025-07-11,남자 12세이하부,개인전,토너먼트,준준준결승경기１,최현욱,202103005535,,정지민,202411000811,,3,0,A
제28회 금곡배 전국 초.중.고 스쿼시 선수권대회,202512861,2025-07-11,남자 12세이하부,개인전,토너먼트,준준준결승경기２,서예준,202403017121,,송예준,202501003369,,3,0,A
제28회 금곡배 전국 초.중.고 스쿼시 선수권대회,202512861,2025-07-11,남자 12세이하부,개인전,토너먼트,준준준결승경기３,이준서,202305012079,,강동운,202402018619,,2,3,B
제28회 금곡배 전국 초.중.고 스쿼시 선수권대회,202512861,2025-07-11,남자 12세이하부,개인전,토너먼트,준준준결승경기４,최재원,202102002568,,민동훈,202307001485,,3,0,A
제28회 금곡배 전국 초.중.고 스쿼시 선수권대회,202512861,2025-07-11,남자 12세이하부,개인전,토너먼트,준준준결승경기５,김현석,202204086936,,이지혁,202503026348,,3,0,A
제28회 금곡배 전국 초.중.고 스쿼시 선수권대회,202512861,2025-07-11,남자 12세이하부,개인전,토너먼트,준준준결승경기６,전윤우,202309001289,,김민,202403018707,,0,3,B
제28회 금곡배 전국 초.중.고 스쿼시 선수권대회,202512861,2025-07-11,남자 12세이하부,개인전,토너먼트,준준준결승경기７,강예준,202304049424,,최호준,202501003506,,3,0,A
제28회 금곡배 전국 초.중.고 스쿼시 선수권대회,202512861,2025-07-11,남자 12세이하부,개인전,토너먼트,준준준결승경기８,김승주,202408012758,,윤청,202504012715,,3,0,A
제28회 금곡배 전국 초.중.고 스쿼시 선수권대회,202512861,2025-07-11,남자 12세이하부,개인전,토너먼트,준준결승경기１,최현욱,202103005535,,서예준,202403017121,,3,0,A
제28회 금곡배 전국 초.중.고 스쿼시 선수권대회,202512861,2025-07-11,남자 12세이하부,개인전,토너먼트,준준결승경기２,강동운,202402018619,,최재원,202102002568,,1,3,B
제28회 금곡배 전국 초.중.고 스쿼시 선수권대회,202512861,2025-07-11,남자 12세이하부,개인전,토너먼트,준준결승경기３,김현석,202204086936,,김민,202403018707,,2,3,B
제28회 금곡배 전국 초.중.고 스쿼시 선수권대회,202512861,2025-07-11,남자 12세이하부,개인전,토너먼트,준준결승경기４,강예준,202304049424,,김승주,202408012758,,3,0,A
제28회 금곡배 전국 초.중.고 스쿼시 선수권대회,202512861,2025-07-11,남자 12세이하부,개인전,토너먼트,준결승경기１,최현욱,202103005535,,최재원,202102002568,,3,0,A
제28회 금곡배 전국 초.중.고 스쿼시 선수권대회,202512861,2025-07-11,남자 12세이하부,개인전,토너먼트,준결승경기２,김민,202403018707,,강예준,202304049424,,0,3,B
제28회 금곡배 전국 초.중.고 스쿼시 선수권대회,202512861,2025-07-11,남자 12세이하부,개인전,토너먼트,결승,최현욱,202103005535,,강예준,202304049424,,1,3,B
제28회 금곡배 전국 초.중.고 스쿼시 선수권대회,202512861,2025-07-11,여자 15세이하부,개인전,토너먼트,예선경기１,이해인,202002004113,,서주연,202403017297,,2,1,A
제28회 금곡배 전국 초.중.고 스쿼시 선수권대회,202512861,2025-07-11,여자 15세이하부,개인전,토너먼트,예선경기２,김아린,202303035971,,윤차연,202504012688,,3,0,A
제28회 금곡배 전국 초.중.고 스쿼시 선수권대회,202512861,2025-07-11,여자 15세이하부,개인전,토너먼트,예선경기３,이하율,202404007406,,김민주,202311002931,,3,0,A
제28회 금곡배 전국 초.중.고 스쿼시 선수권대회,202512861,2025-07-11,여자 15세이하부,개인전,토너먼트,예선경기４,정지원,202501003289,,정현아,202207001169,,0,3,B
제28회 금곡배 전국 초.중.고 스쿼시 선수권대회,202512861,2025-07-11,여자 15세이하부,개인전,토너먼트,예선경기５,이서우,202311002595,,남유비,202202004112,,3,0,A
제28회 금곡배 전국 초.중.고 스쿼시 선수권대회,202512861,2025-07-11,여자 15세이하부,개인전,토너먼트,예선경기６,김도은,202006003279,,원지원,202407004535,,3,0,A
제28회 금곡배 전국 초.중.고 스쿼시 선수권대회,202512861,2025-07-11,여자 15세이하부,개인전,토너먼트,예선경기７,이재인,202305008081,,전하율,202407005735,,3,0,A
제28회 금곡배 전국 초.중.고 스쿼시 선수권대회,202512861,2025-07-11,여자 15세이하부,개인전,토너먼트,예선경기８,박서현,202411000815,,문하람,202002004153,,0,3,B
제28회 금곡배 전국 초.중.고 스쿼시 선수권대회,202512861,2025-07-11,여자 15세이하부,개인전,토너먼트,준준결승경기１,이해인,202002004113,,김아린,202303035971,,3,0,A
제28회 금곡배 전국 초.중.고 스쿼시 선수권대회,202512861,2025-07-11,여자 15세이하부,개인전,토너먼트,준준결승경기２,이하율,202404007406,,정현아,202207001169,,1,3,B
제28회 금곡배 전국 초.중.고 스쿼시 선수권대회,202512861,2025-07-11,여자 15세이하부,개인전,토너먼트,준준결승경기３,이서우,202311002595,,김도은,202006003279,,0,3,B
제28회 금곡배 전국 초.중.고 스쿼시 선수권대회,202512861,2025-07-11,여자 15세이하부,개인전,토너먼트,준준결승경기４,이재인,202305008081,,문하람,202002004153,,3,2,A
제28회 금곡배 전국 초.중.고 스쿼시 선수권대회,202512861,2025-07-11,여자 15세이하부,개인전,토너먼트,준결승경기１,이해인,202002004113,,정현아,202207001169,,3,0,A
제28회 금곡배 전국 초.중.고 스쿼시 선수권대회,202512861,2025-07-11,여자 15세이하부,개인전,토너먼트,준결승경기２,김도은,202006003279,,이재인,202305008081,,1,3,B
제28회 금곡배 전국 초.중.고 스쿼시 선수권대회,202512861,2025-07-11,여자 15세이하부,개인전,토너먼트,결승,이해인,202002004113,,이재인,202305008081,,3,2,A
제28회 금곡배 전국 초.중.고 스쿼시 선수권대회,202512861,2025-07-11,남자 15세이하부,개인전,토너먼트,예선경기２,이상경,202206010078,,조은호,202502000939,,3,0,A
제28회 금곡배 전국 초.중.고 스쿼시 선수권대회,202512861,2025-07-11,남자 15세이하부,개인전,토너먼트,예선경기６,최윤호,202311001127,,김성주,202203007369,,1,3,B
제28회 금곡배 전국 초.중.고 스쿼시 선수권대회,202512861,2025-07-11,남자 15세이하부,개인전,토너먼트,예선경기７,박규민,202303032776,,최원준,202309002019,,0,3,B
제28회 금곡배 전국 초.중.고 스쿼시 선수권대회,202512861,2025-07-11,남자 15세이하부,개인전,토너먼트,예선경기１０,어준서,202411001569,,류지안,202202002116,,0,3,B
제28회 금곡배 전국 초.중.고 스쿼시 선수권대회,202512861,2025-07-11,남자 15세이하부,개인전,토너먼트,예선경기１１,김서준,201904001822,,윤지후,202406007498,,3,0,A
제28회 금곡배 전국 초.중.고 스쿼시 선수권대회,202512861,2025-07-11,남자 15세이하부,개인전,토너먼트,예선경기１５,김준수,202305008331,,박지성,202411000713,,2,3,B
제28회 금곡배 전국 초.중.고 스쿼시 선수권대회,202512861,2025-07-11,남자 15세이하부,개인전,토너먼트,준준준결승경기１,장승보,202303008035,,이상경,202206010078,,2,3,B
제28회 금곡배 전국 초.중.고 스쿼시 선수권대회,202512861,2025-07-11,남자 15세이하부,개인전,토너먼트,준준준결승경기２,김지완,202407009605,,최규현,202006002884,,2,3,B
제28회 금곡배 전국 초.중.고 스쿼시 선수권대회,202512861,2025-07-11,남자 15세이하부,개인전,토너먼트,준준준결승경기３,윤종현,202204001156,,김성주,202203007369,,3,1,A
제28회 금곡배 전국 초.중.고 스쿼시 선수권대회,202512861,2025-07-11,남자 15세이하부,개인전,토너먼트,준준준결승경기４,최원준,202309002019,,김민기,202006003212,,0,3,B
제28회 금곡배 전국 초.중.고 스쿼시 선수권대회,202512861,2025-07-11,남자 15세이하부,개인전,토너먼트,준준준결승경기５,이석현,202302017098,,류지안,202202002116,,0,3,B
제28회 금곡배 전국 초.중.고 스쿼시 선수권대회,202512861,2025-07-11,남자 15세이하부,개인전,토너먼트,준준준결승경기６,김서준,201904001822,,윤태훈,202209003037,,3,0,A
제28회 금곡배 전국 초.중.고 스쿼시 선수권대회,202512861,2025-07-11,남자 15세이하부,개인전,토너먼트,준준준결승경기７,김민재,202303000324,,나우영,201902002440,,3,1,A
제28회 금곡배 전국 초.중.고 스쿼시 선수권대회,202512861,2025-07-11,남자 15세이하부,개인전,토너먼트,준준준결승경기８,박지성,202411000713,,강연우,202302018875,,0,3,B
제28회 금곡배 전국 초.중.고 스쿼시 선수권대회,202512861,2025-07-11,남자 15세이하부,개인전,토너먼트,준준결승경기１,이상경,202206010078,,최규현,202006002884,,3,1,A
제28회 금곡배 전국 초.중.고 스쿼시 선수권대회,202512861,2025-07-11,남자 15세이하부,개인전,토너먼트,준준결승경기２,윤종현,202204001156,,김민기,202006003212,,3,1,A
제28회 금곡배 전국 초.중.고 스쿼시 선수권대회,202512861,2025-07-11,남자 15세이하부,개인전,토너먼트,준준결승경기３,류지안,202202002116,,김서준,201904001822,,1,3,B
제28회 금곡배 전국 초.중.고 스쿼시 선수권대회,202512861,2025-07-11,남자 15세이하부,개인전,토너먼트,준준결승경기４,김민재,202303000324,,강연우,202302018875,,3,0,A
제28회 금곡배 전국 초.중.고 스쿼시 선수권대회,202512861,2025-07-11,남자 15세이하부,개인전,토너먼트,준결승경기１,이상경,202206010078,,윤종현,202204001156,,0,3,B
제28회 금곡배 전국 초.중.고 스쿼시 선수권대회,202512861,2025-07-11,남자 15세이하부,개인전,토너먼트,준결승경기２,김서준,201904001822,,김민재,202303000324,,3,0,A
제28회 금곡배 전국 초.중.고 스쿼시 선수권대회,202512861,2025-07-11,남자 15세이하부,개인전,토너먼트,결승,윤종현,202204001156,,김서준,201904001822,,3,0,A
제28회 금곡배 전국 초.중.고 스쿼시 선수권대회,202512861,2025-07-11,여자 18세이하부,개인전,토너먼트,예선경기２,강연아,202302018871,,장아영,202407007743,,3,0,A
제28회 금곡배 전국 초.중.고 스쿼시 선수권대회,202512861,2025-07-11,여자 18세이하부,개인전,토너먼트,예선경기１５,추예담,202404016633,,박예원,202303026617,,1,3,B
제28회 금곡배 전국 초.중.고 스쿼시 선수권대회,202512861,2025-07-11,여자 18세이하부,개인전,토너먼트,준준준결승경기１,김태연,201605003414,,강연아,202302018871,,3,2,A
제28회 금곡배 전국 초.중.고 스쿼시 선수권대회,202512861,2025-07-11,여자 18세이하부,개인전,토너먼트,준준준결승경기２,문서윤,202307002568,,박소영,202407006704,,3,0,A
제28회 금곡배 전국 초.중.고 스쿼시 선수권대회,202512861,2025-07-11,여자 18세이하부,개인전,토너먼트,준준준결승경기３,정수아,202307002127,,정예인,202502013527,,3,0,A
제28회 금곡배 전국 초.중.고 스쿼시 선수권대회,202512861,2025-07-11,여자 18세이하부,개인전,토너먼트,준준준결승경기４,임수아,202302017165,,차영은,202407004965,,3,0,A
제28회 금곡배 전국 초.중.고 스쿼시 선수권대회,202512861,2025-07-11,여자 18세이하부,개인전,토너먼트,준준준결승경기５,서예은,202206004756,,김소윤,202307002569,,3,0,A
제28회 금곡배 전국 초.중.고 스쿼시 선수권대회,202512861,2025-07-11,여자 18세이하부,개인전,토너먼트,준준준결승경기６,김지윤,202306009406,,라우림,202202004038,,0,3,B
제28회 금곡배 전국 초.중.고 스쿼시 선수권대회,202512861,2025-07-11,여자 18세이하부,개인전,토너먼트,준준준결승경기７,정단아,202207001150,,이현서,202503043175,,3,0,A
제28회 금곡배 전국 초.중.고 스쿼시 선수권대회,202512861,2025-07-11,여자 18세이하부,개인전,토너먼트,준준준결승경기８,박예원,202303026617,,김유빈,202302015267,,0,3,B
제28회 금곡배 전국 초.중.고 스쿼시 선수권대회,202512861,2025-07-11,여자 18세이하부,개인전,토너먼트,준준결승경기１,김태연,201605003414,,문서윤,202307002568,,3,0,A
제28회 금곡배 전국 초.중.고 스쿼시 선수권대회,202512861,2025-07-11,여자 18세이하부,개인전,토너먼트,준준결승경기２,정수아,202307002127,,임수아,202302017165,,3,0,A
제28회 금곡배 전국 초.중.고 스쿼시 선수권대회,202512861,2025-07-11,여자 18세이하부,개인전,토너먼트,준준결승경기３,서예은,202206004756,,라우림,202202004038,,3,0,A
제28회 금곡배 전국 초.중.고 스쿼시 선수권대회,202512861,2025-07-11,여자 18세이하부,개인전,토너먼트,준준결승경기４,정단아,202207001150,,김유빈,202302015267,,0,3,B
제28회 금곡배 전국 초.중.고 스쿼시 선수권대회,202512861,2025-07-11,여자 18세이하부,개인전,토너먼트,준결승경기１,김태연,201605003414,,정수아,202307002127,,3,1,A
제28회 금곡배 전국 초.중.고 스쿼시 선수권대회,202512861,2025-07-11,여자 18세이하부,개인전,토너먼트,준결승경기２,서예은,202206004756,,김유빈,202302015267,,3,0,A
제28회 금곡배 전국 초.중.고 스쿼시 선수권대회,202512861,2025-07-11,여자 18세이하부,개인전,토너먼트,결승,김태연,201605003414,,서예은,202206004756,,2,3,B
제28회 금곡배 전국 초.중.고 스쿼시 선수권대회,202512861,2025-07-11,여자 18세이하부,단체전,토너먼트,예선경기１,인천광역시스쿼시연맹,,,김천한일여자고등학교,,,2,0,A
제28회 금곡배 전국 초.중.고 스쿼시 선수권대회,202512861,2025-07-11,여자 18세이하부,단체전,토너먼트,예선경기２,충북상업정보고등학교,,,대광고등학교,,,2,0,A
제28회 금곡배 전국 초.중.고 스쿼시 선수권대회,202512861,2025-07-11,여자 18세이하부,단체전,토너먼트,결승,인천광역시스쿼시연맹,,,충북상업정보고등학교,,,2,0,A
제28회 금곡배 전국 초.중.고 스쿼시 선수권대회,202512861,2025-07-11,여자 18세이하부,복식,리그전,1R / A조,"강연아, 임수아",,,"정예인, 이현서",,,2,0,A
제28회 금곡배 전국 초.중.고 스쿼시 선수권대회,202512861,2025-07-11,여자 18세이하부,복식,리그전,1R / A조,"박소영, 추예담",,,"정예인, 이현서",,,2,0,A
제28회 금곡배 전국 초.중.고 스쿼시 선수권대회,202512861,2025-07-11,여자 18세이하부,복식,리그전,1R / A조,"박소영, 추예담",,,"강연아, 임수아",,,0,2,B
제28회 금곡배 전국 초.중.고 스쿼시 선수권대회,202512861,2025-07-11,남자 18세이하부,개인전,토너먼트,예선경기２,이성빈,202302013707,,김경민,202211001200,,3,0,A
제28회 금곡배 전국 초.중.고 스쿼시 선수권대회,202512861,2025-07-11,남자 18세이하부,개인전,토너먼트,예선경기１５,함동현,202307006269,,전윤건,202306010293,,3,0,A
제28회 금곡배 전국 초.중.고 스쿼시 선수권대회,202512861,2025-07-11,남자 18세이하부,개인전,토너먼트,준준준결승경기１,박민기,202006000140,,이성빈,202302013707,,3,0,A
제28회 금곡배 전국 초.중.고 스쿼시 선수권대회,202512861,2025-07-11,남자 18세이하부,개인전,토너먼트,준준준결승경기２,윤지훈,202502013232,,황지호,202306012178,,0,3,B
제28회 금곡배 전국 초.중.고 스쿼시 선수권대회,202512861,2025-07-11,남자 18세이하부,개인전,토너먼트,준준준결승경기３,황승조,202402001062,,윤하성,202502001198,,0,0,A
제28회 금곡배 전국 초.중.고 스쿼시 선수권대회,202512861,2025-07-11,남자 18세이하부,개인전,토너먼트,준준준결승경기４,김현,202303001958,,오지훈,202307006557,,3,1,A
제28회 금곡배 전국 초.중.고 스쿼시 선수권대회,202512861,2025-07-11,남자 18세이하부,개인전,토너먼트,준준준결승경기５,송늘찬,202308010299,,김건우,202409001518,,3,0,A
제28회 금곡배 전국 초.중.고 스쿼시 선수권대회,202512861,2025-07-11,남자 18세이하부,개인전,토너먼트,준준준결승경기６,이동화,202007000243,,김재영,202006001038,,3,0,A
제28회 금곡배 전국 초.중.고 스쿼시 선수권대회,202512861,2025-07-11,남자 18세이하부,개인전,토너먼트,준준준결승경기７,현종선,202302017920,,곽서준,201903006257,,0,3,B
제28회 금곡배 전국 초.중.고 스쿼시 선수권대회,202512861,2025-07-11,남자 18세이하부,개인전,토너먼트,준준준결승경기８,함동현,202307006269,,이용욱,201902003971,,1,3,B
제28회 금곡배 전국 초.중.고 스쿼시 선수권대회,202512861,2025-07-11,남자 18세이하부,개인전,토너먼트,준준결승경기１,박민기,202006000140,,황지호,202306012178,,3,0,A
제28회 금곡배 전국 초.중.고 스쿼시 선수권대회,202512861,2025-07-11,남자 18세이하부,개인전,토너먼트,준준결승경기２,황승조,202402001062,,김현,202303001958,,0,3,B
제28회 금곡배 전국 초.중.고 스쿼시 선수권대회,202512861,2025-07-11,남자 18세이하부,개인전,토너먼트,준준결승경기３,송늘찬,202308010299,,이동화,202007000243,,3,0,A
제28회 금곡배 전국 초.중.고 스쿼시 선수권대회,202512861,2025-07-11,남자 18세이하부,개인전,토너먼트,준준결승경기４,곽서준,201903006257,,이용욱,201902003971,,0,3,B
제28회 금곡배 전국 초.중.고 스쿼시 선수권대회,202512861,2025-07-11,남자 18세이하부,개인전,토너먼트,준결승경기１,박민기,202006000140,,김현,202303001958,,3,0,A
제28회 금곡배 전국 초.중.고 스쿼시 선수권대회,202512861,2025-07-11,남자 18세이하부,개인전,토너먼트,준결승경기２,송늘찬,202308010299,,이용욱,201902003971,,1,3,B
제28회 금곡배 전국 초.중.고 스쿼시 선수권대회,202512861,2025-07-11,남자 18세이하부,개인전,토너먼트,결승,박민기,202006000140,,이용욱,201902003971,,3,0,A
제28회 금곡배 전국 초.중.고 스쿼시 선수권대회,202512861,2025-07-11,남자 18세이하부,단체전,토너먼트,예선경기２,오남고등학교,,,천안월봉고등학교,,,2,1,A
제28회 금곡배 전국 초.중.고 스쿼시 선수권대회,202512861,2025-07-11,남자 18세이하부,단체전,토너먼트,준결승경기１,언양고등학교,,,오남고등학교,,,2,0,A
제28회 금곡배 전국 초.중.고 스쿼시 선수권대회,202512861,2025-07-11,남자 18세이하부,단체전,토너먼트,준결승경기２,인천 대건고등학교,,,대광고등학교,,,1,2,B
제28회 금곡배 전국 초.중.고 스쿼시 선수권대회,202512861,2025-07-11,남자 18세이하부,단체전,토너먼트,결승,언양고등학교,,,대광고등학교,,,3,0,A
제18회 코리아오픈 시니어 스쿼시 챔피언쉽,202513207,2025-08-18,여자 일반부,개인전,토너먼트,예선경기２,김하연,201503006905,,이승연,201405001347,,0,3,B
제18회 코리아오픈 시니어 스쿼시 챔피언쉽,202513207,2025-08-18,여자 일반부,개인전,토너먼트,예선경기１０,엄준,201804000231,,박상은,201404002146,,0,3,B
제18회 코리아오픈 시니어 스쿼시 챔피언쉽,202513207,2025-08-18,여자 일반부,개인전,토너먼트,예선경기１５,남지윤,202203011255,,서하민,201703008633,,0,3,B
제18회 코리아오픈 시니어 스쿼시 챔피언쉽,202513207,2025-08-18,여자 일반부,개인전,토너먼트,예선경기１８,전아인,201203004577,,배성현,202204082355,,0,0,A
제18회 코리아오픈 시니어 스쿼시 챔피언쉽,202513207,2025-08-18,여자 일반부,개인전,토너먼트,예선경기 23,김가혜,200312004260,,신유진,201602007698,,3,0,A
제18회 코리아오픈 시니어 스쿼시 챔피언쉽,202513207,2025-08-18,여자 일반부,개인전,토너먼트,예선경기 31,김가람,200505000922,,박다송,202204086461,,3,0,A
제18회 코리아오픈 시니어 스쿼시 챔피언쉽,202513207,2025-08-18,여자 일반부,개인전,토너먼트,준준준준결승 1,엄화영,201002007702,,이승연,201405001347,,3,0,A
제18회 코리아오픈 시니어 스쿼시 챔피언쉽,202513207,2025-08-18,여자 일반부,개인전,토너먼트,준준준준결승 2,조아연,201903004040,,송동주,201205000983,,0,3,B
제18회 코리아오픈 시니어 스쿼시 챔피언쉽,202513207,2025-08-18,여자 일반부,개인전,토너먼트,준준준준결승 3,조예림,202006001243,,김하은,201302005893,,0,3,B
제18회 코리아오픈 시니어 스쿼시 챔피언쉽,202513207,2025-08-18,여자 일반부,개인전,토너먼트,준준준준결승 4,김민희,201402004905,,오승희,201209002253,,2,3,B
제18회 코리아오픈 시니어 스쿼시 챔피언쉽,202513207,2025-08-18,여자 일반부,개인전,토너먼트,준준준준결승 5,서효주,201402001683,,박상은,201404002146,,3,0,A
제18회 코리아오픈 시니어 스쿼시 챔피언쉽,202513207,2025-08-18,여자 일반부,개인전,토너먼트,준준준준결승 6,노윤진,201702011015,,곽다연,201302006626,,0,3,B
제18회 코리아오픈 시니어 스쿼시 챔피언쉽,202513207,2025-08-18,여자 일반부,개인전,토너먼트,준준준준결승 7,박미림,200312007885,,이소진,201503029527,,2,3,B
제18회 코리아오픈 시니어 스쿼시 챔피언쉽,202513207,2025-08-18,여자 일반부,개인전,토너먼트,준준준준결승 8,서하민,201703008633,,송채원,200903026922,,0,3,B
제18회 코리아오픈 시니어 스쿼시 챔피언쉽,202513207,2025-08-18,여자 일반부,개인전,토너먼트,준준준준결승 9,이지현,200504008455,,전아인,201203004577,,3,0,A
제18회 코리아오픈 시니어 스쿼시 챔피언쉽,202513207,2025-08-18,여자 일반부,개인전,토너먼트,준준준준결승 10,유현경,202204081979,,배찬미,200506004011,,0,3,B
제18회 코리아오픈 시니어 스쿼시 챔피언쉽,202513207,2025-08-18,여자 일반부,개인전,토너먼트,준준준준결승 11,이자연,202003003272,,문혜연,201203009845,,2,3,B
제18회 코리아오픈 시니어 스쿼시 챔피언쉽,202513207,2025-08-18,여자 일반부,개인전,토너먼트,준준준준결승 12,김가혜,200312004260,,김다미,201107004502,,2,3,B
제18회 코리아오픈 시니어 스쿼시 챔피언쉽,202513207,2025-08-18,여자 일반부,개인전,토너먼트,준준준준결승 13,류보람,201503023001,,장예원,201601000670,,3,0,A
제18회 코리아오픈 시니어 스쿼시 챔피언쉽,202513207,2025-08-18,여자 일반부,개인전,토너먼트,준준준준결승 14,안은찬,200312014298,,양연수,200409006651,,0,3,B
제18회 코리아오픈 시니어 스쿼시 챔피언쉽,202513207,2025-08-18,여자 일반부,개인전,토너먼트,준준준준결승 15,이보라,200312015404,,구보경,201902004370,,3,0,A
제18회 코리아오픈 시니어 스쿼시 챔피언쉽,202513207,2025-08-18,여자 일반부,개인전,토너먼트,준준준준결승 16,김가람,200505000922,,허민경,201103015212,,1,3,B
제18회 코리아오픈 시니어 스쿼시 챔피언쉽,202513207,2025-08-18,여자 일반부,개인전,토너먼트,준준준결승경기１,엄화영,201002007702,,송동주,201205000983,,3,0,A
제18회 코리아오픈 시니어 스쿼시 챔피언쉽,202513207,2025-08-18,여자 일반부,개인전,토너먼트,준준준결승경기２,김하은,201302005893,,오승희,201209002253,,0,3,B
제18회 코리아오픈 시니어 스쿼시 챔피언쉽,202513207,2025-08-18,여자 일반부,개인전,토너먼트,준준준결승경기３,서효주,201402001683,,곽다연,201302006626,,3,2,A
제18회 코리아오픈 시니어 스쿼시 챔피언쉽,202513207,2025-08-18,여자 일반부,개인전,토너먼트,준준준결승경기４,이소진,201503029527,,송채원,200903026922,,0,3,B
제18회 코리아오픈 시니어 스쿼시 챔피언쉽,202513207,2025-08-18,여자 일반부,개인전,토너먼트,준준준결승경기５,이지현,200504008455,,배찬미,200506004011,,3,1,A
제18회 코리아오픈 시니어 스쿼시 챔피언쉽,202513207,2025-08-18,여자 일반부,개인전,토너먼트,준준준결승경기６,문혜연,201203009845,,김다미,201107004502,,1,3,B
제18회 코리아오픈 시니어 스쿼시 챔피언쉽,202513207,2025-08-18,여자 일반부,개인전,토너먼트,준준준결승경기７,류보람,201503023001,,양연수,200409006651,,2,3,B
제18회 코리아오픈 시니어 스쿼시 챔피언쉽,202513207,2025-08-18,여자 일반부,개인전,토너먼트,준준준결승경기８,이보라,200312015404,,허민경,201103015212,,0,3,B
제18회 코리아오픈 시니어 스쿼시 챔피언쉽,202513207,2025-08-18,여자 일반부,개인전,토너먼트,준준결승경기１,엄화영,201002007702,,오승희,201209002253,,3,1,A
제18회 코리아오픈 시니어 스쿼시 챔피언쉽,202513207,2025-08-18,여자 일반부,개인전,토너먼트,준준결승경기２,서효주,201402001683,,송채원,200903026922,,0,3,B
제18회 코리아오픈 시니어 스쿼시 챔피언쉽,202513207,2025-08-18,여자 일반부,개인전,토너먼트,준준결승경기３,이지현,200504008455,,김다미,201107004502,,0,0,A
제18회 코리아오픈 시니어 스쿼시 챔피언쉽,202513207,2025-08-18,여자 일반부,개인전,토너먼트,준준결승경기４,양연수,200409006651,,허민경,201103015212,,3,1,A
제18회 코리아오픈 시니어 스쿼시 챔피언쉽,202513207,2025-08-18,여자 일반부,개인전,토너먼트,준결승경기１,엄화영,201002007702,,송채원,200903026922,,3,0,A
제18회 코리아오픈 시니어 스쿼시 챔피언쉽,202513207,2025-08-18,여자 일반부,개인전,토너먼트,준결승경기２,이지현,200504008455,,양연수,200409006651,,2,3,B
제18회 코리아오픈 시니어 스쿼시 챔피언쉽,202513207,2025-08-18,여자 일반부,개인전,토너먼트,결승,엄화영,201002007702,,양연수,200409006651,,3,0,A
제18회 코리아오픈 시니어 스쿼시 챔피언쉽,202513207,2025-08-18,남자 일반부,개인전,토너먼트,예선경기２,우창욱,200505000725,,유승용,200907002704,,1,3,B
제18회 코리아오픈 시니어 스쿼시 챔피언쉽,202513207,2025-08-18,남자 일반부,개인전,토너먼트,예선경기３,이승택,200505000724,,이세현,200504008934,,3,2,A
제18회 코리아오픈 시니어 스쿼시 챔피언쉽,202513207,2025-08-18,남자 일반부,개인전,토너먼트,예선경기４,지동현,201507002321,,이상훈,200809000849,,0,0,A
제18회 코리아오픈 시니어 스쿼시 챔피언쉽,202513207,2025-08-18,남자 일반부,개인전,토너먼트,예선경기５,김창하,201602010896,,이인우,201005000191,,0,3,B
제18회 코리아오픈 시니어 스쿼시 챔피언쉽,202513207,2025-08-18,남자 일반부,개인전,토너먼트,예선경기６,박경민,201504006889,,원준호,201104000840,,3,1,A
제18회 코리아오픈 시니어 스쿼시 챔피언쉽,202513207,2025-08-18,남자 일반부,개인전,토너먼트,예선경기７,김태현,,,강세찬,202303003325,,3,0,A
제18회 코리아오픈 시니어 스쿼시 챔피언쉽,202513207,2025-08-18,남자 일반부,개인전,토너먼트,예선경기８,강현범,201302006321,,박승민,201702006829,,2,3,B
제18회 코리아오픈 시니어 스쿼시 챔피언쉽,202513207,2025-08-18,남자 일반부,개인전,토너먼트,예선경기９,유재진,200504008874,,김승현,201403012359,,3,1,A
제18회 코리아오픈 시니어 스쿼시 챔피언쉽,202513207,2025-08-18,남자 일반부,개인전,토너먼트,예선경기１０,문석호,201402009240,,나동현,202301001068,,3,0,A
제18회 코리아오픈 시니어 스쿼시 챔피언쉽,202513207,2025-08-18,남자 일반부,개인전,토너먼트,예선경기１１,이지항,202206007001,,이지석,201703004879,,1,3,B
제18회 코리아오픈 시니어 스쿼시 챔피언쉽,202513207,2025-08-18,남자 일반부,개인전,토너먼트,예선경기１２,손우주,201902004585,,박성찬,201006002472,,0,0,B
제18회 코리아오픈 시니어 스쿼시 챔피언쉽,202513207,2025-08-18,남자 일반부,개인전,토너먼트,예선경기１３,황중찬,200706002344,,최영진,201603000883,,3,0,A
제18회 코리아오픈 시니어 스쿼시 챔피언쉽,202513207,2025-08-18,남자 일반부,개인전,토너먼트,예선경기１４,이상엽,202304048505,,김동우,201503028559,,0,3,B
제18회 코리아오픈 시니어 스쿼시 챔피언쉽,202513207,2025-08-18,남자 일반부,개인전,토너먼트,예선경기１５,임종우,202507029238,,박성진,202206008576,,0,3,B
제18회 코리아오픈 시니어 스쿼시 챔피언쉽,202513207,2025-08-18,남자 일반부,개인전,토너먼트,예선경기１６,이동욱,202007000237,,오서진,201605004663,,0,3,B
제18회 코리아오픈 시니어 스쿼시 챔피언쉽,202513207,2025-08-18,남자 일반부,개인전,토너먼트,예선경기１７,나주영,201602006877,,구동현,201402010302,,3,0,A
제18회 코리아오픈 시니어 스쿼시 챔피언쉽,202513207,2025-08-18,남자 일반부,개인전,토너먼트,예선경기１８,김석진,201203009405,,조민수,201504006513,,3,0,A
제18회 코리아오픈 시니어 스쿼시 챔피언쉽,202513207,2025-08-18,남자 일반부,개인전,토너먼트,예선경기１９,고영조,200506001863,,김경훈,200312009405,,3,0,A
제18회 코리아오픈 시니어 스쿼시 챔피언쉽,202513207,2025-08-18,남자 일반부,개인전,토너먼트,예선경기２０,심규영,201504001319,,남기태,202103006627,,3,0,A
제18회 코리아오픈 시니어 스쿼시 챔피언쉽,202513207,2025-08-18,남자 일반부,개인전,토너먼트,예선경기 21,한승철,201501001406,,김태현,,,0,0,A
제18회 코리아오픈 시니어 스쿼시 챔피언쉽,202513207,2025-08-18,남자 일반부,개인전,토너먼트,예선경기 22,한대희,200703025693,,임재현,201402001427,,0,3,B
제18회 코리아오픈 시니어 스쿼시 챔피언쉽,202513207,2025-08-18,남자 일반부,개인전,토너먼트,예선경기 23,김건,201503006845,,유덕재,201104000837,,3,1,A
제18회 코리아오픈 시니어 스쿼시 챔피언쉽,202513207,2025-08-18,남자 일반부,개인전,토너먼트,예선경기 24,최호진,201306001130,,박종명,200803023360,,1,3,B
제18회 코리아오픈 시니어 스쿼시 챔피언쉽,202513207,2025-08-18,남자 일반부,개인전,토너먼트,예선경기 25,강우석,201302005902,,이건동,200312007919,,3,0,A
제18회 코리아오픈 시니어 스쿼시 챔피언쉽,202513207,2025-08-18,남자 일반부,개인전,토너먼트,예선경기 26,진승우,200312004753,,유호제,201405000567,,3,0,A
제18회 코리아오픈 시니어 스쿼시 챔피언쉽,202513207,2025-08-18,남자 일반부,개인전,토너먼트,예선경기 27,이현욱,201203014577,,박정식,201103008064,,0,0,A
제18회 코리아오픈 시니어 스쿼시 챔피언쉽,202513207,2025-08-18,남자 일반부,개인전,토너먼트,예선경기 28,이동준,201302010744,,오성학,201103013572,,3,1,A
제18회 코리아오픈 시니어 스쿼시 챔피언쉽,202513207,2025-08-18,남자 일반부,개인전,토너먼트,예선경기 29,한혁중,202203001974,,김현인,201602013447,,0,3,B
제18회 코리아오픈 시니어 스쿼시 챔피언쉽,202513207,2025-08-18,남자 일반부,개인전,토너먼트,예선경기 30,류정민,201505003438,,권성은,200609000197,,3,0,A
제18회 코리아오픈 시니어 스쿼시 챔피언쉽,202513207,2025-08-18,남자 일반부,개인전,토너먼트,예선경기 31,Nam Nathaniel Kyungshik,202006001376,,한성수,200312017223,,3,0,A
제18회 코리아오픈 시니어 스쿼시 챔피언쉽,202513207,2025-08-18,남자 일반부,개인전,토너먼트,예선경기 32,엄수원,200605007854,,류정욱,201603018160,,0,3,B
제18회 코리아오픈 시니어 스쿼시 챔피언쉽,202513207,2025-08-18,남자 일반부,개인전,토너먼트,준준준준결승 1,이민우,201407000924,,유승용,200907002704,,0,0,A
제18회 코리아오픈 시니어 스쿼시 챔피언쉽,202513207,2025-08-18,남자 일반부,개인전,토너먼트,준준준준결승 2,이승택,200505000724,,지동현,201507002321,,2,3,B
제18회 코리아오픈 시니어 스쿼시 챔피언쉽,202513207,2025-08-18,남자 일반부,개인전,토너먼트,준준준준결승 3,이인우,201005000191,,박경민,201504006889,,3,0,A
제18회 코리아오픈 시니어 스쿼시 챔피언쉽,202513207,2025-08-18,남자 일반부,개인전,토너먼트,준준준준결승 4,김태현,,,박승민,201702006829,,0,3,B
제18회 코리아오픈 시니어 스쿼시 챔피언쉽,202513207,2025-08-18,남자 일반부,개인전,토너먼트,준준준준결승 5,유재진,200504008874,,문석호,201402009240,,3,0,A
제18회 코리아오픈 시니어 스쿼시 챔피언쉽,202513207,2025-08-18,남자 일반부,개인전,토너먼트,준준준준결승 6,이지석,201703004879,,박성찬,201006002472,,0,3,B
제18회 코리아오픈 시니어 스쿼시 챔피언쉽,202513207,2025-08-18,남자 일반부,개인전,토너먼트,준준준준결승 7,황중찬,200706002344,,김동우,201503028559,,3,1,A
제18회 코리아오픈 시니어 스쿼시 챔피언쉽,202513207,2025-08-18,남자 일반부,개인전,토너먼트,준준준준결승 8,박성진,202206008576,,오서진,201605004663,,0,3,B
제18회 코리아오픈 시니어 스쿼시 챔피언쉽,202513207,2025-08-18,남자 일반부,개인전,토너먼트,준준준준결승 9,나주영,201602006877,,김석진,201203009405,,3,0,A
제18회 코리아오픈 시니어 스쿼시 챔피언쉽,202513207,2025-08-18,남자 일반부,개인전,토너먼트,준준준준결승 10,고영조,200506001863,,심규영,201504001319,,3,0,A
제18회 코리아오픈 시니어 스쿼시 챔피언쉽,202513207,2025-08-18,남자 일반부,개인전,토너먼트,준준준준결승 11,한승철,201501001406,,임재현,201402001427,,3,0,A
제18회 코리아오픈 시니어 스쿼시 챔피언쉽,202513207,2025-08-18,남자 일반부,개인전,토너먼트,준준준준결승 12,김건,201503006845,,박종명,200803023360,,3,1,A
제18회 코리아오픈 시니어 스쿼시 챔피언쉽,202513207,2025-08-18,남자 일반부,개인전,토너먼트,준준준준결승 13,강우석,201302005902,,진승우,200312004753,,3,0,A
제18회 코리아오픈 시니어 스쿼시 챔피언쉽,202513207,2025-08-18,남자 일반부,개인전,토너먼트,준준준준결승 14,이현욱,201203014577,,이동준,201302010744,,0,3,B
제18회 코리아오픈 시니어 스쿼시 챔피언쉽,202513207,2025-08-18,남자 일반부,개인전,토너먼트,준준준준결승 15,김현인,201602013447,,류정민,201505003438,,0,3,B
제18회 코리아오픈 시니어 스쿼시 챔피언쉽,202513207,2025-08-18,남자 일반부,개인전,토너먼트,준준준준결승 16,Nam Nathaniel Kyungshik,202006001376,,류정욱,201603018160,,0,3,B
제18회 코리아오픈 시니어 스쿼시 챔피언쉽,202513207,2025-08-18,남자 일반부,개인전,토너먼트,준준준결승경기１,이민우,201407000924,,지동현,201507002321,,3,0,A
제18회 코리아오픈 시니어 스쿼시 챔피언쉽,202513207,2025-08-18,남자 일반부,개인전,토너먼트,준준준결승경기２,이인우,201005000191,,박승민,201702006829,,2,3,B
제18회 코리아오픈 시니어 스쿼시 챔피언쉽,202513207,2025-08-18,남자 일반부,개인전,토너먼트,준준준결승경기３,유재진,200504008874,,박성찬,201006002472,,3,0,A
제18회 코리아오픈 시니어 스쿼시 챔피언쉽,202513207,2025-08-18,남자 일반부,개인전,토너먼트,준준준결승경기４,황중찬,200706002344,,오서진,201605004663,,0,3,B
제18회 코리아오픈 시니어 스쿼시 챔피언쉽,202513207,2025-08-18,남자 일반부,개인전,토너먼트,준준준결승경기５,나주영,201602006877,,고영조,200506001863,,3,0,A
제18회 코리아오픈 시니어 스쿼시 챔피언쉽,202513207,2025-08-18,남자 일반부,개인전,토너먼트,준준준결승경기６,한승철,201501001406,,김건,201503006845,,2,3,B
제18회 코리아오픈 시니어 스쿼시 챔피언쉽,202513207,2025-08-18,남자 일반부,개인전,토너먼트,준준준결승경기７,강우석,201302005902,,이동준,201302010744,,2,3,B
제18회 코리아오픈 시니어 스쿼시 챔피언쉽,202513207,2025-08-18,남자 일반부,개인전,토너먼트,준준준결승경기８,류정민,201505003438,,류정욱,201603018160,,2,3,B
제18회 코리아오픈 시니어 스쿼시 챔피언쉽,202513207,2025-08-18,남자 일반부,개인전,토너먼트,준준결승경기１,이민우,201407000924,,박승민,201702006829,,3,0,A
제18회 코리아오픈 시니어 스쿼시 챔피언쉽,202513207,2025-08-18,남자 일반부,개인전,토너먼트,준준결승경기２,유재진,200504008874,,오서진,201605004663,,3,2,A
제18회 코리아오픈 시니어 스쿼시 챔피언쉽,202513207,2025-08-18,남자 일반부,개인전,토너먼트,준준결승경기３,나주영,201602006877,,김건,201503006845,,3,0,A
제18회 코리아오픈 시니어 스쿼시 챔피언쉽,202513207,2025-08-18,남자 일반부,개인전,토너먼트,준준결승경기４,이동준,201302010744,,류정욱,201603018160,,1,3,B
제18회 코리아오픈 시니어 스쿼시 챔피언쉽,202513207,2025-08-18,남자 일반부,개인전,토너먼트,준결승경기１,이민우,201407000924,,유재진,200504008874,,3,1,A
제18회 코리아오픈 시니어 스쿼시 챔피언쉽,202513207,2025-08-18,남자 일반부,개인전,토너먼트,준결승경기２,나주영,201602006877,,류정욱,201603018160,,3,0,A
제18회 코리아오픈 시니어 스쿼시 챔피언쉽,202513207,2025-08-18,남자 일반부,개인전,토너먼트,결승,이민우,201407000924,,나주영,201602006877,,3,1,A
2025 전국실업스쿼시 선수권대회(단체전),202513421,2025-09-10,여자 일반부,단체전,토너먼트,예선경기２,인천광역시체육회,,,대전광역시체육회,,,3,0,A
2025 전국실업스쿼시 선수권대회(단체전),202513421,2025-09-10,여자 일반부,단체전,토너먼트,예선경기３,광주광역시체육회,,,서울특별시스쿼시연맹,,,3,0,A
2025 전국실업스쿼시 선수권대회(단체전),202513421,2025-09-10,여자 일반부,단체전,토너먼트,예선경기４,경기도스쿼시연맹,,,대구광역시청,,,0,3,B
2025 전국실업스쿼시 선수권대회(단체전),202513421,2025-09-10,여자 일반부,단체전,토너먼트,예선경기６,세종특별자치시스쿼시연맹,,,전라북도스쿼시연맹,,,0,3,B
2025 전국실업스쿼시 선수권대회(단체전),202513421,2025-09-10,여자 일반부,단체전,토너먼트,예선경기７,경상북도스쿼시연맹,,,부산광역시스쿼시연맹,,,1,2,B
2025 전국실업스쿼시 선수권대회(단체전),202513421,2025-09-10,여자 일반부,단체전,토너먼트,준준결승경기１,경상남도체육회,,,인천광역시체육회,,,0,3,B
2025 전국실업스쿼시 선수권대회(단체전),202513421,2025-09-10,여자 일반부,단체전,토너먼트,준준결승경기２,광주광역시체육회,,,대구광역시청,,,1,2,B
2025 전국실업스쿼시 선수권대회(단체전),202513421,2025-09-10,여자 일반부,단체전,토너먼트,준준결승경기３,전라남도청,,,전라북도스쿼시연맹,,,3,0,A
2025 전국실업스쿼시 선수권대회(단체전),202513421,2025-09-10,여자 일반부,단체전,토너먼트,준준결승경기４,부산광역시스쿼시연맹,,,울산광역시체육회,,,0,3,B
2025 전국실업스쿼시 선수권대회(단체전),202513421,2025-09-10,여자 일반부,단체전,토너먼트,준결승경기１,인천광역시체육회,,,대구광역시청,,,3,0,A
2025 전국실업스쿼시 선수권대회(단체전),202513421,2025-09-10,여자 일반부,단체전,토너먼트,준결승경기２,전라남도청,,,울산광역시체육회,,,2,1,A
2025 전국실업스쿼시 선수권대회(단체전),202513421,2025-09-10,여자 일반부,단체전,토너먼트,결승,인천광역시체육회,,,전라남도청,,,3,0,A
2025 전국실업스쿼시 선수권대회(단체전),202513421,2025-09-10,남자 일반부,단체전,토너먼트,예선경기２,대전광역시스쿼시연맹,,,경상남도체육회,,,0,3,B
2025 전국실업스쿼시 선수권대회(단체전),202513421,2025-09-10,남자 일반부,단체전,토너먼트,예선경기３,전라북도스쿼시연맹,,,부산광역시스쿼시연맹,,,2,1,A
2025 전국실업스쿼시 선수권대회(단체전),202513421,2025-09-10,남자 일반부,단체전,토너먼트,예선경기４,세종특별자치시스쿼시연맹,,,충청북도체육회,,,0,3,B
2025 전국실업스쿼시 선수권대회(단체전),202513421,2025-09-10,남자 일반부,단체전,토너먼트,예선경기５,충청남도체육회,,,경기도스쿼시연맹,,,3,0,A
2025 전국실업스쿼시 선수권대회(단체전),202513421,2025-09-10,남자 일반부,단체전,토너먼트,예선경기６,서울특별시스쿼시연맹,,,인천광역시체육회,,,1,2,B
2025 전국실업스쿼시 선수권대회(단체전),202513421,2025-09-10,남자 일반부,단체전,토너먼트,예선경기７,대구광역시청,,,광주광역시체육회,,,1,2,B
2025 전국실업스쿼시 선수권대회(단체전),202513421,2025-09-10,남자 일반부,단체전,토너먼트,준준결승경기１,경상북도체육회,,,경상남도체육회,,,2,1,A
2025 전국실업스쿼시 선수권대회(단체전),202513421,2025-09-10,남자 일반부,단체전,토너먼트,준준결승경기２,전라북도스쿼시연맹,,,충청북도체육회,,,0,2,B
2025 전국실업스쿼시 선수권대회(단체전),202513421,2025-09-10,남자 일반부,단체전,토너먼트,준준결승경기３,충청남도체육회,,,인천광역시체육회,,,1,2,B
2025 전국실업스쿼시 선수권대회(단체전),202513421,2025-09-10,남자 일반부,단체전,토너먼트,준준결승경기４,광주광역시체육회,,,울산광역시체육회,,,1,2,B
2025 전국실업스쿼시 선수권대회(단체전),202513421,2025-09-10,남자 일반부,단체전,토너먼트,준결승경기１,경상북도체육회,,,충청북도체육회,,,0,2,B
2025 전국실업스쿼시 선수권대회(단체전),202513421,2025-09-10,남자 일반부,단체전,토너먼트,준결승경기２,인천광역시체육회,,,울산광역시체육회,,,0,3,B
2025 전국실업스쿼시 선수권대회(단체전),202513421,2025-09-10,남자 일반부,단체전,토너먼트,결승,충청북도체육회,,,울산광역시체육회,,,1,2,B
2026 제22회 대한체육회장배 전국 스쿼시 선수권대회,202614401,2026-03-19,여자 12세이하부,개인전,토너먼트,예선경기２,전예은,202503003861,,이채빈,202502016148,,0,3,B
2026 제22회 대한체육회장배 전국 스쿼시 선수권대회,202614401,2026-03-19,여자 12세이하부,개인전,토너먼트,예선경기３,나윤설,202601012061,,이라엘,202510000870,,0,3,B
2026 제22회 대한체육회장배 전국 스쿼시 선수권대회,202614401,2026-03-19,여자 12세이하부,개인전,토너먼트,예선경기４,백지원,202503047683,,김다인,202402016722,,3,0,A
2026 제22회 대한체육회장배 전국 스쿼시 선수권대회,202614401,2026-03-19,여자 12세이하부,개인전,토너먼트,예선경기５,박나래,202601012059,,이하임,202509004547,,3,0,A
2026 제22회 대한체육회장배 전국 스쿼시 선수권대회,202614401,2026-03-19,여자 12세이하부,개인전,토너먼트,예선경기６,이유나,202507026685,,박소윤,202602002614,,3,1,A
2026 제22회 대한체육회장배 전국 스쿼시 선수권대회,202614401,2026-03-19,여자 12세이하부,개인전,토너먼트,예선경기７,신지원,202308012659,,박라온,202502015221,,0,3,B
2026 제22회 대한체육회장배 전국 스쿼시 선수권대회,202614401,2026-03-19,여자 12세이하부,개인전,토너먼트,준준결승경기１,최은,202304014708,,이채빈,202502016148,,3,0,A
2026 제22회 대한체육회장배 전국 스쿼시 선수권대회,202614401,2026-03-19,여자 12세이하부,개인전,토너먼트,준준결승경기２,이라엘,202510000870,,백지원,202503047683,,0,3,B
2026 제22회 대한체육회장배 전국 스쿼시 선수권대회,202614401,2026-03-19,여자 12세이하부,개인전,토너먼트,준준결승경기３,박나래,202601012059,,이유나,202507026685,,3,1,A
2026 제22회 대한체육회장배 전국 스쿼시 선수권대회,202614401,2026-03-19,여자 12세이하부,개인전,토너먼트,준준결승경기４,박라온,202502015221,,정서윤,202307004948,,0,3,B
2026 제22회 대한체육회장배 전국 스쿼시 선수권대회,202614401,2026-03-19,여자 12세이하부,개인전,토너먼트,준결승경기１,최은,202304014708,,백지원,202503047683,,3,0,A
2026 제22회 대한체육회장배 전국 스쿼시 선수권대회,202614401,2026-03-19,여자 12세이하부,개인전,토너먼트,준결승경기２,박나래,202601012059,,정서윤,202307004948,,0,3,B
2026 제22회 대한체육회장배 전국 스쿼시 선수권대회,202614401,2026-03-19,여자 12세이하부,개인전,토너먼트,결승,최은,202304014708,,정서윤,202307004948,,3,0,A
2026 제22회 대한체육회장배 전국 스쿼시 선수권대회,202614401,2026-03-19,남자 12세이하부,개인전,토너먼트,예선경기２,백무건,202505005931,,이준서,202305012079,,0,3,B
2026 제22회 대한체육회장배 전국 스쿼시 선수권대회,202614401,2026-03-19,남자 12세이하부,개인전,토너먼트,예선경기３,김현석,202204086936,,황예준,202505009465,,3,0,A
2026 제22회 대한체육회장배 전국 스쿼시 선수권대회,202614401,2026-03-19,남자 12세이하부,개인전,토너먼트,예선경기４,김승주,202408012758,,김동건,202411001568,,3,0,A
2026 제22회 대한체육회장배 전국 스쿼시 선수권대회,202614401,2026-03-19,남자 12세이하부,개인전,토너먼트,예선경기５,강그루,202411001084,,송예준,202501003369,,3,0,A
2026 제22회 대한체육회장배 전국 스쿼시 선수권대회,202614401,2026-03-19,남자 12세이하부,개인전,토너먼트,예선경기６,유윤재,202601013283,,김시우,202307007967,,1,3,B
2026 제22회 대한체육회장배 전국 스쿼시 선수권대회,202614401,2026-03-19,남자 12세이하부,개인전,토너먼트,예선경기７,최재원,202102002568,,박준응,202502016017,,3,1,A
2026 제22회 대한체육회장배 전국 스쿼시 선수권대회,202614401,2026-03-19,남자 12세이하부,개인전,토너먼트,준준결승경기１,최현욱,202103005535,,이준서,202305012079,,3,0,A
2026 제22회 대한체육회장배 전국 스쿼시 선수권대회,202614401,2026-03-19,남자 12세이하부,개인전,토너먼트,준준결승경기２,김현석,202204086936,,김승주,202408012758,,3,0,A
2026 제22회 대한체육회장배 전국 스쿼시 선수권대회,202614401,2026-03-19,남자 12세이하부,개인전,토너먼트,준준결승경기３,강그루,202411001084,,김시우,202307007967,,0,0,A
2026 제22회 대한체육회장배 전국 스쿼시 선수권대회,202614401,2026-03-19,남자 12세이하부,개인전,토너먼트,준준결승경기４,최재원,202102002568,,강예준,202304049424,,0,3,B
2026 제22회 대한체육회장배 전국 스쿼시 선수권대회,202614401,2026-03-19,남자 12세이하부,개인전,토너먼트,준결승경기１,최현욱,202103005535,,김현석,202204086936,,3,1,A
2026 제22회 대한체육회장배 전국 스쿼시 선수권대회,202614401,2026-03-19,남자 12세이하부,개인전,토너먼트,준결승경기２,강그루,202411001084,,강예준,202304049424,,1,3,B
2026 제22회 대한체육회장배 전국 스쿼시 선수권대회,202614401,2026-03-19,남자 12세이하부,개인전,토너먼트,결승,최현욱,202103005535,,강예준,202304049424,,2,3,B
2026 제22회 대한체육회장배 전국 스쿼시 선수권대회,202614401,2026-03-19,여자 15세이하부,개인전,토너먼트,예선경기１,김예빈,202311001849,,이하율,202404007406,,0,3,B
2026 제22회 대한체육회장배 전국 스쿼시 선수권대회,202614401,2026-03-19,여자 15세이하부,개인전,토너먼트,예선경기２,원지원,202407004535,,박서현,202411000815,,3,2,A
2026 제22회 대한체육회장배 전국 스쿼시 선수권대회,202614401,2026-03-19,여자 15세이하부,개인전,토너먼트,예선경기３,조예슬,202509006454,,김지은,202008003330,,3,0,A
2026 제22회 대한체육회장배 전국 스쿼시 선수권대회,202614401,2026-03-19,여자 15세이하부,개인전,토너먼트,예선경기４,서주연,202403017297,,안서율,202403016789,,0,3,B
2026 제22회 대한체육회장배 전국 스쿼시 선수권대회,202614401,2026-03-19,여자 15세이하부,개인전,토너먼트,예선경기５,김민주,202507027511,,김아린,202303035971,,0,3,B
2026 제22회 대한체육회장배 전국 스쿼시 선수권대회,202614401,2026-03-19,여자 15세이하부,개인전,토너먼트,예선경기６,구보민,202206006488,,김예지,202505004782,,3,0,A
2026 제22회 대한체육회장배 전국 스쿼시 선수권대회,202614401,2026-03-19,여자 15세이하부,개인전,토너먼트,예선경기７,홍지우,202307007070,,서민아,202510009251,,3,0,A
2026 제22회 대한체육회장배 전국 스쿼시 선수권대회,202614401,2026-03-19,여자 15세이하부,개인전,토너먼트,예선경기８,정지원,202501003289,,이서우,202311002595,,0,3,B
2026 제22회 대한체육회장배 전국 스쿼시 선수권대회,202614401,2026-03-19,여자 15세이하부,개인전,토너먼트,준준결승경기１,이하율,202404007406,,원지원,202407004535,,3,0,A
2026 제22회 대한체육회장배 전국 스쿼시 선수권대회,202614401,2026-03-19,여자 15세이하부,개인전,토너먼트,준준결승경기２,조예슬,202509006454,,안서율,202403016789,,0,3,B
2026 제22회 대한체육회장배 전국 스쿼시 선수권대회,202614401,2026-03-19,여자 15세이하부,개인전,토너먼트,준준결승경기３,김아린,202303035971,,구보민,202206006488,,2,3,B
2026 제22회 대한체육회장배 전국 스쿼시 선수권대회,202614401,2026-03-19,여자 15세이하부,개인전,토너먼트,준준결승경기４,홍지우,202307007070,,이서우,202311002595,,3,2,A
2026 제22회 대한체육회장배 전국 스쿼시 선수권대회,202614401,2026-03-19,여자 15세이하부,개인전,토너먼트,준결승경기１,이하율,202404007406,,안서율,202403016789,,1,3,B
2026 제22회 대한체육회장배 전국 스쿼시 선수권대회,202614401,2026-03-19,여자 15세이하부,개인전,토너먼트,준결승경기２,구보민,202206006488,,홍지우,202307007070,,3,2,A
2026 제22회 대한체육회장배 전국 스쿼시 선수권대회,202614401,2026-03-19,여자 15세이하부,개인전,토너먼트,결승,안서율,202403016789,,구보민,202206006488,,1,3,B
2026 제22회 대한체육회장배 전국 스쿼시 선수권대회,202614401,2026-03-19,남자 15세이하부,개인전,토너먼트,예선경기２,이우진,202406006318,,조은호,202502000939,,0,3,B
2026 제22회 대한체육회장배 전국 스쿼시 선수권대회,202614401,2026-03-19,남자 15세이하부,개인전,토너먼트,예선경기１５,문시후,202603002103,,김준수,202305008331,,0,3,B
2026 제22회 대한체육회장배 전국 스쿼시 선수권대회,202614401,2026-03-19,남자 15세이하부,개인전,토너먼트,준준준결승경기１,류지안,202202002116,,조은호,202502000939,,3,0,A
2026 제22회 대한체육회장배 전국 스쿼시 선수권대회,202614401,2026-03-19,남자 15세이하부,개인전,토너먼트,준준준결승경기２,최윤호,202311001127,,김민,202403018707,,3,0,A
2026 제22회 대한체육회장배 전국 스쿼시 선수권대회,202614401,2026-03-19,남자 15세이하부,개인전,토너먼트,준준준결승경기３,나시빈,202602009330,,이상경,202206010078,,0,3,B
2026 제22회 대한체육회장배 전국 스쿼시 선수권대회,202614401,2026-03-19,남자 15세이하부,개인전,토너먼트,준준준결승경기４,나우영,201902002440,,최규현,202006002884,,3,2,A
2026 제22회 대한체육회장배 전국 스쿼시 선수권대회,202614401,2026-03-19,남자 15세이하부,개인전,토너먼트,준준준결승경기５,김서준,201904001822,,이석현,202302017098,,3,0,A
2026 제22회 대한체육회장배 전국 스쿼시 선수권대회,202614401,2026-03-19,남자 15세이하부,개인전,토너먼트,준준준결승경기６,서예준,202403017121,,최원준,202309002019,,0,3,B
2026 제22회 대한체육회장배 전국 스쿼시 선수권대회,202614401,2026-03-19,남자 15세이하부,개인전,토너먼트,준준준결승경기７,강연우,202302018875,,김재후,202601000275,,3,0,A
2026 제22회 대한체육회장배 전국 스쿼시 선수권대회,202614401,2026-03-19,남자 15세이하부,개인전,토너먼트,준준준결승경기８,김준수,202305008331,,김민기,202006003212,,0,3,B
2026 제22회 대한체육회장배 전국 스쿼시 선수권대회,202614401,2026-03-19,남자 15세이하부,개인전,토너먼트,준준결승경기１,류지안,202202002116,,최윤호,202311001127,,3,0,A
2026 제22회 대한체육회장배 전국 스쿼시 선수권대회,202614401,2026-03-19,남자 15세이하부,개인전,토너먼트,준준결승경기２,이상경,202206010078,,나우영,201902002440,,3,0,A
2026 제22회 대한체육회장배 전국 스쿼시 선수권대회,202614401,2026-03-19,남자 15세이하부,개인전,토너먼트,준준결승경기３,김서준,201904001822,,최원준,202309002019,,3,0,A
2026 제22회 대한체육회장배 전국 스쿼시 선수권대회,202614401,2026-03-19,남자 15세이하부,개인전,토너먼트,준준결승경기４,강연우,202302018875,,김민기,202006003212,,2,3,B
2026 제22회 대한체육회장배 전국 스쿼시 선수권대회,202614401,2026-03-19,남자 15세이하부,개인전,토너먼트,준결승경기１,류지안,202202002116,,이상경,202206010078,,3,0,A
2026 제22회 대한체육회장배 전국 스쿼시 선수권대회,202614401,2026-03-19,남자 15세이하부,개인전,토너먼트,준결승경기２,김서준,201904001822,,김민기,202006003212,,3,0,A
2026 제22회 대한체육회장배 전국 스쿼시 선수권대회,202614401,2026-03-19,남자 15세이하부,개인전,토너먼트,결승,류지안,202202002116,,김서준,201904001822,,3,2,A
2026 제22회 대한체육회장배 전국 스쿼시 선수권대회,202614401,2026-03-19,여자 18세이하부,개인전,토너먼트,예선경기２,강현이,202507029514,,정단아,202207001150,,0,3,B
2026 제22회 대한체육회장배 전국 스쿼시 선수권대회,202614401,2026-03-19,여자 18세이하부,개인전,토너먼트,예선경기６,정유빈,202307008532,,김태영,202406003305,,3,0,A
2026 제22회 대한체육회장배 전국 스쿼시 선수권대회,202614401,2026-03-19,여자 18세이하부,개인전,토너먼트,예선경기７,유하영,202507029420,,이수현,202302014612,,0,3,B
2026 제22회 대한체육회장배 전국 스쿼시 선수권대회,202614401,2026-03-19,여자 18세이하부,개인전,토너먼트,예선경기１０,문하람,202002004153,,남유비,202202004112,,3,0,A
2026 제22회 대한체육회장배 전국 스쿼시 선수권대회,202614401,2026-03-19,여자 18세이하부,개인전,토너먼트,예선경기１１,박지은,202002004079,,황지영,202403018376,,3,1,A
2026 제22회 대한체육회장배 전국 스쿼시 선수권대회,202614401,2026-03-19,여자 18세이하부,개인전,토너먼트,예선경기１４,나현아,202406007100,,김수연,202507003932,,3,0,A
2026 제22회 대한체육회장배 전국 스쿼시 선수권대회,202614401,2026-03-19,여자 18세이하부,개인전,토너먼트,예선경기１５,이해인,202002004113,,박소영,202503043401,,3,0,A
2026 제22회 대한체육회장배 전국 스쿼시 선수권대회,202614401,2026-03-19,여자 18세이하부,개인전,토너먼트,준준준결승경기１,박솔민,202002002489,,정단아,202207001150,,3,0,A
2026 제22회 대한체육회장배 전국 스쿼시 선수권대회,202614401,2026-03-19,여자 18세이하부,개인전,토너먼트,준준준결승경기２,이재인,202305008081,,강연아,202302018871,,3,0,A
2026 제22회 대한체육회장배 전국 스쿼시 선수권대회,202614401,2026-03-19,여자 18세이하부,개인전,토너먼트,준준준결승경기３,라우림,202202004038,,정유빈,202307008532,,3,1,A
2026 제22회 대한체육회장배 전국 스쿼시 선수권대회,202614401,2026-03-19,여자 18세이하부,개인전,토너먼트,준준준결승경기４,이수현,202302014612,,안수빈,202507003569,,3,0,A
2026 제22회 대한체육회장배 전국 스쿼시 선수권대회,202614401,2026-03-19,여자 18세이하부,개인전,토너먼트,준준준결승경기５,정현아,202207001169,,문하람,202002004153,,0,3,B
2026 제22회 대한체육회장배 전국 스쿼시 선수권대회,202614401,2026-03-19,여자 18세이하부,개인전,토너먼트,준준준결승경기６,박지은,202002004079,,김예은,202008003322,,3,1,A
2026 제22회 대한체육회장배 전국 스쿼시 선수권대회,202614401,2026-03-19,여자 18세이하부,개인전,토너먼트,준준준결승경기７,김도은,202006003279,,나현아,202406007100,,3,0,A
2026 제22회 대한체육회장배 전국 스쿼시 선수권대회,202614401,2026-03-19,여자 18세이하부,개인전,토너먼트,준준준결승경기８,이해인,202002004113,,김민주,202311002931,,3,0,A
2026 제22회 대한체육회장배 전국 스쿼시 선수권대회,202614401,2026-03-19,여자 18세이하부,개인전,토너먼트,준준결승경기１,박솔민,202002002489,,이재인,202305008081,,3,0,A
2026 제22회 대한체육회장배 전국 스쿼시 선수권대회,202614401,2026-03-19,여자 18세이하부,개인전,토너먼트,준준결승경기２,라우림,202202004038,,이수현,202302014612,,0,3,B
2026 제22회 대한체육회장배 전국 스쿼시 선수권대회,202614401,2026-03-19,여자 18세이하부,개인전,토너먼트,준준결승경기３,문하람,202002004153,,박지은,202002004079,,3,0,A
2026 제22회 대한체육회장배 전국 스쿼시 선수권대회,202614401,2026-03-19,여자 18세이하부,개인전,토너먼트,준준결승경기４,김도은,202006003279,,이해인,202002004113,,0,3,B
2026 제22회 대한체육회장배 전국 스쿼시 선수권대회,202614401,2026-03-19,여자 18세이하부,개인전,토너먼트,준결승경기１,박솔민,202002002489,,이수현,202302014612,,3,0,A
2026 제22회 대한체육회장배 전국 스쿼시 선수권대회,202614401,2026-03-19,여자 18세이하부,개인전,토너먼트,준결승경기２,문하람,202002004153,,이해인,202002004113,,1,3,B
2026 제22회 대한체육회장배 전국 스쿼시 선수권대회,202614401,2026-03-19,여자 18세이하부,개인전,토너먼트,결승,박솔민,202002002489,,이해인,202002004113,,1,3,B
2026 제22회 대한체육회장배 전국 스쿼시 선수권대회,202614401,2026-03-19,여자 18세이하부,단체전,토너먼트,예선경기１,천안월봉고등학교,,,김천한일여자고등학교,,,1,2,B
2026 제22회 대한체육회장배 전국 스쿼시 선수권대회,202614401,2026-03-19,여자 18세이하부,단체전,토너먼트,예선경기２,동일미래과학고등학교,,,경상남도스쿼시연맹,,,2,1,A
2026 제22회 대한체육회장배 전국 스쿼시 선수권대회,202614401,2026-03-19,여자 18세이하부,단체전,토너먼트,결승,김천한일여자고등학교,,,동일미래과학고등학교,,,1,2,B
2026 제22회 대한체육회장배 전국 스쿼시 선수권대회,202614401,2026-03-19,여자 18세이하부,복식,토너먼트,예선경기１,"강연아, 박지은",,,"강현지, 김하늘",,,2,0,A
2026 제22회 대한체육회장배 전국 스쿼시 선수권대회,202614401,2026-03-19,여자 18세이하부,복식,토너먼트,예선경기２,"정단아, 정현아",,,"나현아, 라우림",,,2,0,A
2026 제22회 대한체육회장배 전국 스쿼시 선수권대회,202614401,2026-03-19,여자 18세이하부,복식,토너먼트,결승,"강연아, 박지은",,,"정단아, 정현아",,,0,2,B
2026 제22회 대한체육회장배 전국 스쿼시 선수권대회,202614401,2026-03-19,남자 18세이하부,개인전,토너먼트,예선경기２,현종선,202302017920,,윤지훈,202502013232,,3,0,A
2026 제22회 대한체육회장배 전국 스쿼시 선수권대회,202614401,2026-03-19,남자 18세이하부,개인전,토너먼트,예선경기３,노성현,202505005861,,서한규,202407006297,,0,3,B
2026 제22회 대한체육회장배 전국 스쿼시 선수권대회,202614401,2026-03-19,남자 18세이하부,개인전,토너먼트,예선경기４,김경민,202211001200,,김민재,202303000324,,0,3,B
2026 제22회 대한체육회장배 전국 스쿼시 선수권대회,202614401,2026-03-19,남자 18세이하부,개인전,토너먼트,예선경기６,장승보,202303008035,,윤태훈,202209003037,,3,0,A
2026 제22회 대한체육회장배 전국 스쿼시 선수권대회,202614401,2026-03-19,남자 18세이하부,개인전,토너먼트,예선경기７,윤종현,202204001156,,신승원,202402018673,,3,0,A
2026 제22회 대한체육회장배 전국 스쿼시 선수권대회,202614401,2026-03-19,남자 18세이하부,개인전,토너먼트,예선경기１０,김민준,201903012665,,김성주,202203007369,,0,3,B
2026 제22회 대한체육회장배 전국 스쿼시 선수권대회,202614401,2026-03-19,남자 18세이하부,개인전,토너먼트,예선경기１１,김재영,202006001038,,김지완,202407009605,,0,3,B
2026 제22회 대한체육회장배 전국 스쿼시 선수권대회,202614401,2026-03-19,남자 18세이하부,개인전,토너먼트,예선경기１２,어준서,202411001569,,김건우,202409001518,,0,3,B
2026 제22회 대한체육회장배 전국 스쿼시 선수권대회,202614401,2026-03-19,남자 18세이하부,개인전,토너먼트,예선경기１３,전제민,202507003086,,김현,202303001958,,0,3,B
2026 제22회 대한체육회장배 전국 스쿼시 선수권대회,202614401,2026-03-19,남자 18세이하부,개인전,토너먼트,예선경기１４,송늘찬,202308010299,,윤하성,202502001198,,3,0,A
2026 제22회 대한체육회장배 전국 스쿼시 선수권대회,202614401,2026-03-19,남자 18세이하부,개인전,토너먼트,예선경기１５,황지호,202306012178,,황승조,202402001062,,0,3,B
2026 제22회 대한체육회장배 전국 스쿼시 선수권대회,202614401,2026-03-19,남자 18세이하부,개인전,토너먼트,준준준결승경기１,김찬영,202203001906,,현종선,202302017920,,3,0,A
2026 제22회 대한체육회장배 전국 스쿼시 선수권대회,202614401,2026-03-19,남자 18세이하부,개인전,토너먼트,준준준결승경기２,서한규,202407006297,,김민재,202303000324,,0,3,B
2026 제22회 대한체육회장배 전국 스쿼시 선수권대회,202614401,2026-03-19,남자 18세이하부,개인전,토너먼트,준준준결승경기３,구건휘,202206008055,,장승보,202303008035,,1,3,B
2026 제22회 대한체육회장배 전국 스쿼시 선수권대회,202614401,2026-03-19,남자 18세이하부,개인전,토너먼트,준준준결승경기４,윤종현,202204001156,,오지훈,202307006557,,0,0,B
2026 제22회 대한체육회장배 전국 스쿼시 선수권대회,202614401,2026-03-19,남자 18세이하부,개인전,토너먼트,준준준결승경기５,전서율,201905001623,,김성주,202203007369,,1,3,B
2026 제22회 대한체육회장배 전국 스쿼시 선수권대회,202614401,2026-03-19,남자 18세이하부,개인전,토너먼트,준준준결승경기６,김지완,202407009605,,김건우,202409001518,,3,1,A
2026 제22회 대한체육회장배 전국 스쿼시 선수권대회,202614401,2026-03-19,남자 18세이하부,개인전,토너먼트,준준준결승경기７,김현,202303001958,,송늘찬,202308010299,,3,0,A
2026 제22회 대한체육회장배 전국 스쿼시 선수권대회,202614401,2026-03-19,남자 18세이하부,개인전,토너먼트,준준준결승경기８,황승조,202402001062,,이동화,202007000243,,0,3,B
2026 제22회 대한체육회장배 전국 스쿼시 선수권대회,202614401,2026-03-19,남자 18세이하부,개인전,토너먼트,준준결승경기１,김찬영,202203001906,,김민재,202303000324,,3,0,A
2026 제22회 대한체육회장배 전국 스쿼시 선수권대회,202614401,2026-03-19,남자 18세이하부,개인전,토너먼트,준준결승경기２,장승보,202303008035,,오지훈,202307006557,,3,1,A
2026 제22회 대한체육회장배 전국 스쿼시 선수권대회,202614401,2026-03-19,남자 18세이하부,개인전,토너먼트,준준결승경기３,김성주,202203007369,,김지완,202407009605,,3,2,A
2026 제22회 대한체육회장배 전국 스쿼시 선수권대회,202614401,2026-03-19,남자 18세이하부,개인전,토너먼트,준준결승경기４,김현,202303001958,,이동화,202007000243,,3,1,A
2026 제22회 대한체육회장배 전국 스쿼시 선수권대회,202614401,2026-03-19,남자 18세이하부,개인전,토너먼트,준결승경기１,김찬영,202203001906,,장승보,202303008035,,3,0,A
2026 제22회 대한체육회장배 전국 스쿼시 선수권대회,202614401,2026-03-19,남자 18세이하부,개인전,토너먼트,준결승경기２,김성주,202203007369,,김현,202303001958,,1,3,B
2026 제22회 대한체육회장배 전국 스쿼시 선수권대회,202614401,2026-03-19,남자 18세이하부,개인전,토너먼트,결승,김찬영,202203001906,,김현,202303001958,,3,1,A
2026 제22회 대한체육회장배 전국 스쿼시 선수권대회,202614401,2026-03-19,남자 18세이하부,단체전,토너먼트,예선경기１,와룡고등학교,,,경상남도스쿼시연맹,,,0,2,B
2026 제22회 대한체육회장배 전국 스쿼시 선수권대회,202614401,2026-03-19,남자 18세이하부,단체전,토너먼트,예선경기２,대광고등학교,,,오남고등학교,,,0,2,B
2026 제22회 대한체육회장배 전국 스쿼시 선수권대회,202614401,2026-03-19,남자 18세이하부,단체전,토너먼트,결승,경상남도스쿼시연맹,,,오남고등학교,,,0,2,B
2026 제22회 대한체육회장배 전국 스쿼시 선수권대회,202614401,2026-03-19,남자 18세이하부,복식,토너먼트,예선경기２,"황승조, 김지완",,,"윤하성, 김성주",,,2,1,A
2026 제22회 대한체육회장배 전국 스쿼시 선수권대회,202614401,2026-03-19,남자 18세이하부,복식,토너먼트,준결승경기１,"전서율, 김민재",,,"황승조, 김지완",,,2,1,A
2026 제22회 대한체육회장배 전국 스쿼시 선수권대회,202614401,2026-03-19,남자 18세이하부,복식,토너먼트,준결승경기２,"오지훈, 김건우",,,"윤태훈, 김재영",,,1,2,B
2026 제22회 대한체육회장배 전국 스쿼시 선수권대회,202614401,2026-03-19,남자 18세이하부,복식,토너먼트,결승,"전서율, 김민재",,,"윤태훈, 김재영",,,2,0,A
2026 제22회 대한체육회장배 전국 스쿼시 선수권대회,202614401,2026-03-19,여자 대학부,개인전,토너먼트,예선경기２,김태연,201605003414,,김소윤,202307002569,,3,0,A
2026 제22회 대한체육회장배 전국 스쿼시 선수권대회,202614401,2026-03-19,여자 대학부,개인전,토너먼트,예선경기６,서예은,202206004756,,김민정,202102002754,,3,0,A
2026 제22회 대한체육회장배 전국 스쿼시 선수권대회,202614401,2026-03-19,여자 대학부,개인전,토너먼트,예선경기７,김민지,202205118922,,정수아,202307002127,,0,3,B
2026 제22회 대한체육회장배 전국 스쿼시 선수권대회,202614401,2026-03-19,여자 대학부,개인전,토너먼트,준준결승경기１,김하연,201503006905,,김태연,201605003414,,3,0,A
2026 제22회 대한체육회장배 전국 스쿼시 선수권대회,202614401,2026-03-19,여자 대학부,개인전,토너먼트,준준결승경기２,남지윤,202203011255,,전현영,202201001946,,3,2,A
2026 제22회 대한체육회장배 전국 스쿼시 선수권대회,202614401,2026-03-19,여자 대학부,개인전,토너먼트,준준결승경기３,엄준,201804000231,,서예은,202206004756,,1,3,B
2026 제22회 대한체육회장배 전국 스쿼시 선수권대회,202614401,2026-03-19,여자 대학부,개인전,토너먼트,준준결승경기４,정수아,202307002127,,조예림,202006001243,,1,3,B
2026 제22회 대한체육회장배 전국 스쿼시 선수권대회,202614401,2026-03-19,여자 대학부,개인전,토너먼트,준결승경기１,김하연,201503006905,,남지윤,202203011255,,3,1,A
2026 제22회 대한체육회장배 전국 스쿼시 선수권대회,202614401,2026-03-19,여자 대학부,개인전,토너먼트,준결승경기２,서예은,202206004756,,조예림,202006001243,,3,1,A
2026 제22회 대한체육회장배 전국 스쿼시 선수권대회,202614401,2026-03-19,여자 대학부,개인전,토너먼트,결승,김하연,201503006905,,서예은,202206004756,,1,3,B
2026 제22회 대한체육회장배 전국 스쿼시 선수권대회,202614401,2026-03-19,여자 대학부,복식,리그전,1R / A조,"정수아, 김소윤",,,"조예림, 남지윤",,,0,2,B
2026 제22회 대한체육회장배 전국 스쿼시 선수권대회,202614401,2026-03-19,여자 대학부,복식,리그전,1R / A조,"김태연, 서예은",,,"조예림, 남지윤",,,0,2,B
2026 제22회 대한체육회장배 전국 스쿼시 선수권대회,202614401,2026-03-19,여자 대학부,복식,리그전,1R / A조,"김태연, 서예은",,,"정수아, 김소윤",,,2,0,A
2026 제22회 대한체육회장배 전국 스쿼시 선수권대회,202614401,2026-03-19,남자 대학부,개인전,토너먼트,예선경기２,나승찬,202205118675,,이라온,201602011151,,0,3,B
2026 제22회 대한체육회장배 전국 스쿼시 선수권대회,202614401,2026-03-19,남자 대학부,개인전,토너먼트,예선경기３,박경민,201504006889,,곽서준,201903006257,,3,0,A
2026 제22회 대한체육회장배 전국 스쿼시 선수권대회,202614401,2026-03-19,남자 대학부,개인전,토너먼트,예선경기４,이성빈,202302013707,,구동현,201402010302,,3,0,A
2026 제22회 대한체육회장배 전국 스쿼시 선수권대회,202614401,2026-03-19,남자 대학부,개인전,토너먼트,예선경기５,김태경,202207011111,,김준호,202004000367,,0,3,B
2026 제22회 대한체육회장배 전국 스쿼시 선수권대회,202614401,2026-03-19,남자 대학부,개인전,토너먼트,예선경기６,전윤건,202306010293,,박민기,202006000140,,0,3,B
2026 제22회 대한체육회장배 전국 스쿼시 선수권대회,202614401,2026-03-19,남자 대학부,개인전,토너먼트,예선경기７,안동현,202305015908,,함동현,202307006269,,1,3,B
2026 제22회 대한체육회장배 전국 스쿼시 선수권대회,202614401,2026-03-19,남자 대학부,개인전,토너먼트,예선경기８,이용욱,201902003971,,이상엽,202304048505,,3,0,A
2026 제22회 대한체육회장배 전국 스쿼시 선수권대회,202614401,2026-03-19,남자 대학부,개인전,토너먼트,준준결승경기１,김동하,202207005619,,이라온,201602011151,,0,3,B
2026 제22회 대한체육회장배 전국 스쿼시 선수권대회,202614401,2026-03-19,남자 대학부,개인전,토너먼트,준준결승경기２,박경민,201504006889,,이성빈,202302013707,,3,0,A
2026 제22회 대한체육회장배 전국 스쿼시 선수권대회,202614401,2026-03-19,남자 대학부,개인전,토너먼트,준준결승경기３,김준호,202004000367,,박민기,202006000140,,3,2,A
2026 제22회 대한체육회장배 전국 스쿼시 선수권대회,202614401,2026-03-19,남자 대학부,개인전,토너먼트,준준결승경기４,함동현,202307006269,,이용욱,201902003971,,0,3,B
2026 제22회 대한체육회장배 전국 스쿼시 선수권대회,202614401,2026-03-19,남자 대학부,개인전,토너먼트,준결승경기１,이라온,201602011151,,박경민,201504006889,,3,1,A
2026 제22회 대한체육회장배 전국 스쿼시 선수권대회,202614401,2026-03-19,남자 대학부,개인전,토너먼트,준결승경기２,김준호,202004000367,,이용욱,201902003971,,0,3,B
2026 제22회 대한체육회장배 전국 스쿼시 선수권대회,202614401,2026-03-19,남자 대학부,개인전,토너먼트,결승,이라온,201602011151,,이용욱,201902003971,,3,0,A
2026 제22회 대한체육회장배 전국 스쿼시 선수권대회,202614401,2026-03-19,남자 대학부,복식,토너먼트,예선경기２,"김동하, 안동현",,,"김준호, 이용욱",,,0,2,B
2026 제22회 대한체육회장배 전국 스쿼시 선수권대회,202614401,2026-03-19,남자 대학부,복식,토너먼트,준결승경기１,"박경민, 박민기",,,"김준호, 이용욱",,,2,0,A
2026 제22회 대한체육회장배 전국 스쿼시 선수권대회,202614401,2026-03-19,남자 대학부,복식,토너먼트,준결승경기２,"이성빈, 곽서준",,,"구동현, 이라온",,,0,2,B
2026 제22회 대한체육회장배 전국 스쿼시 선수권대회,202614401,2026-03-19,남자 대학부,복식,토너먼트,결승,"박경민, 박민기",,,"구동현, 이라온",,,2,0,A
2026 제22회 대한체육회장배 전국 스쿼시 선수권대회,202614401,2026-03-19,여자 일반부,개인전,토너먼트,예선경기２,박다송,202204086461,,이소진,201503029527,,0,3,B
2026 제22회 대한체육회장배 전국 스쿼시 선수권대회,202614401,2026-03-19,여자 일반부,개인전,토너먼트,예선경기３,장예원,201601000670,,조아연,201903004040,,3,1,A
2026 제22회 대한체육회장배 전국 스쿼시 선수권대회,202614401,2026-03-19,여자 일반부,개인전,토너먼트,예선경기４,안은찬,200312014298,,오승희,201209002253,,3,1,A
2026 제22회 대한체육회장배 전국 스쿼시 선수권대회,202614401,2026-03-19,여자 일반부,개인전,토너먼트,예선경기５,서효주,201402001683,,박상은,201404002146,,3,0,A
2026 제22회 대한체육회장배 전국 스쿼시 선수권대회,202614401,2026-03-19,여자 일반부,개인전,토너먼트,예선경기６,김민희,201402004905,,김민지,202207005516,,3,0,A
2026 제22회 대한체육회장배 전국 스쿼시 선수권대회,202614401,2026-03-19,여자 일반부,개인전,토너먼트,예선경기７,송동주,201205000983,,서하민,201703008633,,3,1,A
2026 제22회 대한체육회장배 전국 스쿼시 선수권대회,202614401,2026-03-19,여자 일반부,개인전,토너먼트,예선경기８,이자연,202003003272,,송채원,200903026922,,2,3,B
2026 제22회 대한체육회장배 전국 스쿼시 선수권대회,202614401,2026-03-19,여자 일반부,개인전,토너먼트,예선경기９,허민경,201103015212,,이경진,202203011267,,3,0,A
2026 제22회 대한체육회장배 전국 스쿼시 선수권대회,202614401,2026-03-19,여자 일반부,개인전,토너먼트,예선경기１０,권소원,202404019722,,문혜연,201203009845,,0,3,B
2026 제22회 대한체육회장배 전국 스쿼시 선수권대회,202614401,2026-03-19,여자 일반부,개인전,토너먼트,예선경기１１,신유진,201602007698,,류보람,201503023001,,0,0,A
2026 제22회 대한체육회장배 전국 스쿼시 선수권대회,202614401,2026-03-19,여자 일반부,개인전,토너먼트,예선경기１２,이승연,201405001347,,최유라,200703026440,,1,3,B
2026 제22회 대한체육회장배 전국 스쿼시 선수권대회,202614401,2026-03-19,여자 일반부,개인전,토너먼트,예선경기１３,김다미,201107004502,,배찬미,200506004011,,3,0,A
2026 제22회 대한체육회장배 전국 스쿼시 선수권대회,202614401,2026-03-19,여자 일반부,개인전,토너먼트,예선경기１４,김가람,200505000922,,곽다연,201302006626,,3,0,A
2026 제22회 대한체육회장배 전국 스쿼시 선수권대회,202614401,2026-03-19,여자 일반부,개인전,토너먼트,예선경기１５,전아인,201203004577,,김가혜,200312004260,,2,3,B
2026 제22회 대한체육회장배 전국 스쿼시 선수권대회,202614401,2026-03-19,여자 일반부,개인전,토너먼트,준준준결승경기１,엄화영,201002007702,,이소진,201503029527,,3,0,A
2026 제22회 대한체육회장배 전국 스쿼시 선수권대회,202614401,2026-03-19,여자 일반부,개인전,토너먼트,준준준결승경기２,장예원,201601000670,,안은찬,200312014298,,0,3,B
2026 제22회 대한체육회장배 전국 스쿼시 선수권대회,202614401,2026-03-19,여자 일반부,개인전,토너먼트,준준준결승경기３,서효주,201402001683,,김민희,201402004905,,3,0,A
2026 제22회 대한체육회장배 전국 스쿼시 선수권대회,202614401,2026-03-19,여자 일반부,개인전,토너먼트,준준준결승경기４,송동주,201205000983,,송채원,200903026922,,0,3,B
2026 제22회 대한체육회장배 전국 스쿼시 선수권대회,202614401,2026-03-19,여자 일반부,개인전,토너먼트,준준준결승경기５,허민경,201103015212,,문혜연,201203009845,,3,0,A
2026 제22회 대한체육회장배 전국 스쿼시 선수권대회,202614401,2026-03-19,여자 일반부,개인전,토너먼트,준준준결승경기６,신유진,201602007698,,최유라,200703026440,,0,3,B
2026 제22회 대한체육회장배 전국 스쿼시 선수권대회,202614401,2026-03-19,여자 일반부,개인전,토너먼트,준준준결승경기７,김다미,201107004502,,김가람,200505000922,,3,0,A
2026 제22회 대한체육회장배 전국 스쿼시 선수권대회,202614401,2026-03-19,여자 일반부,개인전,토너먼트,준준준결승경기８,김가혜,200312004260,,이지현,200504008455,,1,3,B
2026 제22회 대한체육회장배 전국 스쿼시 선수권대회,202614401,2026-03-19,여자 일반부,개인전,토너먼트,준준결승경기１,엄화영,201002007702,,안은찬,200312014298,,3,1,A
2026 제22회 대한체육회장배 전국 스쿼시 선수권대회,202614401,2026-03-19,여자 일반부,개인전,토너먼트,준준결승경기２,서효주,201402001683,,송채원,200903026922,,3,1,A
2026 제22회 대한체육회장배 전국 스쿼시 선수권대회,202614401,2026-03-19,여자 일반부,개인전,토너먼트,준준결승경기３,허민경,201103015212,,최유라,200703026440,,0,3,B
2026 제22회 대한체육회장배 전국 스쿼시 선수권대회,202614401,2026-03-19,여자 일반부,개인전,토너먼트,준준결승경기４,김다미,201107004502,,이지현,200504008455,,1,3,B
2026 제22회 대한체육회장배 전국 스쿼시 선수권대회,202614401,2026-03-19,여자 일반부,개인전,토너먼트,준결승경기１,엄화영,201002007702,,서효주,201402001683,,3,1,A
2026 제22회 대한체육회장배 전국 스쿼시 선수권대회,202614401,2026-03-19,여자 일반부,개인전,토너먼트,준결승경기２,최유라,200703026440,,이지현,200504008455,,3,0,A
2026 제22회 대한체육회장배 전국 스쿼시 선수권대회,202614401,2026-03-19,여자 일반부,개인전,토너먼트,결승,엄화영,201002007702,,최유라,200703026440,,1,3,B
2026 제22회 대한체육회장배 전국 스쿼시 선수권대회,202614401,2026-03-19,남자 일반부,개인전,토너먼트,예선경기２,유덕재,201104000837,,문석호,201402009240,,2,3,B
2026 제22회 대한체육회장배 전국 스쿼시 선수권대회,202614401,2026-03-19,남자 일반부,개인전,토너먼트,예선경기１０,김승현,201403012359,,황중찬,200706002344,,0,3,B
2026 제22회 대한체육회장배 전국 스쿼시 선수권대회,202614401,2026-03-19,남자 일반부,개인전,토너먼트,예선경기１５,한승철,201501001406,,박성찬,201006002472,,3,1,A
2026 제22회 대한체육회장배 전국 스쿼시 선수권대회,202614401,2026-03-19,남자 일반부,개인전,토너먼트,예선경기１８,유호제,201405000567,,지동현,201507002321,,0,3,B
2026 제22회 대한체육회장배 전국 스쿼시 선수권대회,202614401,2026-03-19,남자 일반부,개인전,토너먼트,예선경기 31,유승용,200907002704,,심규영,201504001319,,3,1,A
2026 제22회 대한체육회장배 전국 스쿼시 선수권대회,202614401,2026-03-19,남자 일반부,개인전,토너먼트,준준준준결승 1,이민우,201407000924,,문석호,201402009240,,3,0,A
2026 제22회 대한체육회장배 전국 스쿼시 선수권대회,202614401,2026-03-19,남자 일반부,개인전,토너먼트,준준준준결승 2,이동민,201302010757,,최호진,201306001130,,0,0,B
2026 제22회 대한체육회장배 전국 스쿼시 선수권대회,202614401,2026-03-19,남자 일반부,개인전,토너먼트,준준준준결승 3,이승택,200505000724,,정대훈,200504009468,,3,0,A
2026 제22회 대한체육회장배 전국 스쿼시 선수권대회,202614401,2026-03-19,남자 일반부,개인전,토너먼트,준준준준결승 4,이지석,201703004879,,박종명,200803023360,,0,3,B
2026 제22회 대한체육회장배 전국 스쿼시 선수권대회,202614401,2026-03-19,남자 일반부,개인전,토너먼트,준준준준결승 5,이동준,201302010744,,황중찬,200706002344,,0,0,A
2026 제22회 대한체육회장배 전국 스쿼시 선수권대회,202614401,2026-03-19,남자 일반부,개인전,토너먼트,준준준준결승 6,오성학,201103013572,,최정운,202206009270,,3,0,A
2026 제22회 대한체육회장배 전국 스쿼시 선수권대회,202614401,2026-03-19,남자 일반부,개인전,토너먼트,준준준준결승 7,이건동,200312007919,,나동현,202301001068,,3,0,A
2026 제22회 대한체육회장배 전국 스쿼시 선수권대회,202614401,2026-03-19,남자 일반부,개인전,토너먼트,준준준준결승 8,한승철,201501001406,,오서진,201605004663,,0,3,B
2026 제22회 대한체육회장배 전국 스쿼시 선수권대회,202614401,2026-03-19,남자 일반부,개인전,토너먼트,준준준준결승 9,박승민,201702006829,,지동현,201507002321,,3,2,A
2026 제22회 대한체육회장배 전국 스쿼시 선수권대회,202614401,2026-03-19,남자 일반부,개인전,토너먼트,준준준준결승 10,강현범,201302006321,,김현인,201602013447,,3,0,A
2026 제22회 대한체육회장배 전국 스쿼시 선수권대회,202614401,2026-03-19,남자 일반부,개인전,토너먼트,준준준준결승 11,류정민,201505003438,,김태현,201302005947,,3,1,A
2026 제22회 대한체육회장배 전국 스쿼시 선수권대회,202614401,2026-03-19,남자 일반부,개인전,토너먼트,준준준준결승 12,박정식,201103008064,,강우석,201302005902,,0,3,B
2026 제22회 대한체육회장배 전국 스쿼시 선수권대회,202614401,2026-03-19,남자 일반부,개인전,토너먼트,준준준준결승 13,고영조,200506001863,,김재훈,202204079309,,3,0,A
2026 제22회 대한체육회장배 전국 스쿼시 선수권대회,202614401,2026-03-19,남자 일반부,개인전,토너먼트,준준준준결승 14,김석진,201203009405,,우창욱,200505000725,,0,3,B
2026 제22회 대한체육회장배 전국 스쿼시 선수권대회,202614401,2026-03-19,남자 일반부,개인전,토너먼트,준준준준결승 15,김창하,201602010896,,임재현,201402001427,,0,3,B
2026 제22회 대한체육회장배 전국 스쿼시 선수권대회,202614401,2026-03-19,남자 일반부,개인전,토너먼트,준준준준결승 16,유승용,200907002704,,유재진,200504008874,,3,1,A
2026 제22회 대한체육회장배 전국 스쿼시 선수권대회,202614401,2026-03-19,남자 일반부,개인전,토너먼트,준준준결승경기１,이민우,201407000924,,최호진,201306001130,,3,0,A
2026 제22회 대한체육회장배 전국 스쿼시 선수권대회,202614401,2026-03-19,남자 일반부,개인전,토너먼트,준준준결승경기２,이승택,200505000724,,박종명,200803023360,,0,3,B
2026 제22회 대한체육회장배 전국 스쿼시 선수권대회,202614401,2026-03-19,남자 일반부,개인전,토너먼트,준준준결승경기３,이동준,201302010744,,오성학,201103013572,,3,0,A
2026 제22회 대한체육회장배 전국 스쿼시 선수권대회,202614401,2026-03-19,남자 일반부,개인전,토너먼트,준준준결승경기４,이건동,200312007919,,오서진,201605004663,,0,3,B
2026 제22회 대한체육회장배 전국 스쿼시 선수권대회,202614401,2026-03-19,남자 일반부,개인전,토너먼트,준준준결승경기５,박승민,201702006829,,강현범,201302006321,,0,0,B
2026 제22회 대한체육회장배 전국 스쿼시 선수권대회,202614401,2026-03-19,남자 일반부,개인전,토너먼트,준준준결승경기６,류정민,201505003438,,강우석,201302005902,,2,3,B
2026 제22회 대한체육회장배 전국 스쿼시 선수권대회,202614401,2026-03-19,남자 일반부,개인전,토너먼트,준준준결승경기７,고영조,200506001863,,우창욱,200505000725,,3,0,A
2026 제22회 대한체육회장배 전국 스쿼시 선수권대회,202614401,2026-03-19,남자 일반부,개인전,토너먼트,준준준결승경기８,임재현,201402001427,,유승용,200907002704,,0,3,B
2026 제22회 대한체육회장배 전국 스쿼시 선수권대회,202614401,2026-03-19,남자 일반부,개인전,토너먼트,준준결승경기１,이민우,201407000924,,박종명,200803023360,,3,1,A
2026 제22회 대한체육회장배 전국 스쿼시 선수권대회,202614401,2026-03-19,남자 일반부,개인전,토너먼트,준준결승경기２,이동준,201302010744,,오서진,201605004663,,0,3,B
2026 제22회 대한체육회장배 전국 스쿼시 선수권대회,202614401,2026-03-19,남자 일반부,개인전,토너먼트,준준결승경기３,강현범,201302006321,,강우석,201302005902,,2,3,B
2026 제22회 대한체육회장배 전국 스쿼시 선수권대회,202614401,2026-03-19,남자 일반부,개인전,토너먼트,준준결승경기４,고영조,200506001863,,유승용,200907002704,,3,1,A
2026 제22회 대한체육회장배 전국 스쿼시 선수권대회,202614401,2026-03-19,남자 일반부,개인전,토너먼트,준결승경기１,이민우,201407000924,,오서진,201605004663,,3,1,A
2026 제22회 대한체육회장배 전국 스쿼시 선수권대회,202614401,2026-03-19,남자 일반부,개인전,토너먼트,준결승경기２,강우석,201302005902,,고영조,200506001863,,1,3,B
2026 제22회 대한체육회장배 전국 스쿼시 선수권대회,202614401,2026-03-19,남자 일반부,개인전,토너먼트,결승,이민우,201407000924,,고영조,200506001863,,3,2,A
2026 제10회 광주광역시장배 전국실업스쿼시 선수권대회(개인전),202614664,2026-04-28,여자 일반부,개인전,토너먼트,예선경기２,신유진,201602007698,,서효주,201402001683,,0,3,B
2026 제10회 광주광역시장배 전국실업스쿼시 선수권대회(개인전),202614664,2026-04-28,여자 일반부,개인전,토너먼트,예선경기３,김가혜,200312004260,,전아인,201203004577,,1,3,B
2026 제10회 광주광역시장배 전국실업스쿼시 선수권대회(개인전),202614664,2026-04-28,여자 일반부,개인전,토너먼트,예선경기４,이소진,201503029527,,장예원,201601000670,,3,2,A
2026 제10회 광주광역시장배 전국실업스쿼시 선수권대회(개인전),202614664,2026-04-28,여자 일반부,개인전,토너먼트,예선경기５,이승연,201405001347,,서예은,202206004756,,3,0,A
2026 제10회 광주광역시장배 전국실업스쿼시 선수권대회(개인전),202614664,2026-04-28,여자 일반부,개인전,토너먼트,예선경기６,김민희,201402004905,,김소윤,202307002569,,3,0,A
2026 제10회 광주광역시장배 전국실업스쿼시 선수권대회(개인전),202614664,2026-04-28,여자 일반부,개인전,토너먼트,예선경기７,송채원,200903026922,,정수아,202307002127,,3,0,A
2026 제10회 광주광역시장배 전국실업스쿼시 선수권대회(개인전),202614664,2026-04-28,여자 일반부,개인전,토너먼트,예선경기８,구보경,201902004370,,조아연,201903004040,,0,3,B
2026 제10회 광주광역시장배 전국실업스쿼시 선수권대회(개인전),202614664,2026-04-28,여자 일반부,개인전,토너먼트,예선경기１０,배찬미,200506004011,,이자연,202003003272,,0,3,B
2026 제10회 광주광역시장배 전국실업스쿼시 선수권대회(개인전),202614664,2026-04-28,여자 일반부,개인전,토너먼트,예선경기１１,안은찬,200312014298,,김다미,201107004502,,0,3,B
2026 제10회 광주광역시장배 전국실업스쿼시 선수권대회(개인전),202614664,2026-04-28,여자 일반부,개인전,토너먼트,예선경기１２,남지윤,202203011255,,김태연,201605003414,,3,1,A
2026 제10회 광주광역시장배 전국실업스쿼시 선수권대회(개인전),202614664,2026-04-28,여자 일반부,개인전,토너먼트,예선경기１３,조예림,202006001243,,김하연,201503006905,,1,3,B
2026 제10회 광주광역시장배 전국실업스쿼시 선수권대회(개인전),202614664,2026-04-28,여자 일반부,개인전,토너먼트,예선경기１４,양연수,200409006651,,서하민,201703008633,,3,2,A
2026 제10회 광주광역시장배 전국실업스쿼시 선수권대회(개인전),202614664,2026-04-28,여자 일반부,개인전,토너먼트,예선경기１５,김가람,200505000922,,송동주,201205000983,,2,3,B
2026 제10회 광주광역시장배 전국실업스쿼시 선수권대회(개인전),202614664,2026-04-28,여자 일반부,개인전,토너먼트,준준준결승경기１,박다송,202204086461,,서효주,201402001683,,1,3,B
2026 제10회 광주광역시장배 전국실업스쿼시 선수권대회(개인전),202614664,2026-04-28,여자 일반부,개인전,토너먼트,준준준결승경기２,전아인,201203004577,,이소진,201503029527,,3,0,A
2026 제10회 광주광역시장배 전국실업스쿼시 선수권대회(개인전),202614664,2026-04-28,여자 일반부,개인전,토너먼트,준준준결승경기３,이승연,201405001347,,김민희,201402004905,,3,0,A
2026 제10회 광주광역시장배 전국실업스쿼시 선수권대회(개인전),202614664,2026-04-28,여자 일반부,개인전,토너먼트,준준준결승경기４,송채원,200903026922,,조아연,201903004040,,3,1,A
2026 제10회 광주광역시장배 전국실업스쿼시 선수권대회(개인전),202614664,2026-04-28,여자 일반부,개인전,토너먼트,준준준결승경기５,곽다연,201302006626,,이자연,202003003272,,3,0,A
2026 제10회 광주광역시장배 전국실업스쿼시 선수권대회(개인전),202614664,2026-04-28,여자 일반부,개인전,토너먼트,준준준결승경기６,김다미,201107004502,,남지윤,202203011255,,3,0,A
2026 제10회 광주광역시장배 전국실업스쿼시 선수권대회(개인전),202614664,2026-04-28,여자 일반부,개인전,토너먼트,준준준결승경기７,김하연,201503006905,,양연수,200409006651,,0,3,B
2026 제10회 광주광역시장배 전국실업스쿼시 선수권대회(개인전),202614664,2026-04-28,여자 일반부,개인전,토너먼트,준준준결승경기８,송동주,201205000983,,문혜연,201203009845,,3,0,A
2026 제10회 광주광역시장배 전국실업스쿼시 선수권대회(개인전),202614664,2026-04-28,여자 일반부,개인전,토너먼트,준준결승경기１,서효주,201402001683,,전아인,201203004577,,3,1,A
2026 제10회 광주광역시장배 전국실업스쿼시 선수권대회(개인전),202614664,2026-04-28,여자 일반부,개인전,토너먼트,준준결승경기２,이승연,201405001347,,송채원,200903026922,,0,3,B
2026 제10회 광주광역시장배 전국실업스쿼시 선수권대회(개인전),202614664,2026-04-28,여자 일반부,개인전,토너먼트,준준결승경기３,곽다연,201302006626,,김다미,201107004502,,0,3,B
2026 제10회 광주광역시장배 전국실업스쿼시 선수권대회(개인전),202614664,2026-04-28,여자 일반부,개인전,토너먼트,준준결승경기４,양연수,200409006651,,송동주,201205000983,,3,0,A
2026 제10회 광주광역시장배 전국실업스쿼시 선수권대회(개인전),202614664,2026-04-28,여자 일반부,개인전,토너먼트,준결승경기１,서효주,201402001683,,송채원,200903026922,,2,3,B
2026 제10회 광주광역시장배 전국실업스쿼시 선수권대회(개인전),202614664,2026-04-28,여자 일반부,개인전,토너먼트,준결승경기２,김다미,201107004502,,양연수,200409006651,,3,2,A
2026 제10회 광주광역시장배 전국실업스쿼시 선수권대회(개인전),202614664,2026-04-28,여자 일반부,개인전,토너먼트,결승,송채원,200903026922,,김다미,201107004502,,0,3,B
2026 제10회 광주광역시장배 전국실업스쿼시 선수권대회(개인전),202614664,2026-04-28,남자 일반부,개인전,토너먼트,예선경기２,우창욱,200505000725,,강우석,201302005902,,0,3,B
2026 제10회 광주광역시장배 전국실업스쿼시 선수권대회(개인전),202614664,2026-04-28,남자 일반부,개인전,토너먼트,예선경기３,유재진,200504008874,,오서진,201605004663,,0,3,B
2026 제10회 광주광역시장배 전국실업스쿼시 선수권대회(개인전),202614664,2026-04-28,남자 일반부,개인전,토너먼트,예선경기４,유호제,201405000567,,한승철,201501001406,,1,3,B
2026 제10회 광주광역시장배 전국실업스쿼시 선수권대회(개인전),202614664,2026-04-28,남자 일반부,개인전,토너먼트,예선경기５,박승민,201702006829,,이라온,201602011151,,3,1,A
2026 제10회 광주광역시장배 전국실업스쿼시 선수권대회(개인전),202614664,2026-04-28,남자 일반부,개인전,토너먼트,예선경기６,김현인,201602013447,,김동우,201503028559,,0,3,B
2026 제10회 광주광역시장배 전국실업스쿼시 선수권대회(개인전),202614664,2026-04-28,남자 일반부,개인전,토너먼트,예선경기７,김승현,201403012359,,류정민,201505003438,,0,3,B
2026 제10회 광주광역시장배 전국실업스쿼시 선수권대회(개인전),202614664,2026-04-28,남자 일반부,개인전,토너먼트,예선경기８,이지석,201703004879,,이건동,200312007919,,0,3,B
2026 제10회 광주광역시장배 전국실업스쿼시 선수권대회(개인전),202614664,2026-04-28,남자 일반부,개인전,토너먼트,예선경기９,임재현,201402001427,,유승용,200907002704,,0,0,A
2026 제10회 광주광역시장배 전국실업스쿼시 선수권대회(개인전),202614664,2026-04-28,남자 일반부,개인전,토너먼트,예선경기１０,유덕재,201104000837,,이세현,200504008934,,3,0,A
2026 제10회 광주광역시장배 전국실업스쿼시 선수권대회(개인전),202614664,2026-04-28,남자 일반부,개인전,토너먼트,예선경기１１,박정식,201103008064,,황중찬,200706002344,,3,0,A
2026 제10회 광주광역시장배 전국실업스쿼시 선수권대회(개인전),202614664,2026-04-28,남자 일반부,개인전,토너먼트,예선경기１２,김준호,202004000367,,박종명,200803023360,,0,3,B
2026 제10회 광주광역시장배 전국실업스쿼시 선수권대회(개인전),202614664,2026-04-28,남자 일반부,개인전,토너먼트,예선경기１３,고영조,200506001863,,박민기,202006000140,,3,0,A
2026 제10회 광주광역시장배 전국실업스쿼시 선수권대회(개인전),202614664,2026-04-28,남자 일반부,개인전,토너먼트,예선경기１４,박성찬,201006002472,,김석진,201203009405,,3,2,A
2026 제10회 광주광역시장배 전국실업스쿼시 선수권대회(개인전),202614664,2026-04-28,남자 일반부,개인전,토너먼트,예선경기１５,김태현,201302005947,,오성학,201103013572,,0,3,B
2026 제10회 광주광역시장배 전국실업스쿼시 선수권대회(개인전),202614664,2026-04-28,남자 일반부,개인전,토너먼트,준준준결승경기１,최호진,201306001130,,강우석,201302005902,,1,3,B
2026 제10회 광주광역시장배 전국실업스쿼시 선수권대회(개인전),202614664,2026-04-28,남자 일반부,개인전,토너먼트,준준준결승경기２,오서진,201605004663,,한승철,201501001406,,3,1,A
2026 제10회 광주광역시장배 전국실업스쿼시 선수권대회(개인전),202614664,2026-04-28,남자 일반부,개인전,토너먼트,준준준결승경기３,박승민,201702006829,,김동우,201503028559,,3,2,A
2026 제10회 광주광역시장배 전국실업스쿼시 선수권대회(개인전),202614664,2026-04-28,남자 일반부,개인전,토너먼트,준준준결승경기４,류정민,201505003438,,이건동,200312007919,,3,0,A
2026 제10회 광주광역시장배 전국실업스쿼시 선수권대회(개인전),202614664,2026-04-28,남자 일반부,개인전,토너먼트,준준준결승경기５,임재현,201402001427,,유덕재,201104000837,,0,3,B
2026 제10회 광주광역시장배 전국실업스쿼시 선수권대회(개인전),202614664,2026-04-28,남자 일반부,개인전,토너먼트,준준준결승경기６,박정식,201103008064,,박종명,200803023360,,0,3,B
2026 제10회 광주광역시장배 전국실업스쿼시 선수권대회(개인전),202614664,2026-04-28,남자 일반부,개인전,토너먼트,준준준결승경기７,고영조,200506001863,,박성찬,201006002472,,3,1,A
2026 제10회 광주광역시장배 전국실업스쿼시 선수권대회(개인전),202614664,2026-04-28,남자 일반부,개인전,토너먼트,준준준결승경기８,오성학,201103013572,,이민우,201407000924,,1,3,B
2026 제10회 광주광역시장배 전국실업스쿼시 선수권대회(개인전),202614664,2026-04-28,남자 일반부,개인전,토너먼트,준준결승경기１,강우석,201302005902,,오서진,201605004663,,0,3,B
2026 제10회 광주광역시장배 전국실업스쿼시 선수권대회(개인전),202614664,2026-04-28,남자 일반부,개인전,토너먼트,준준결승경기２,박승민,201702006829,,류정민,201505003438,,0,0,B
2026 제10회 광주광역시장배 전국실업스쿼시 선수권대회(개인전),202614664,2026-04-28,남자 일반부,개인전,토너먼트,준준결승경기３,유덕재,201104000837,,박종명,200803023360,,2,3,B
2026 제10회 광주광역시장배 전국실업스쿼시 선수권대회(개인전),202614664,2026-04-28,남자 일반부,개인전,토너먼트,준준결승경기４,고영조,200506001863,,이민우,201407000924,,0,3,B
2026 제10회 광주광역시장배 전국실업스쿼시 선수권대회(개인전),202614664,2026-04-28,남자 일반부,개인전,토너먼트,준결승경기１,오서진,201605004663,,류정민,201505003438,,3,2,A
2026 제10회 광주광역시장배 전국실업스쿼시 선수권대회(개인전),202614664,2026-04-28,남자 일반부,개인전,토너먼트,준결승경기２,박종명,200803023360,,이민우,201407000924,,1,3,B
2026 제10회 광주광역시장배 전국실업스쿼시 선수권대회(개인전),202614664,2026-04-28,남자 일반부,개인전,토너먼트,결승,오서진,201605004663,,이민우,201407000924,,1,3,B
제26회 회장배 전 한국 스쿼시 선수권대회,202614961,2026-06-12,여자 12세이하부,개인전,토너먼트,예선경기２,이유나,202507026685,,전예은,202503003861,,3,1,A
제26회 회장배 전 한국 스쿼시 선수권대회,202614961,2026-06-12,여자 12세이하부,개인전,토너먼트,예선경기３,나윤설,202601012061,,이하임,202509004547,,3,0,A
제26회 회장배 전 한국 스쿼시 선수권대회,202614961,2026-06-12,여자 12세이하부,개인전,토너먼트,예선경기６,최은,202304014708,,박나래,202601012059,,3,0,A
제26회 회장배 전 한국 스쿼시 선수권대회,202614961,2026-06-12,여자 12세이하부,개인전,토너먼트,예선경기７,최다혜,202605008294,,박나율,202602013684,,0,3,B
제26회 회장배 전 한국 스쿼시 선수권대회,202614961,2026-06-12,여자 12세이하부,개인전,토너먼트,준준결승경기１,이라엘,202510000870,,이유나,202507026685,,3,0,A
제26회 회장배 전 한국 스쿼시 선수권대회,202614961,2026-06-12,여자 12세이하부,개인전,토너먼트,준준결승경기２,나윤설,202601012061,,신지원,202308012659,,0,3,B
제26회 회장배 전 한국 스쿼시 선수권대회,202614961,2026-06-12,여자 12세이하부,개인전,토너먼트,준준결승경기３,정서윤,202307004948,,최은,202304014708,,0,3,B
제26회 회장배 전 한국 스쿼시 선수권대회,202614961,2026-06-12,여자 12세이하부,개인전,토너먼트,준준결승경기４,박나율,202602013684,,이채빈,202502016148,,0,3,B
제26회 회장배 전 한국 스쿼시 선수권대회,202614961,2026-06-12,여자 12세이하부,개인전,토너먼트,준결승경기１,이라엘,202510000870,,신지원,202308012659,,3,0,A
제26회 회장배 전 한국 스쿼시 선수권대회,202614961,2026-06-12,여자 12세이하부,개인전,토너먼트,준결승경기２,최은,202304014708,,이채빈,202502016148,,3,0,A
제26회 회장배 전 한국 스쿼시 선수권대회,202614961,2026-06-12,여자 12세이하부,개인전,토너먼트,결승,이라엘,202510000870,,최은,202304014708,,0,3,B
제26회 회장배 전 한국 스쿼시 선수권대회,202614961,2026-06-12,남자 12세이하부,개인전,토너먼트,예선경기２,전수호,202511001686,,박선우,202402013950,,0,3,B
제26회 회장배 전 한국 스쿼시 선수권대회,202614961,2026-06-12,남자 12세이하부,개인전,토너먼트,예선경기１５,김동건,202411001568,,강그루,202411001084,,0,3,B
제26회 회장배 전 한국 스쿼시 선수권대회,202614961,2026-06-12,남자 12세이하부,개인전,토너먼트,준준준결승경기１,최현욱,202103005535,,박선우,202402013950,,3,0,A
제26회 회장배 전 한국 스쿼시 선수권대회,202614961,2026-06-12,남자 12세이하부,개인전,토너먼트,준준준결승경기２,김현석,202204086936,,박천,202406007468,,3,0,A
제26회 회장배 전 한국 스쿼시 선수권대회,202614961,2026-06-12,남자 12세이하부,개인전,토너먼트,준준준결승경기３,최재원,202102002568,,백무건,202505005931,,3,0,A
제26회 회장배 전 한국 스쿼시 선수권대회,202614961,2026-06-12,남자 12세이하부,개인전,토너먼트,준준준결승경기４,유윤재,202601013283,,김시우,202307007967,,0,3,B
제26회 회장배 전 한국 스쿼시 선수권대회,202614961,2026-06-12,남자 12세이하부,개인전,토너먼트,준준준결승경기５,김승주,202408012758,,박슬찬,202605007966,,3,0,A
제26회 회장배 전 한국 스쿼시 선수권대회,202614961,2026-06-12,남자 12세이하부,개인전,토너먼트,준준준결승경기６,박지우,202402010380,,이지혁,202503026348,,0,3,B
제26회 회장배 전 한국 스쿼시 선수권대회,202614961,2026-06-12,남자 12세이하부,개인전,토너먼트,준준준결승경기７,황예준,202505009465,,송예준,202501003369,,3,0,A
제26회 회장배 전 한국 스쿼시 선수권대회,202614961,2026-06-12,남자 12세이하부,개인전,토너먼트,준준준결승경기８,강그루,202411001084,,강예준,202304049424,,3,1,A
제26회 회장배 전 한국 스쿼시 선수권대회,202614961,2026-06-12,남자 12세이하부,개인전,토너먼트,준준결승경기１,최현욱,202103005535,,김현석,202204086936,,3,0,A
제26회 회장배 전 한국 스쿼시 선수권대회,202614961,2026-06-12,남자 12세이하부,개인전,토너먼트,준준결승경기２,최재원,202102002568,,김시우,202307007967,,3,0,A
제26회 회장배 전 한국 스쿼시 선수권대회,202614961,2026-06-12,남자 12세이하부,개인전,토너먼트,준준결승경기３,김승주,202408012758,,이지혁,202503026348,,3,0,A
제26회 회장배 전 한국 스쿼시 선수권대회,202614961,2026-06-12,남자 12세이하부,개인전,토너먼트,준준결승경기４,황예준,202505009465,,강그루,202411001084,,0,3,B
제26회 회장배 전 한국 스쿼시 선수권대회,202614961,2026-06-12,남자 12세이하부,개인전,토너먼트,준결승경기１,최현욱,202103005535,,최재원,202102002568,,3,0,A
제26회 회장배 전 한국 스쿼시 선수권대회,202614961,2026-06-12,남자 12세이하부,개인전,토너먼트,준결승경기２,김승주,202408012758,,강그루,202411001084,,0,3,B
제26회 회장배 전 한국 스쿼시 선수권대회,202614961,2026-06-12,남자 12세이하부,개인전,토너먼트,결승,최현욱,202103005535,,강그루,202411001084,,3,1,A
제26회 회장배 전 한국 스쿼시 선수권대회,202614961,2026-06-12,여자 15세이하부,개인전,토너먼트,예선경기２,김민주,202507027511,,김예지,202505004782,,3,1,A
제26회 회장배 전 한국 스쿼시 선수권대회,202614961,2026-06-12,여자 15세이하부,개인전,토너먼트,예선경기３,조예슬,202509006454,,김지은,202008003330,,3,2,A
제26회 회장배 전 한국 스쿼시 선수권대회,202614961,2026-06-12,여자 15세이하부,개인전,토너먼트,예선경기４,김아린,202303035971,,정지원,202501003289,,3,0,A
제26회 회장배 전 한국 스쿼시 선수권대회,202614961,2026-06-12,여자 15세이하부,개인전,토너먼트,예선경기５,안서율,202403016789,,이하율,202404007406,,3,1,A
제26회 회장배 전 한국 스쿼시 선수권대회,202614961,2026-06-12,여자 15세이하부,개인전,토너먼트,예선경기６,홍지우,202307007070,,서민아,202510009251,,0,0,A
제26회 회장배 전 한국 스쿼시 선수권대회,202614961,2026-06-12,여자 15세이하부,개인전,토너먼트,예선경기７,최예영,202307007129,,원지원,202407004535,,0,3,B
제26회 회장배 전 한국 스쿼시 선수권대회,202614961,2026-06-12,여자 15세이하부,개인전,토너먼트,예선경기８,이서우,202311002595,,김예빈,202311001849,,3,0,A
제26회 회장배 전 한국 스쿼시 선수권대회,202614961,2026-06-12,여자 15세이하부,개인전,토너먼트,준준결승경기１,서희서,202403017297,,김민주,202507027511,,1,3,B
제26회 회장배 전 한국 스쿼시 선수권대회,202614961,2026-06-12,여자 15세이하부,개인전,토너먼트,준준결승경기２,조예슬,202509006454,,김아린,202303035971,,0,3,B
제26회 회장배 전 한국 스쿼시 선수권대회,202614961,2026-06-12,여자 15세이하부,개인전,토너먼트,준준결승경기３,안서율,202403016789,,홍지우,202307007070,,3,2,A
제26회 회장배 전 한국 스쿼시 선수권대회,202614961,2026-06-12,여자 15세이하부,개인전,토너먼트,준준결승경기４,원지원,202407004535,,이서우,202311002595,,0,3,B
제26회 회장배 전 한국 스쿼시 선수권대회,202614961,2026-06-12,여자 15세이하부,개인전,토너먼트,준결승경기１,김민주,202507027511,,김아린,202303035971,,0,3,B
제26회 회장배 전 한국 스쿼시 선수권대회,202614961,2026-06-12,여자 15세이하부,개인전,토너먼트,준결승경기２,안서율,202403016789,,이서우,202311002595,,3,2,A
제26회 회장배 전 한국 스쿼시 선수권대회,202614961,2026-06-12,여자 15세이하부,개인전,토너먼트,결승,김아린,202303035971,,안서율,202403016789,,2,3,B
제26회 회장배 전 한국 스쿼시 선수권대회,202614961,2026-06-12,남자 15세이하부,개인전,토너먼트,예선경기２,조은호,202502000939,,이석현,202302017098,,0,3,B
제26회 회장배 전 한국 스쿼시 선수권대회,202614961,2026-06-12,남자 15세이하부,개인전,토너먼트,예선경기７,김준수,202305008331,,최윤호,202311001127,,0,0,B
제26회 회장배 전 한국 스쿼시 선수권대회,202614961,2026-06-12,남자 15세이하부,개인전,토너먼트,예선경기１０,서예준,202403017121,,나시빈,202602009330,,3,0,A
제26회 회장배 전 한국 스쿼시 선수권대회,202614961,2026-06-12,남자 15세이하부,개인전,토너먼트,예선경기１５,강연우,202302018875,,임재민,202602014720,,3,0,A
제26회 회장배 전 한국 스쿼시 선수권대회,202614961,2026-06-12,남자 15세이하부,개인전,토너먼트,준준준결승경기１,최규현,202006002884,,이석현,202302017098,,3,2,A
제26회 회장배 전 한국 스쿼시 선수권대회,202614961,2026-06-12,남자 15세이하부,개인전,토너먼트,준준준결승경기２,김민기,202006003212,,송재후,202506002728,,3,0,A
제26회 회장배 전 한국 스쿼시 선수권대회,202614961,2026-06-12,남자 15세이하부,개인전,토너먼트,준준준결승경기３,김재후,202601000275,,김민,202403018707,,0,3,B
제26회 회장배 전 한국 스쿼시 선수권대회,202614961,2026-06-12,남자 15세이하부,개인전,토너먼트,준준준결승경기４,최윤호,202311001127,,최원준,202309002019,,1,3,B
제26회 회장배 전 한국 스쿼시 선수권대회,202614961,2026-06-12,남자 15세이하부,개인전,토너먼트,준준준결승경기５,하강성,202506002036,,서예준,202403017121,,0,3,B
제26회 회장배 전 한국 스쿼시 선수권대회,202614961,2026-06-12,남자 15세이하부,개인전,토너먼트,준준준결승경기６,남근후,202508001977,,문시후,202603002103,,3,0,A
제26회 회장배 전 한국 스쿼시 선수권대회,202614961,2026-06-12,남자 15세이하부,개인전,토너먼트,준준준결승경기７,안우영,202604001719,,박규민,202303032776,,0,3,B
제26회 회장배 전 한국 스쿼시 선수권대회,202614961,2026-06-12,남자 15세이하부,개인전,토너먼트,준준준결승경기８,강연우,202302018875,,류지안,202202002116,,0,3,B
제26회 회장배 전 한국 스쿼시 선수권대회,202614961,2026-06-12,남자 15세이하부,개인전,토너먼트,준준결승경기１,최규현,202006002884,,김민기,202006003212,,0,3,B
제26회 회장배 전 한국 스쿼시 선수권대회,202614961,2026-06-12,남자 15세이하부,개인전,토너먼트,준준결승경기２,김민,202403018707,,최원준,202309002019,,0,3,B
제26회 회장배 전 한국 스쿼시 선수권대회,202614961,2026-06-12,남자 15세이하부,개인전,토너먼트,준준결승경기３,서예준,202403017121,,남근후,202508001977,,1,3,B
제26회 회장배 전 한국 스쿼시 선수권대회,202614961,2026-06-12,남자 15세이하부,개인전,토너먼트,준준결승경기４,박규민,202303032776,,류지안,202202002116,,0,3,B
제26회 회장배 전 한국 스쿼시 선수권대회,202614961,2026-06-12,남자 15세이하부,개인전,토너먼트,준결승경기１,김민기,202006003212,,최원준,202309002019,,3,0,A
제26회 회장배 전 한국 스쿼시 선수권대회,202614961,2026-06-12,남자 15세이하부,개인전,토너먼트,준결승경기２,남근후,202508001977,,류지안,202202002116,,0,3,B
제26회 회장배 전 한국 스쿼시 선수권대회,202614961,2026-06-12,남자 15세이하부,개인전,토너먼트,결승,김민기,202006003212,,류지안,202202002116,,3,2,A
제26회 회장배 전 한국 스쿼시 선수권대회,202614961,2026-06-12,여자 18세이하부,개인전,토너먼트,예선경기２,김수연,202507003932,,김도은,202006003279,,0,0,B
제26회 회장배 전 한국 스쿼시 선수권대회,202614961,2026-06-12,여자 18세이하부,개인전,토너먼트,예선경기３,박예원,202303026617,,이수현,202302014612,,0,3,B
제26회 회장배 전 한국 스쿼시 선수권대회,202614961,2026-06-12,여자 18세이하부,개인전,토너먼트,예선경기４,노정현,202605003622,,장성은,202507003105,,0,3,B
제26회 회장배 전 한국 스쿼시 선수권대회,202614961,2026-06-12,여자 18세이하부,개인전,토너먼트,예선경기５,정현아,202207001169,,라우림,202202004038,,3,2,A
제26회 회장배 전 한국 스쿼시 선수권대회,202614961,2026-06-12,여자 18세이하부,개인전,토너먼트,예선경기６,박지은,202002004079,,유하영,202507029420,,3,0,A
제26회 회장배 전 한국 스쿼시 선수권대회,202614961,2026-06-12,여자 18세이하부,개인전,토너먼트,예선경기７,문하람,202002004153,,신소연,202404001466,,3,0,A
제26회 회장배 전 한국 스쿼시 선수권대회,202614961,2026-06-12,여자 18세이하부,개인전,토너먼트,예선경기８,김민주,202311002931,,남유비,202202004112,,0,3,B
제26회 회장배 전 한국 스쿼시 선수권대회,202614961,2026-06-12,여자 18세이하부,개인전,토너먼트,예선경기９,이재인,202305008081,,이서영,202605003625,,3,0,A
제26회 회장배 전 한국 스쿼시 선수권대회,202614961,2026-06-12,여자 18세이하부,개인전,토너먼트,예선경기１０,이해인,202002004113,,김희수,202604011310,,3,0,A
제26회 회장배 전 한국 스쿼시 선수권대회,202614961,2026-06-12,여자 18세이하부,개인전,토너먼트,예선경기１１,강현이,202507029514,,이현진,202403000783,,3,0,A
제26회 회장배 전 한국 스쿼시 선수권대회,202614961,2026-06-12,여자 18세이하부,개인전,토너먼트,예선경기１２,이지오,202605003626,,김태영,202406003305,,0,3,B
제26회 회장배 전 한국 스쿼시 선수권대회,202614961,2026-06-12,여자 18세이하부,개인전,토너먼트,예선경기１３,정유빈,202307008532,,김예은,202008003322,,3,1,A
제26회 회장배 전 한국 스쿼시 선수권대회,202614961,2026-06-12,여자 18세이하부,개인전,토너먼트,예선경기１４,강연아,202302018871,,나현아,202406007100,,1,3,B
제26회 회장배 전 한국 스쿼시 선수권대회,202614961,2026-06-12,여자 18세이하부,개인전,토너먼트,예선경기１５,안수빈,202507003569,,김유진,202605003630,,3,0,A
제26회 회장배 전 한국 스쿼시 선수권대회,202614961,2026-06-12,여자 18세이하부,개인전,토너먼트,예선경기１６,정단아,202207001150,,이현서,202503043175,,3,0,A
제26회 회장배 전 한국 스쿼시 선수권대회,202614961,2026-06-12,여자 18세이하부,개인전,토너먼트,준준준결승경기１,박솔민,202002002489,,김도은,202006003279,,3,0,A
제26회 회장배 전 한국 스쿼시 선수권대회,202614961,2026-06-12,여자 18세이하부,개인전,토너먼트,준준준결승경기２,이수현,202302014612,,장성은,202507003105,,3,0,A
제26회 회장배 전 한국 스쿼시 선수권대회,202614961,2026-06-12,여자 18세이하부,개인전,토너먼트,준준준결승경기３,정현아,202207001169,,박지은,202002004079,,3,1,A
제26회 회장배 전 한국 스쿼시 선수권대회,202614961,2026-06-12,여자 18세이하부,개인전,토너먼트,준준준결승경기４,문하람,202002004153,,남유비,202202004112,,3,0,A
제26회 회장배 전 한국 스쿼시 선수권대회,202614961,2026-06-12,여자 18세이하부,개인전,토너먼트,준준준결승경기５,이재인,202305008081,,이해인,202002004113,,3,2,A
제26회 회장배 전 한국 스쿼시 선수권대회,202614961,2026-06-12,여자 18세이하부,개인전,토너먼트,준준준결승경기６,강현이,202507029514,,김태영,202406003305,,3,0,A
제26회 회장배 전 한국 스쿼시 선수권대회,202614961,2026-06-12,여자 18세이하부,개인전,토너먼트,준준준결승경기７,정유빈,202307008532,,나현아,202406007100,,2,3,B
제26회 회장배 전 한국 스쿼시 선수권대회,202614961,2026-06-12,여자 18세이하부,개인전,토너먼트,준준준결승경기８,안수빈,202507003569,,정단아,202207001150,,0,3,B
제26회 회장배 전 한국 스쿼시 선수권대회,202614961,2026-06-12,여자 18세이하부,개인전,토너먼트,준준결승경기１,박솔민,202002002489,,이수현,202302014612,,3,0,A
제26회 회장배 전 한국 스쿼시 선수권대회,202614961,2026-06-12,여자 18세이하부,개인전,토너먼트,준준결승경기２,정현아,202207001169,,문하람,202002004153,,1,3,B
제26회 회장배 전 한국 스쿼시 선수권대회,202614961,2026-06-12,여자 18세이하부,개인전,토너먼트,준준결승경기３,이재인,202305008081,,강현이,202507029514,,3,0,A
제26회 회장배 전 한국 스쿼시 선수권대회,202614961,2026-06-12,여자 18세이하부,개인전,토너먼트,준준결승경기４,나현아,202406007100,,정단아,202207001150,,1,3,B
제26회 회장배 전 한국 스쿼시 선수권대회,202614961,2026-06-12,여자 18세이하부,개인전,토너먼트,준결승경기１,박솔민,202002002489,,문하람,202002004153,,3,0,A
제26회 회장배 전 한국 스쿼시 선수권대회,202614961,2026-06-12,여자 18세이하부,개인전,토너먼트,준결승경기２,이재인,202305008081,,정단아,202207001150,,3,1,A
제26회 회장배 전 한국 스쿼시 선수권대회,202614961,2026-06-12,여자 18세이하부,개인전,토너먼트,결승,박솔민,202002002489,,이재인,202305008081,,3,0,A
제26회 회장배 전 한국 스쿼시 선수권대회,202614961,2026-06-12,여자 18세이하부,단체전,토너먼트,예선경기２,천안월봉고등학교,,,서울특별시스쿼시연맹,,,1,2,B
제26회 회장배 전 한국 스쿼시 선수권대회,202614961,2026-06-12,여자 18세이하부,단체전,토너먼트,예선경기３,대광고등학교,,,인천광역시스쿼시연맹,,,1,2,B
제26회 회장배 전 한국 스쿼시 선수권대회,202614961,2026-06-12,여자 18세이하부,단체전,토너먼트,예선경기４,경상남도스쿼시연맹,,,김천한일고등학교,,,3,0,A
제26회 회장배 전 한국 스쿼시 선수권대회,202614961,2026-06-12,여자 18세이하부,단체전,토너먼트,준결승경기１,대구스쿼시유스클럽,,,서울특별시스쿼시연맹,,,2,0,A
제26회 회장배 전 한국 스쿼시 선수권대회,202614961,2026-06-12,여자 18세이하부,단체전,토너먼트,준결승경기２,인천광역시스쿼시연맹,,,경상남도스쿼시연맹,,,1,2,B
제26회 회장배 전 한국 스쿼시 선수권대회,202614961,2026-06-12,여자 18세이하부,단체전,토너먼트,결승,대구스쿼시유스클럽,,,경상남도스쿼시연맹,,,1,2,B
제26회 회장배 전 한국 스쿼시 선수권대회,202614961,2026-06-12,여자 18세이하부,복식,토너먼트,예선경기２,"김하늘, 강현지",,,"문하람, 김수연",,,0,0,A
제26회 회장배 전 한국 스쿼시 선수권대회,202614961,2026-06-12,여자 18세이하부,복식,토너먼트,준결승경기１,"박솔민, 김태영",,,"김하늘, 강현지",,,2,1,A
제26회 회장배 전 한국 스쿼시 선수권대회,202614961,2026-06-12,여자 18세이하부,복식,토너먼트,준결승경기２,"김유진, 노정현",,,"남유비, 장성은",,,0,2,B
제26회 회장배 전 한국 스쿼시 선수권대회,202614961,2026-06-12,여자 18세이하부,복식,토너먼트,결승,"박솔민, 김태영",,,"남유비, 장성은",,,2,0,A
제26회 회장배 전 한국 스쿼시 선수권대회,202614961,2026-06-12,남자 18세이하부,개인전,토너먼트,예선경기２,노성현,202505005861,,이동화,202007000243,,0,3,B
제26회 회장배 전 한국 스쿼시 선수권대회,202614961,2026-06-12,남자 18세이하부,개인전,토너먼트,예선경기３,황승조,202402001062,,신승원,202402018673,,3,0,A
제26회 회장배 전 한국 스쿼시 선수권대회,202614961,2026-06-12,남자 18세이하부,개인전,토너먼트,예선경기４,어준서,202411001569,,장승보,202303008035,,0,3,B
제26회 회장배 전 한국 스쿼시 선수권대회,202614961,2026-06-12,남자 18세이하부,개인전,토너먼트,예선경기６,전제민,202507003086,,오지훈,202307006557,,0,3,B
제26회 회장배 전 한국 스쿼시 선수권대회,202614961,2026-06-12,남자 18세이하부,개인전,토너먼트,예선경기７,김민준,201903012665,,송늘찬,202308010299,,2,3,B
제26회 회장배 전 한국 스쿼시 선수권대회,202614961,2026-06-12,남자 18세이하부,개인전,토너먼트,예선경기１０,김지완,202407009605,,황지호,202306012178,,3,0,A
제26회 회장배 전 한국 스쿼시 선수권대회,202614961,2026-06-12,남자 18세이하부,개인전,토너먼트,예선경기１１,김경민,202211001200,,김건우,202409001518,,0,3,B
제26회 회장배 전 한국 스쿼시 선수권대회,202614961,2026-06-12,남자 18세이하부,개인전,토너먼트,예선경기１３,윤하성,202502001198,,김민재,202303000324,,0,3,B
제26회 회장배 전 한국 스쿼시 선수권대회,202614961,2026-06-12,남자 18세이하부,개인전,토너먼트,예선경기１４,전서율,201905001623,,윤종현,202204001156,,0,0,A
제26회 회장배 전 한국 스쿼시 선수권대회,202614961,2026-06-12,남자 18세이하부,개인전,토너먼트,예선경기１５,김성주,202203007369,,한동주,202311002849,,0,0,A
제26회 회장배 전 한국 스쿼시 선수권대회,202614961,2026-06-12,남자 18세이하부,개인전,토너먼트,준준준결승경기１,김찬영,202203001906,,이동화,202007000243,,3,0,A
제26회 회장배 전 한국 스쿼시 선수권대회,202614961,2026-06-12,남자 18세이하부,개인전,토너먼트,준준준결승경기２,황승조,202402001062,,장승보,202303008035,,0,3,B
제26회 회장배 전 한국 스쿼시 선수권대회,202614961,2026-06-12,남자 18세이하부,개인전,토너먼트,준준준결승경기３,김현,202303001958,,오지훈,202307006557,,3,0,A
제26회 회장배 전 한국 스쿼시 선수권대회,202614961,2026-06-12,남자 18세이하부,개인전,토너먼트,준준준결승경기４,송늘찬,202308010299,,윤지훈,202502013232,,3,0,A
제26회 회장배 전 한국 스쿼시 선수권대회,202614961,2026-06-12,남자 18세이하부,개인전,토너먼트,준준준결승경기５,현종선,202302017920,,김지완,202407009605,,0,3,B
제26회 회장배 전 한국 스쿼시 선수권대회,202614961,2026-06-12,남자 18세이하부,개인전,토너먼트,준준준결승경기６,김건우,202409001518,,윤태훈,202209003037,,3,2,A
제26회 회장배 전 한국 스쿼시 선수권대회,202614961,2026-06-12,남자 18세이하부,개인전,토너먼트,준준준결승경기７,김민재,202303000324,,전서율,201905001623,,0,3,B
제26회 회장배 전 한국 스쿼시 선수권대회,202614961,2026-06-12,남자 18세이하부,개인전,토너먼트,준준준결승경기８,김성주,202203007369,,김재영,202006001038,,3,1,A
제26회 회장배 전 한국 스쿼시 선수권대회,202614961,2026-06-12,남자 18세이하부,개인전,토너먼트,준준결승경기１,김찬영,202203001906,,장승보,202303008035,,3,0,A
제26회 회장배 전 한국 스쿼시 선수권대회,202614961,2026-06-12,남자 18세이하부,개인전,토너먼트,준준결승경기２,김현,202303001958,,송늘찬,202308010299,,3,0,A
제26회 회장배 전 한국 스쿼시 선수권대회,202614961,2026-06-12,남자 18세이하부,개인전,토너먼트,준준결승경기３,김지완,202407009605,,김건우,202409001518,,3,0,A
제26회 회장배 전 한국 스쿼시 선수권대회,202614961,2026-06-12,남자 18세이하부,개인전,토너먼트,준준결승경기４,전서율,201905001623,,김성주,202203007369,,3,0,A
제26회 회장배 전 한국 스쿼시 선수권대회,202614961,2026-06-12,남자 18세이하부,개인전,토너먼트,준결승경기１,김찬영,202203001906,,김현,202303001958,,3,1,A
제26회 회장배 전 한국 스쿼시 선수권대회,202614961,2026-06-12,남자 18세이하부,개인전,토너먼트,준결승경기２,김지완,202407009605,,전서율,201905001623,,2,3,B
제26회 회장배 전 한국 스쿼시 선수권대회,202614961,2026-06-12,남자 18세이하부,개인전,토너먼트,결승,김찬영,202203001906,,전서율,201905001623,,3,0,A
제26회 회장배 전 한국 스쿼시 선수권대회,202614961,2026-06-12,남자 18세이하부,단체전,토너먼트,예선경기２,경상남도스쿼시연맹,,,와룡고등학교,,,2,0,A
제26회 회장배 전 한국 스쿼시 선수권대회,202614961,2026-06-12,남자 18세이하부,단체전,토너먼트,준결승경기１,오남고등학교,,,경상남도스쿼시연맹,,,2,1,A
제26회 회장배 전 한국 스쿼시 선수권대회,202614961,2026-06-12,남자 18세이하부,단체전,토너먼트,준결승경기２,천안월봉고등학교,,,언양고등학교,,,1,2,B
제26회 회장배 전 한국 스쿼시 선수권대회,202614961,2026-06-12,남자 18세이하부,단체전,토너먼트,결승,오남고등학교,,,언양고등학교,,,1,2,B
제26회 회장배 전 한국 스쿼시 선수권대회,202614961,2026-06-12,남자 18세이하부,복식,토너먼트,예선경기２,"윤태훈, 김재영",,,"송늘찬, 윤지훈",,,2,0,A
제26회 회장배 전 한국 스쿼시 선수권대회,202614961,2026-06-12,남자 18세이하부,복식,토너먼트,준결승경기１,"김건우, 오지훈",,,"윤태훈, 김재영",,,2,1,A
제26회 회장배 전 한국 스쿼시 선수권대회,202614961,2026-06-12,남자 18세이하부,복식,토너먼트,준결승경기２,"김민재, 전서율",,,"김민준, 신승원",,,2,0,A
제26회 회장배 전 한국 스쿼시 선수권대회,202614961,2026-06-12,남자 18세이하부,복식,토너먼트,결승,"김건우, 오지훈",,,"김민재, 전서율",,,2,0,A
제26회 회장배 전 한국 스쿼시 선수권대회,202614961,2026-06-12,여자 대학부,개인전,토너먼트,예선경기２,김민지,202205118922,,김소윤,202307002569,,3,0,A
제26회 회장배 전 한국 스쿼시 선수권대회,202614961,2026-06-12,여자 대학부,개인전,토너먼트,예선경기７,엄준,201804000231,,황수민,202302003492,,3,0,A
제26회 회장배 전 한국 스쿼시 선수권대회,202614961,2026-06-12,여자 대학부,개인전,토너먼트,준준결승경기１,서예은,202206004756,,김민지,202205118922,,3,0,A
제26회 회장배 전 한국 스쿼시 선수권대회,202614961,2026-06-12,여자 대학부,개인전,토너먼트,준준결승경기２,김태연,201605003414,,조예림,202006001243,,0,3,B
제26회 회장배 전 한국 스쿼시 선수권대회,202614961,2026-06-12,여자 대학부,개인전,토너먼트,준준결승경기３,남지윤,202203011255,,정수아,202307002127,,3,1,A
제26회 회장배 전 한국 스쿼시 선수권대회,202614961,2026-06-12,여자 대학부,개인전,토너먼트,준준결승경기４,엄준,201804000231,,김하연,201503006905,,1,3,B
제26회 회장배 전 한국 스쿼시 선수권대회,202614961,2026-06-12,여자 대학부,개인전,토너먼트,준결승경기１,서예은,202206004756,,조예림,202006001243,,0,3,B
제26회 회장배 전 한국 스쿼시 선수권대회,202614961,2026-06-12,여자 대학부,개인전,토너먼트,준결승경기２,남지윤,202203011255,,김하연,201503006905,,0,3,B
제26회 회장배 전 한국 스쿼시 선수권대회,202614961,2026-06-12,여자 대학부,개인전,토너먼트,결승,조예림,202006001243,,김하연,201503006905,,3,1,A
제26회 회장배 전 한국 스쿼시 선수권대회,202614961,2026-06-12,여자 대학부,복식,리그전,1R / A조,"김태연, 서예은",,,"김소윤, 정수아",,,2,1,A
제26회 회장배 전 한국 스쿼시 선수권대회,202614961,2026-06-12,여자 대학부,복식,리그전,1R / A조,"조예림, 남지윤",,,"김소윤, 정수아",,,2,0,A
제26회 회장배 전 한국 스쿼시 선수권대회,202614961,2026-06-12,여자 대학부,복식,리그전,1R / A조,"조예림, 남지윤",,,"김태연, 서예은",,,2,0,A
제26회 회장배 전 한국 스쿼시 선수권대회,202614961,2026-06-12,남자 대학부,개인전,토너먼트,예선경기２,나승찬,202205118675,,김동하,202207005619,,0,3,B
제26회 회장배 전 한국 스쿼시 선수권대회,202614961,2026-06-12,남자 대학부,개인전,토너먼트,예선경기３,박민기,202006000140,,정광민,202103008002,,3,0,A
제26회 회장배 전 한국 스쿼시 선수권대회,202614961,2026-06-12,남자 대학부,개인전,토너먼트,예선경기４,안동현,202305015908,,박경민,201504006889,,0,3,B
제26회 회장배 전 한국 스쿼시 선수권대회,202614961,2026-06-12,남자 대학부,개인전,토너먼트,예선경기５,이용욱,201902003971,,곽서준,201903006257,,3,0,A
제26회 회장배 전 한국 스쿼시 선수권대회,202614961,2026-06-12,남자 대학부,개인전,토너먼트,예선경기６,이상엽,202304048505,,함동현,202307006269,,3,2,A
제26회 회장배 전 한국 스쿼시 선수권대회,202614961,2026-06-12,남자 대학부,개인전,토너먼트,예선경기７,이성빈,202302013707,,구동현,201402010302,,3,0,A
제26회 회장배 전 한국 스쿼시 선수권대회,202614961,2026-06-12,남자 대학부,개인전,토너먼트,예선경기８,김태경,202207011111,,김준호,202004000367,,0,3,B
제26회 회장배 전 한국 스쿼시 선수권대회,202614961,2026-06-12,남자 대학부,개인전,토너먼트,준준결승경기１,이라온,201602011151,,김동하,202207005619,,3,0,A
제26회 회장배 전 한국 스쿼시 선수권대회,202614961,2026-06-12,남자 대학부,개인전,토너먼트,준준결승경기２,박민기,202006000140,,박경민,201504006889,,3,2,A
제26회 회장배 전 한국 스쿼시 선수권대회,202614961,2026-06-12,남자 대학부,개인전,토너먼트,준준결승경기３,이용욱,201902003971,,이상엽,202304048505,,3,0,A
제26회 회장배 전 한국 스쿼시 선수권대회,202614961,2026-06-12,남자 대학부,개인전,토너먼트,준준결승경기４,이성빈,202302013707,,김준호,202004000367,,0,3,B
제26회 회장배 전 한국 스쿼시 선수권대회,202614961,2026-06-12,남자 대학부,개인전,토너먼트,준결승경기１,이라온,201602011151,,박민기,202006000140,,1,3,B
제26회 회장배 전 한국 스쿼시 선수권대회,202614961,2026-06-12,남자 대학부,개인전,토너먼트,준결승경기２,이용욱,201902003971,,김준호,202004000367,,3,1,A
제26회 회장배 전 한국 스쿼시 선수권대회,202614961,2026-06-12,남자 대학부,개인전,토너먼트,결승,박민기,202006000140,,이용욱,201902003971,,3,0,A
제26회 회장배 전 한국 스쿼시 선수권대회,202614961,2026-06-12,남자 대학부,복식,토너먼트,예선경기２,"이성빈, 곽서준",,,"구동현, 정광민",,,2,0,A
제26회 회장배 전 한국 스쿼시 선수권대회,202614961,2026-06-12,남자 대학부,복식,토너먼트,준결승경기１,"박경민, 박민기",,,"이성빈, 곽서준",,,2,0,A
제26회 회장배 전 한국 스쿼시 선수권대회,202614961,2026-06-12,남자 대학부,복식,토너먼트,준결승경기２,"김동하, 안동현",,,"김준호, 이용욱",,,0,2,B
제26회 회장배 전 한국 스쿼시 선수권대회,202614961,2026-06-12,남자 대학부,복식,토너먼트,결승,"박경민, 박민기",,,"김준호, 이용욱",,,1,2,B
제26회 회장배 전 한국 스쿼시 선수권대회,202614961,2026-06-12,여자 일반부,개인전,토너먼트,예선경기２,조아연,201903004040,,장예원,201601000670,,3,2,A
제26회 회장배 전 한국 스쿼시 선수권대회,202614961,2026-06-12,여자 일반부,개인전,토너먼트,예선경기３,배찬미,200506004011,,이자연,202003003272,,0,0,B
제26회 회장배 전 한국 스쿼시 선수권대회,202614961,2026-06-12,여자 일반부,개인전,토너먼트,예선경기４,박다송,202204086461,,송동주,201205000983,,0,3,B
제26회 회장배 전 한국 스쿼시 선수권대회,202614961,2026-06-12,여자 일반부,개인전,토너먼트,예선경기５,최유라,200703026440,,곽다연,201302006626,,3,0,A
제26회 회장배 전 한국 스쿼시 선수권대회,202614961,2026-06-12,여자 일반부,개인전,토너먼트,예선경기６,유현경,202204081979,,문혜연,201203009845,,0,3,B
제26회 회장배 전 한국 스쿼시 선수권대회,202614961,2026-06-12,여자 일반부,개인전,토너먼트,예선경기７,김민희,201402004905,,이경진,202203011267,,3,0,A
제26회 회장배 전 한국 스쿼시 선수권대회,202614961,2026-06-12,여자 일반부,개인전,토너먼트,예선경기８,서하민,201703008633,,서효주,201402001683,,2,3,B
제26회 회장배 전 한국 스쿼시 선수권대회,202614961,2026-06-12,여자 일반부,개인전,토너먼트,예선경기９,송채원,200903026922,,이소진,201503029527,,3,1,A
제26회 회장배 전 한국 스쿼시 선수권대회,202614961,2026-06-12,여자 일반부,개인전,토너먼트,예선경기１０,김가람,200505000922,,오승희,201209002253,,1,3,B
제26회 회장배 전 한국 스쿼시 선수권대회,202614961,2026-06-12,여자 일반부,개인전,토너먼트,예선경기１１,류보람,201503023001,,박상은,201404002146,,0,3,B
제26회 회장배 전 한국 스쿼시 선수권대회,202614961,2026-06-12,여자 일반부,개인전,토너먼트,예선경기１２,이지현,200504008455,,허민경,201103015212,,2,3,B
제26회 회장배 전 한국 스쿼시 선수권대회,202614961,2026-06-12,여자 일반부,개인전,토너먼트,예선경기１３,양연수,200409006651,,전아인,201203004577,,0,3,B
제26회 회장배 전 한국 스쿼시 선수권대회,202614961,2026-06-12,여자 일반부,개인전,토너먼트,예선경기１４,구보경,201902004370,,신유진,201602007698,,0,3,B
제26회 회장배 전 한국 스쿼시 선수권대회,202614961,2026-06-12,여자 일반부,개인전,토너먼트,예선경기１５,권소원,202404019722,,이승연,201405001347,,3,1,A
제26회 회장배 전 한국 스쿼시 선수권대회,202614961,2026-06-12,여자 일반부,개인전,토너먼트,준준준결승경기１,김다미,201107004502,,조아연,201903004040,,3,2,A
제26회 회장배 전 한국 스쿼시 선수권대회,202614961,2026-06-12,여자 일반부,개인전,토너먼트,준준준결승경기２,이자연,202003003272,,송동주,201205000983,,0,3,B
제26회 회장배 전 한국 스쿼시 선수권대회,202614961,2026-06-12,여자 일반부,개인전,토너먼트,준준준결승경기３,최유라,200703026440,,문혜연,201203009845,,3,0,A
제26회 회장배 전 한국 스쿼시 선수권대회,202614961,2026-06-12,여자 일반부,개인전,토너먼트,준준준결승경기４,김민희,201402004905,,서효주,201402001683,,0,3,B
제26회 회장배 전 한국 스쿼시 선수권대회,202614961,2026-06-12,여자 일반부,개인전,토너먼트,준준준결승경기５,송채원,200903026922,,오승희,201209002253,,3,0,A
제26회 회장배 전 한국 스쿼시 선수권대회,202614961,2026-06-12,여자 일반부,개인전,토너먼트,준준준결승경기６,박상은,201404002146,,허민경,201103015212,,0,0,A
제26회 회장배 전 한국 스쿼시 선수권대회,202614961,2026-06-12,여자 일반부,개인전,토너먼트,준준준결승경기７,전아인,201203004577,,신유진,201602007698,,3,0,A
제26회 회장배 전 한국 스쿼시 선수권대회,202614961,2026-06-12,여자 일반부,개인전,토너먼트,준준준결승경기８,권소원,202404019722,,엄화영,201002007702,,0,3,B
제26회 회장배 전 한국 스쿼시 선수권대회,202614961,2026-06-12,여자 일반부,개인전,토너먼트,준준결승경기１,김다미,201107004502,,송동주,201205000983,,3,2,A
제26회 회장배 전 한국 스쿼시 선수권대회,202614961,2026-06-12,여자 일반부,개인전,토너먼트,준준결승경기２,최유라,200703026440,,서효주,201402001683,,3,0,A
제26회 회장배 전 한국 스쿼시 선수권대회,202614961,2026-06-12,여자 일반부,개인전,토너먼트,준준결승경기３,송채원,200903026922,,박상은,201404002146,,3,0,A
제26회 회장배 전 한국 스쿼시 선수권대회,202614961,2026-06-12,여자 일반부,개인전,토너먼트,준준결승경기４,전아인,201203004577,,엄화영,201002007702,,1,3,B
제26회 회장배 전 한국 스쿼시 선수권대회,202614961,2026-06-12,여자 일반부,개인전,토너먼트,준결승경기１,김다미,201107004502,,최유라,200703026440,,0,3,B
제26회 회장배 전 한국 스쿼시 선수권대회,202614961,2026-06-12,여자 일반부,개인전,토너먼트,준결승경기２,송채원,200903026922,,엄화영,201002007702,,0,3,B
제26회 회장배 전 한국 스쿼시 선수권대회,202614961,2026-06-12,여자 일반부,개인전,토너먼트,결승,최유라,200703026440,,엄화영,201002007702,,0,3,B
제26회 회장배 전 한국 스쿼시 선수권대회,202614961,2026-06-12,남자 일반부,개인전,토너먼트,예선경기２,원준호,201104000840,,김창하,201602010896,,3,1,A
제26회 회장배 전 한국 스쿼시 선수권대회,202614961,2026-06-12,남자 일반부,개인전,토너먼트,예선경기１０,박정식,201103008064,,김승현,201403012359,,3,1,A
제26회 회장배 전 한국 스쿼시 선수권대회,202614961,2026-06-12,남자 일반부,개인전,토너먼트,예선경기１５,박성찬,201006002472,,나동현,202301001068,,3,0,A
제26회 회장배 전 한국 스쿼시 선수권대회,202614961,2026-06-12,남자 일반부,개인전,토너먼트,예선경기１８,이지석,201703004879,,지동현,201507002321,,0,3,B
제26회 회장배 전 한국 스쿼시 선수권대회,202614961,2026-06-12,남자 일반부,개인전,토너먼트,예선경기 23,이승택,200505000724,,우창욱,200505000725,,3,1,A
제26회 회장배 전 한국 스쿼시 선수권대회,202614961,2026-06-12,남자 일반부,개인전,토너먼트,예선경기 26,김재훈,202204079309,,임재현,201402001427,,0,3,B
제26회 회장배 전 한국 스쿼시 선수권대회,202614961,2026-06-12,남자 일반부,개인전,토너먼트,예선경기 31,오성학,201103013572,,유승용,200907002704,,3,0,A
제26회 회장배 전 한국 스쿼시 선수권대회,202614961,2026-06-12,남자 일반부,개인전,토너먼트,준준준준결승 1,이민우,201407000924,,원준호,201104000840,,3,0,A
제26회 회장배 전 한국 스쿼시 선수권대회,202614961,2026-06-12,남자 일반부,개인전,토너먼트,준준준준결승 2,한승철,201501001406,,문석호,201402009240,,2,3,B
제26회 회장배 전 한국 스쿼시 선수권대회,202614961,2026-06-12,남자 일반부,개인전,토너먼트,준준준준결승 3,이건동,200312007919,,김석진,201203009405,,1,3,B
제26회 회장배 전 한국 스쿼시 선수권대회,202614961,2026-06-12,남자 일반부,개인전,토너먼트,준준준준결승 4,박성진,202206008576,,박종명,200803023360,,0,3,B
제26회 회장배 전 한국 스쿼시 선수권대회,202614961,2026-06-12,남자 일반부,개인전,토너먼트,준준준준결승 5,강현범,201302006321,,박정식,201103008064,,3,1,A
제26회 회장배 전 한국 스쿼시 선수권대회,202614961,2026-06-12,남자 일반부,개인전,토너먼트,준준준준결승 6,류정민,201505003438,,심규영,201504001319,,3,0,A
제26회 회장배 전 한국 스쿼시 선수권대회,202614961,2026-06-12,남자 일반부,개인전,토너먼트,준준준준결승 7,한대희,200703025693,,유재진,200504008874,,0,3,B
제26회 회장배 전 한국 스쿼시 선수권대회,202614961,2026-06-12,남자 일반부,개인전,토너먼트,준준준준결승 8,박성찬,201006002472,,강우석,201302005902,,0,3,B
제26회 회장배 전 한국 스쿼시 선수권대회,202614961,2026-06-12,남자 일반부,개인전,토너먼트,준준준준결승 9,고영조,200506001863,,지동현,201507002321,,3,0,A
제26회 회장배 전 한국 스쿼시 선수권대회,202614961,2026-06-12,남자 일반부,개인전,토너먼트,준준준준결승 10,나주영,201602006877,,김동우,201503028559,,3,0,A
제26회 회장배 전 한국 스쿼시 선수권대회,202614961,2026-06-12,남자 일반부,개인전,토너먼트,준준준준결승 11,류정욱,201603018160,,이세현,200504008934,,2,3,B
제26회 회장배 전 한국 스쿼시 선수권대회,202614961,2026-06-12,남자 일반부,개인전,토너먼트,준준준준결승 12,이승택,200505000724,,유덕재,201104000837,,1,3,B
제26회 회장배 전 한국 스쿼시 선수권대회,202614961,2026-06-12,남자 일반부,개인전,토너먼트,준준준준결승 13,이동준,201302010744,,임재현,201402001427,,3,1,A
제26회 회장배 전 한국 스쿼시 선수권대회,202614961,2026-06-12,남자 일반부,개인전,토너먼트,준준준준결승 14,김현인,201602013447,,최정운,202206009270,,1,3,B
제26회 회장배 전 한국 스쿼시 선수권대회,202614961,2026-06-12,남자 일반부,개인전,토너먼트,준준준준결승 15,황중찬,200706002344,,최호진,201306001130,,1,3,B
제26회 회장배 전 한국 스쿼시 선수권대회,202614961,2026-06-12,남자 일반부,개인전,토너먼트,준준준준결승 16,오성학,201103013572,,오서진,201605004663,,0,3,B
제26회 회장배 전 한국 스쿼시 선수권대회,202614961,2026-06-12,남자 일반부,개인전,토너먼트,준준준결승경기１,이민우,201407000924,,문석호,201402009240,,0,0,A
제26회 회장배 전 한국 스쿼시 선수권대회,202614961,2026-06-12,남자 일반부,개인전,토너먼트,준준준결승경기２,김석진,201203009405,,박종명,200803023360,,0,3,B
제26회 회장배 전 한국 스쿼시 선수권대회,202614961,2026-06-12,남자 일반부,개인전,토너먼트,준준준결승경기３,강현범,201302006321,,류정민,201505003438,,2,3,B
제26회 회장배 전 한국 스쿼시 선수권대회,202614961,2026-06-12,남자 일반부,개인전,토너먼트,준준준결승경기４,유재진,200504008874,,강우석,201302005902,,3,2,A
제26회 회장배 전 한국 스쿼시 선수권대회,202614961,2026-06-12,남자 일반부,개인전,토너먼트,준준준결승경기５,고영조,200506001863,,나주영,201602006877,,1,3,B
제26회 회장배 전 한국 스쿼시 선수권대회,202614961,2026-06-12,남자 일반부,개인전,토너먼트,준준준결승경기６,이세현,200504008934,,유덕재,201104000837,,3,2,A
제26회 회장배 전 한국 스쿼시 선수권대회,202614961,2026-06-12,남자 일반부,개인전,토너먼트,준준준결승경기７,이동준,201302010744,,최정운,202206009270,,3,0,A
제26회 회장배 전 한국 스쿼시 선수권대회,202614961,2026-06-12,남자 일반부,개인전,토너먼트,준준준결승경기８,최호진,201306001130,,오서진,201605004663,,0,3,B
제26회 회장배 전 한국 스쿼시 선수권대회,202614961,2026-06-12,남자 일반부,개인전,토너먼트,준준결승경기１,이민우,201407000924,,박종명,200803023360,,3,0,A
제26회 회장배 전 한국 스쿼시 선수권대회,202614961,2026-06-12,남자 일반부,개인전,토너먼트,준준결승경기２,류정민,201505003438,,유재진,200504008874,,1,3,B
제26회 회장배 전 한국 스쿼시 선수권대회,202614961,2026-06-12,남자 일반부,개인전,토너먼트,준준결승경기３,나주영,201602006877,,이세현,200504008934,,3,0,A
제26회 회장배 전 한국 스쿼시 선수권대회,202614961,2026-06-12,남자 일반부,개인전,토너먼트,준준결승경기４,이동준,201302010744,,오서진,201605004663,,3,0,A
제26회 회장배 전 한국 스쿼시 선수권대회,202614961,2026-06-12,남자 일반부,개인전,토너먼트,준결승경기１,이민우,201407000924,,유재진,200504008874,,3,1,A
제26회 회장배 전 한국 스쿼시 선수권대회,202614961,2026-06-12,남자 일반부,개인전,토너먼트,준결승경기２,나주영,201602006877,,이동준,201302010744,,3,0,A
제26회 회장배 전 한국 스쿼시 선수권대회,202614961,2026-06-12,남자 일반부,개인전,토너먼트,결승,이민우,201407000924,,나주영,201602006877,,3,2,A
2026 제29회 금곡배 전국 초ㆍ중ㆍ고 스쿼시 선수권대회,202614990,2026-06-25,여자 12세이하부,개인전,토너먼트,예선경기２,박나율,202602013684,,이유나,202507026685,,0,3,B
2026 제29회 금곡배 전국 초ㆍ중ㆍ고 스쿼시 선수권대회,202614990,2026-06-25,여자 12세이하부,개인전,토너먼트,예선경기３,이하임,202509004547,,나윤설,202601012061,,0,3,B
2026 제29회 금곡배 전국 초ㆍ중ㆍ고 스쿼시 선수권대회,202614990,2026-06-25,여자 12세이하부,개인전,토너먼트,예선경기４,최다혜,202605008294,,백지원,202503047683,,0,3,B
2026 제29회 금곡배 전국 초ㆍ중ㆍ고 스쿼시 선수권대회,202614990,2026-06-25,여자 12세이하부,개인전,토너먼트,예선경기５,신지원,202308012659,,전예은,202503003861,,1,3,B
2026 제29회 금곡배 전국 초ㆍ중ㆍ고 스쿼시 선수권대회,202614990,2026-06-25,여자 12세이하부,개인전,토너먼트,예선경기６,정서윤,202307004948,,박나래,202601012059,,3,0,A
2026 제29회 금곡배 전국 초ㆍ중ㆍ고 스쿼시 선수권대회,202614990,2026-06-25,여자 12세이하부,개인전,토너먼트,예선경기７,이라엘,202510000870,,김다인,202402016722,,3,0,A
2026 제29회 금곡배 전국 초ㆍ중ㆍ고 스쿼시 선수권대회,202614990,2026-06-25,여자 12세이하부,개인전,토너먼트,준준결승경기１,최은,202304014708,,이유나,202507026685,,3,0,A
2026 제29회 금곡배 전국 초ㆍ중ㆍ고 스쿼시 선수권대회,202614990,2026-06-25,여자 12세이하부,개인전,토너먼트,준준결승경기２,나윤설,202601012061,,백지원,202503047683,,0,0,B
2026 제29회 금곡배 전국 초ㆍ중ㆍ고 스쿼시 선수권대회,202614990,2026-06-25,여자 12세이하부,개인전,토너먼트,준준결승경기３,전예은,202503003861,,정서윤,202307004948,,0,3,B
2026 제29회 금곡배 전국 초ㆍ중ㆍ고 스쿼시 선수권대회,202614990,2026-06-25,여자 12세이하부,개인전,토너먼트,준준결승경기４,이라엘,202510000870,,이채빈,202502016148,,3,1,A
2026 제29회 금곡배 전국 초ㆍ중ㆍ고 스쿼시 선수권대회,202614990,2026-06-25,여자 12세이하부,개인전,토너먼트,준결승경기１,최은,202304014708,,백지원,202503047683,,3,0,A
2026 제29회 금곡배 전국 초ㆍ중ㆍ고 스쿼시 선수권대회,202614990,2026-06-25,여자 12세이하부,개인전,토너먼트,준결승경기２,정서윤,202307004948,,이라엘,202510000870,,3,0,A
2026 제29회 금곡배 전국 초ㆍ중ㆍ고 스쿼시 선수권대회,202614990,2026-06-25,여자 12세이하부,개인전,토너먼트,결승,최은,202304014708,,정서윤,202307004948,,3,0,A
2026 제29회 금곡배 전국 초ㆍ중ㆍ고 스쿼시 선수권대회,202614990,2026-06-25,남자 12세이하부,개인전,토너먼트,예선경기２,송예준,202501003369,,김동건,202411001568,,0,3,B
2026 제29회 금곡배 전국 초ㆍ중ㆍ고 스쿼시 선수권대회,202614990,2026-06-25,남자 12세이하부,개인전,토너먼트,준준준결승경기１,강예준,202304049424,,김동건,202411001568,,3,0,A
2026 제29회 금곡배 전국 초ㆍ중ㆍ고 스쿼시 선수권대회,202614990,2026-06-25,남자 12세이하부,개인전,토너먼트,준준준결승경기２,전수호,202511001686,,김승주,202408012758,,0,3,B
2026 제29회 금곡배 전국 초ㆍ중ㆍ고 스쿼시 선수권대회,202614990,2026-06-25,남자 12세이하부,개인전,토너먼트,준준준결승경기３,김시우,202307007967,,이지혁,202503026348,,0,3,B
2026 제29회 금곡배 전국 초ㆍ중ㆍ고 스쿼시 선수권대회,202614990,2026-06-25,남자 12세이하부,개인전,토너먼트,준준준결승경기４,박슬찬,202605007966,,강그루,202411001084,,0,3,B
2026 제29회 금곡배 전국 초ㆍ중ㆍ고 스쿼시 선수권대회,202614990,2026-06-25,남자 12세이하부,개인전,토너먼트,준준준결승경기５,최재원,202102002568,,황예준,202505009465,,3,0,A
2026 제29회 금곡배 전국 초ㆍ중ㆍ고 스쿼시 선수권대회,202614990,2026-06-25,남자 12세이하부,개인전,토너먼트,준준준결승경기６,강태유,202603003663,,박천,202406007468,,0,3,B
2026 제29회 금곡배 전국 초ㆍ중ㆍ고 스쿼시 선수권대회,202614990,2026-06-25,남자 12세이하부,개인전,토너먼트,준준준결승경기７,박선우,202402013950,,김현석,202204086936,,0,3,B
2026 제29회 금곡배 전국 초ㆍ중ㆍ고 스쿼시 선수권대회,202614990,2026-06-25,남자 12세이하부,개인전,토너먼트,준준준결승경기８,박지우,202402010380,,최현욱,202103005535,,0,3,B
2026 제29회 금곡배 전국 초ㆍ중ㆍ고 스쿼시 선수권대회,202614990,2026-06-25,남자 12세이하부,개인전,토너먼트,준준결승경기１,강예준,202304049424,,김승주,202408012758,,3,2,A
2026 제29회 금곡배 전국 초ㆍ중ㆍ고 스쿼시 선수권대회,202614990,2026-06-25,남자 12세이하부,개인전,토너먼트,준준결승경기２,이지혁,202503026348,,강그루,202411001084,,0,3,B
2026 제29회 금곡배 전국 초ㆍ중ㆍ고 스쿼시 선수권대회,202614990,2026-06-25,남자 12세이하부,개인전,토너먼트,준준결승경기３,최재원,202102002568,,박천,202406007468,,0,3,B
2026 제29회 금곡배 전국 초ㆍ중ㆍ고 스쿼시 선수권대회,202614990,2026-06-25,남자 12세이하부,개인전,토너먼트,준준결승경기４,김현석,202204086936,,최현욱,202103005535,,0,3,B
2026 제29회 금곡배 전국 초ㆍ중ㆍ고 스쿼시 선수권대회,202614990,2026-06-25,남자 12세이하부,개인전,토너먼트,준결승경기１,강예준,202304049424,,강그루,202411001084,,3,0,A
2026 제29회 금곡배 전국 초ㆍ중ㆍ고 스쿼시 선수권대회,202614990,2026-06-25,남자 12세이하부,개인전,토너먼트,준결승경기２,박천,202406007468,,최현욱,202103005535,,1,3,B
2026 제29회 금곡배 전국 초ㆍ중ㆍ고 스쿼시 선수권대회,202614990,2026-06-25,남자 12세이하부,개인전,토너먼트,결승,강예준,202304049424,,최현욱,202103005535,,3,0,A
2026 제29회 금곡배 전국 초ㆍ중ㆍ고 스쿼시 선수권대회,202614990,2026-06-25,여자 15세이하부,개인전,토너먼트,예선경기１,원지원,202407004535,,김민주,202507027511,,2,3,B
2026 제29회 금곡배 전국 초ㆍ중ㆍ고 스쿼시 선수권대회,202614990,2026-06-25,여자 15세이하부,개인전,토너먼트,예선경기２,구보민,202206006488,,이서우,202311002595,,3,0,A
2026 제29회 금곡배 전국 초ㆍ중ㆍ고 스쿼시 선수권대회,202614990,2026-06-25,여자 15세이하부,개인전,토너먼트,예선경기３,홍지우,202307007070,,서희서,202403017297,,3,0,A
2026 제29회 금곡배 전국 초ㆍ중ㆍ고 스쿼시 선수권대회,202614990,2026-06-25,여자 15세이하부,개인전,토너먼트,예선경기４,안서율,202403016789,,서민아,202510009251,,3,0,A
2026 제29회 금곡배 전국 초ㆍ중ㆍ고 스쿼시 선수권대회,202614990,2026-06-25,여자 15세이하부,개인전,토너먼트,예선경기５,김예빈,202311001849,,이하율,202404007406,,0,3,B
2026 제29회 금곡배 전국 초ㆍ중ㆍ고 스쿼시 선수권대회,202614990,2026-06-25,여자 15세이하부,개인전,토너먼트,예선경기６,김예지,202505004782,,구가민,202307000906,,0,0,B
2026 제29회 금곡배 전국 초ㆍ중ㆍ고 스쿼시 선수권대회,202614990,2026-06-25,여자 15세이하부,개인전,토너먼트,예선경기７,조예슬,202509006454,,정지원,202501003289,,3,0,A
2026 제29회 금곡배 전국 초ㆍ중ㆍ고 스쿼시 선수권대회,202614990,2026-06-25,여자 15세이하부,개인전,토너먼트,예선경기８,김아린,202303035971,,최예영,202307007129,,3,0,A
2026 제29회 금곡배 전국 초ㆍ중ㆍ고 스쿼시 선수권대회,202614990,2026-06-25,여자 15세이하부,개인전,토너먼트,준준결승경기１,김민주,202507027511,,구보민,202206006488,,0,3,B
2026 제29회 금곡배 전국 초ㆍ중ㆍ고 스쿼시 선수권대회,202614990,2026-06-25,여자 15세이하부,개인전,토너먼트,준준결승경기２,홍지우,202307007070,,안서율,202403016789,,0,3,B
2026 제29회 금곡배 전국 초ㆍ중ㆍ고 스쿼시 선수권대회,202614990,2026-06-25,여자 15세이하부,개인전,토너먼트,준준결승경기３,이하율,202404007406,,구가민,202307000906,,3,1,A
2026 제29회 금곡배 전국 초ㆍ중ㆍ고 스쿼시 선수권대회,202614990,2026-06-25,여자 15세이하부,개인전,토너먼트,준준결승경기４,조예슬,202509006454,,김아린,202303035971,,0,3,B
2026 제29회 금곡배 전국 초ㆍ중ㆍ고 스쿼시 선수권대회,202614990,2026-06-25,여자 15세이하부,개인전,토너먼트,준결승경기１,구보민,202206006488,,안서율,202403016789,,3,0,A
2026 제29회 금곡배 전국 초ㆍ중ㆍ고 스쿼시 선수권대회,202614990,2026-06-25,여자 15세이하부,개인전,토너먼트,준결승경기２,이하율,202404007406,,김아린,202303035971,,0,0,B
2026 제29회 금곡배 전국 초ㆍ중ㆍ고 스쿼시 선수권대회,202614990,2026-06-25,여자 15세이하부,개인전,토너먼트,결승,구보민,202206006488,,김아린,202303035971,,1,3,B
2026 제29회 금곡배 전국 초ㆍ중ㆍ고 스쿼시 선수권대회,202614990,2026-06-25,남자 15세이하부,개인전,토너먼트,예선경기２,남근후,202508001977,,조은호,202502000939,,2,3,B
2026 제29회 금곡배 전국 초ㆍ중ㆍ고 스쿼시 선수권대회,202614990,2026-06-25,남자 15세이하부,개인전,토너먼트,예선경기６,최규현,202006002884,,서예준,202403017121,,3,0,A
2026 제29회 금곡배 전국 초ㆍ중ㆍ고 스쿼시 선수권대회,202614990,2026-06-25,남자 15세이하부,개인전,토너먼트,예선경기７,김재후,202601000275,,김민,202403018707,,0,3,B
2026 제29회 금곡배 전국 초ㆍ중ㆍ고 스쿼시 선수권대회,202614990,2026-06-25,남자 15세이하부,개인전,토너먼트,예선경기１０,송재후,202506002728,,문시후,202603002103,,3,0,A
2026 제29회 금곡배 전국 초ㆍ중ㆍ고 스쿼시 선수권대회,202614990,2026-06-25,남자 15세이하부,개인전,토너먼트,예선경기１５,최원준,202309002019,,나시빈,202602009330,,3,0,A
2026 제29회 금곡배 전국 초ㆍ중ㆍ고 스쿼시 선수권대회,202614990,2026-06-25,남자 15세이하부,개인전,토너먼트,준준준결승경기１,김서준,201904001822,,조은호,202502000939,,3,0,A
2026 제29회 금곡배 전국 초ㆍ중ㆍ고 스쿼시 선수권대회,202614990,2026-06-25,남자 15세이하부,개인전,토너먼트,준준준결승경기２,류지안,202202002116,,이석현,202302017098,,3,0,A
2026 제29회 금곡배 전국 초ㆍ중ㆍ고 스쿼시 선수권대회,202614990,2026-06-25,남자 15세이하부,개인전,토너먼트,준준준결승경기３,김준수,202305008331,,최규현,202006002884,,1,3,B
2026 제29회 금곡배 전국 초ㆍ중ㆍ고 스쿼시 선수권대회,202614990,2026-06-25,남자 15세이하부,개인전,토너먼트,준준준결승경기４,김민,202403018707,,김민기,202006003212,,0,3,B
2026 제29회 금곡배 전국 초ㆍ중ㆍ고 스쿼시 선수권대회,202614990,2026-06-25,남자 15세이하부,개인전,토너먼트,준준준결승경기５,임재민,202602014720,,송재후,202506002728,,1,3,B
2026 제29회 금곡배 전국 초ㆍ중ㆍ고 스쿼시 선수권대회,202614990,2026-06-25,남자 15세이하부,개인전,토너먼트,준준준결승경기６,강연우,202302018875,,안우영,202604001719,,3,0,A
2026 제29회 금곡배 전국 초ㆍ중ㆍ고 스쿼시 선수권대회,202614990,2026-06-25,남자 15세이하부,개인전,토너먼트,준준준결승경기７,김규원,202606000869,,최윤호,202311001127,,0,3,B
2026 제29회 금곡배 전국 초ㆍ중ㆍ고 스쿼시 선수권대회,202614990,2026-06-25,남자 15세이하부,개인전,토너먼트,준준준결승경기８,최원준,202309002019,,하강성,202506002036,,3,0,A
2026 제29회 금곡배 전국 초ㆍ중ㆍ고 스쿼시 선수권대회,202614990,2026-06-25,남자 15세이하부,개인전,토너먼트,준준결승경기１,김서준,201904001822,,류지안,202202002116,,3,1,A
2026 제29회 금곡배 전국 초ㆍ중ㆍ고 스쿼시 선수권대회,202614990,2026-06-25,남자 15세이하부,개인전,토너먼트,준준결승경기２,최규현,202006002884,,김민기,202006003212,,0,3,B
2026 제29회 금곡배 전국 초ㆍ중ㆍ고 스쿼시 선수권대회,202614990,2026-06-25,남자 15세이하부,개인전,토너먼트,준준결승경기３,송재후,202506002728,,강연우,202302018875,,0,3,B
2026 제29회 금곡배 전국 초ㆍ중ㆍ고 스쿼시 선수권대회,202614990,2026-06-25,남자 15세이하부,개인전,토너먼트,준준결승경기４,최윤호,202311001127,,최원준,202309002019,,3,1,A
2026 제29회 금곡배 전국 초ㆍ중ㆍ고 스쿼시 선수권대회,202614990,2026-06-25,남자 15세이하부,개인전,토너먼트,준결승경기１,김서준,201904001822,,김민기,202006003212,,3,0,A
2026 제29회 금곡배 전국 초ㆍ중ㆍ고 스쿼시 선수권대회,202614990,2026-06-25,남자 15세이하부,개인전,토너먼트,준결승경기２,강연우,202302018875,,최윤호,202311001127,,3,0,A
2026 제29회 금곡배 전국 초ㆍ중ㆍ고 스쿼시 선수권대회,202614990,2026-06-25,남자 15세이하부,개인전,토너먼트,결승,김서준,201904001822,,강연우,202302018875,,3,1,A
2026 제29회 금곡배 전국 초ㆍ중ㆍ고 스쿼시 선수권대회,202614990,2026-06-25,여자 18세이하부,개인전,토너먼트,예선경기２,김예은,202008003322,,강연아,202302018871,,0,3,B
2026 제29회 금곡배 전국 초ㆍ중ㆍ고 스쿼시 선수권대회,202614990,2026-06-25,여자 18세이하부,개인전,토너먼트,예선경기３,강현지,202507003502,,박솔민,202002002489,,0,3,B
2026 제29회 금곡배 전국 초ㆍ중ㆍ고 스쿼시 선수권대회,202614990,2026-06-25,여자 18세이하부,개인전,토너먼트,예선경기４,박지은,202002004079,,정단아,202207001150,,1,3,B
2026 제29회 금곡배 전국 초ㆍ중ㆍ고 스쿼시 선수권대회,202614990,2026-06-25,여자 18세이하부,개인전,토너먼트,예선경기６,박소영,202503043401,,이재인,202305008081,,0,3,B
2026 제29회 금곡배 전국 초ㆍ중ㆍ고 스쿼시 선수권대회,202614990,2026-06-25,여자 18세이하부,개인전,토너먼트,예선경기７,정유빈,202307008532,,안수빈,202507003569,,3,0,A
2026 제29회 금곡배 전국 초ㆍ중ㆍ고 스쿼시 선수권대회,202614990,2026-06-25,여자 18세이하부,개인전,토너먼트,예선경기１０,김하늘,202506003823,,문하람,202002004153,,0,0,A
2026 제29회 금곡배 전국 초ㆍ중ㆍ고 스쿼시 선수권대회,202614990,2026-06-25,여자 18세이하부,개인전,토너먼트,예선경기１１,강현이,202507029514,,라우림,202202004038,,3,2,A
2026 제29회 금곡배 전국 초ㆍ중ㆍ고 스쿼시 선수권대회,202614990,2026-06-25,여자 18세이하부,개인전,토너먼트,예선경기１４,이현진,202403000783,,김수연,202507003932,,1,3,B
2026 제29회 금곡배 전국 초ㆍ중ㆍ고 스쿼시 선수권대회,202614990,2026-06-25,여자 18세이하부,개인전,토너먼트,예선경기１５,김도은,202006003279,,김희수,202604011310,,3,0,A
2026 제29회 금곡배 전국 초ㆍ중ㆍ고 스쿼시 선수권대회,202614990,2026-06-25,여자 18세이하부,개인전,토너먼트,준준준결승경기１,김민주,202311002931,,강연아,202302018871,,0,3,B
2026 제29회 금곡배 전국 초ㆍ중ㆍ고 스쿼시 선수권대회,202614990,2026-06-25,여자 18세이하부,개인전,토너먼트,준준준결승경기２,박솔민,202002002489,,정단아,202207001150,,3,0,A
2026 제29회 금곡배 전국 초ㆍ중ㆍ고 스쿼시 선수권대회,202614990,2026-06-25,여자 18세이하부,개인전,토너먼트,준준준결승경기３,유하영,202507029420,,이재인,202305008081,,0,3,B
2026 제29회 금곡배 전국 초ㆍ중ㆍ고 스쿼시 선수권대회,202614990,2026-06-25,여자 18세이하부,개인전,토너먼트,준준준결승경기４,정유빈,202307008532,,김태영,202406003305,,3,0,A
2026 제29회 금곡배 전국 초ㆍ중ㆍ고 스쿼시 선수권대회,202614990,2026-06-25,여자 18세이하부,개인전,토너먼트,준준준결승경기５,정현아,202207001169,,김하늘,202506003823,,3,0,A
2026 제29회 금곡배 전국 초ㆍ중ㆍ고 스쿼시 선수권대회,202614990,2026-06-25,여자 18세이하부,개인전,토너먼트,준준준결승경기６,강현이,202507029514,,이해인,202002004113,,0,3,B
2026 제29회 금곡배 전국 초ㆍ중ㆍ고 스쿼시 선수권대회,202614990,2026-06-25,여자 18세이하부,개인전,토너먼트,준준준결승경기７,나현아,202406007100,,김수연,202507003932,,3,0,A
2026 제29회 금곡배 전국 초ㆍ중ㆍ고 스쿼시 선수권대회,202614990,2026-06-25,여자 18세이하부,개인전,토너먼트,준준준결승경기８,김도은,202006003279,,이수현,202302014612,,3,1,A
2026 제29회 금곡배 전국 초ㆍ중ㆍ고 스쿼시 선수권대회,202614990,2026-06-25,여자 18세이하부,개인전,토너먼트,준준결승경기１,강연아,202302018871,,박솔민,202002002489,,0,3,B
2026 제29회 금곡배 전국 초ㆍ중ㆍ고 스쿼시 선수권대회,202614990,2026-06-25,여자 18세이하부,개인전,토너먼트,준준결승경기２,이재인,202305008081,,정유빈,202307008532,,3,0,A
2026 제29회 금곡배 전국 초ㆍ중ㆍ고 스쿼시 선수권대회,202614990,2026-06-25,여자 18세이하부,개인전,토너먼트,준준결승경기３,정현아,202207001169,,이해인,202002004113,,0,3,B
2026 제29회 금곡배 전국 초ㆍ중ㆍ고 스쿼시 선수권대회,202614990,2026-06-25,여자 18세이하부,개인전,토너먼트,준준결승경기４,나현아,202406007100,,김도은,202006003279,,0,3,B
2026 제29회 금곡배 전국 초ㆍ중ㆍ고 스쿼시 선수권대회,202614990,2026-06-25,여자 18세이하부,개인전,토너먼트,준결승경기１,박솔민,202002002489,,이재인,202305008081,,3,0,A
2026 제29회 금곡배 전국 초ㆍ중ㆍ고 스쿼시 선수권대회,202614990,2026-06-25,여자 18세이하부,개인전,토너먼트,준결승경기２,이해인,202002004113,,김도은,202006003279,,1,3,B
2026 제29회 금곡배 전국 초ㆍ중ㆍ고 스쿼시 선수권대회,202614990,2026-06-25,여자 18세이하부,개인전,토너먼트,결승,박솔민,202002002489,,김도은,202006003279,,3,0,A
2026 제29회 금곡배 전국 초ㆍ중ㆍ고 스쿼시 선수권대회,202614990,2026-06-25,여자 18세이하부,단체전,토너먼트,예선경기２,인천광역시스쿼시연맹,,,경상남도스쿼시연맹,,,1,2,B
2026 제29회 금곡배 전국 초ㆍ중ㆍ고 스쿼시 선수권대회,202614990,2026-06-25,여자 18세이하부,단체전,토너먼트,준결승경기１,동일미래과학고등학교,,,경상남도스쿼시연맹,,,2,1,A
2026 제29회 금곡배 전국 초ㆍ중ㆍ고 스쿼시 선수권대회,202614990,2026-06-25,여자 18세이하부,단체전,토너먼트,준결승경기２,천안월봉고등학교,,,김천한일고등학교,,,1,2,B
2026 제29회 금곡배 전국 초ㆍ중ㆍ고 스쿼시 선수권대회,202614990,2026-06-25,여자 18세이하부,단체전,토너먼트,결승,동일미래과학고등학교,,,김천한일고등학교,,,2,0,A
2026 제29회 금곡배 전국 초ㆍ중ㆍ고 스쿼시 선수권대회,202614990,2026-06-25,남자 18세이하부,개인전,토너먼트,예선경기２,황승조,202402001062,,윤하성,202502001198,,3,0,A
2026 제29회 금곡배 전국 초ㆍ중ㆍ고 스쿼시 선수권대회,202614990,2026-06-25,남자 18세이하부,개인전,토너먼트,예선경기１０,현종선,202302017920,,윤태훈,202209003037,,1,3,B
2026 제29회 금곡배 전국 초ㆍ중ㆍ고 스쿼시 선수권대회,202614990,2026-06-25,남자 18세이하부,개인전,토너먼트,예선경기１５,김성주,202203007369,,오지훈,202307006557,,2,3,B
2026 제29회 금곡배 전국 초ㆍ중ㆍ고 스쿼시 선수권대회,202614990,2026-06-25,남자 18세이하부,개인전,토너먼트,준준준결승경기１,김현,202303001958,,황승조,202402001062,,3,0,A
2026 제29회 금곡배 전국 초ㆍ중ㆍ고 스쿼시 선수권대회,202614990,2026-06-25,남자 18세이하부,개인전,토너먼트,준준준결승경기２,황지호,202306012178,,김재영,202006001038,,3,0,A
2026 제29회 금곡배 전국 초ㆍ중ㆍ고 스쿼시 선수권대회,202614990,2026-06-25,남자 18세이하부,개인전,토너먼트,준준준결승경기３,김찬영,202203001906,,김건우,202409001518,,3,0,A
2026 제29회 금곡배 전국 초ㆍ중ㆍ고 스쿼시 선수권대회,202614990,2026-06-25,남자 18세이하부,개인전,토너먼트,준준준결승경기４,어준서,202411001569,,노성현,202505005861,,3,0,A
2026 제29회 금곡배 전국 초ㆍ중ㆍ고 스쿼시 선수권대회,202614990,2026-06-25,남자 18세이하부,개인전,토너먼트,준준준결승경기５,김지완,202407009605,,윤태훈,202209003037,,2,3,B
2026 제29회 금곡배 전국 초ㆍ중ㆍ고 스쿼시 선수권대회,202614990,2026-06-25,남자 18세이하부,개인전,토너먼트,준준준결승경기６,김경민,202211001200,,전서율,201905001623,,0,0,B
2026 제29회 금곡배 전국 초ㆍ중ㆍ고 스쿼시 선수권대회,202614990,2026-06-25,남자 18세이하부,개인전,토너먼트,준준준결승경기７,이동화,202007000243,,윤종현,202204001156,,3,0,A
2026 제29회 금곡배 전국 초ㆍ중ㆍ고 스쿼시 선수권대회,202614990,2026-06-25,남자 18세이하부,개인전,토너먼트,준준준결승경기８,오지훈,202307006557,,김민재,202303000324,,3,1,A
2026 제29회 금곡배 전국 초ㆍ중ㆍ고 스쿼시 선수권대회,202614990,2026-06-25,남자 18세이하부,개인전,토너먼트,준준결승경기１,김현,202303001958,,황지호,202306012178,,3,0,A
2026 제29회 금곡배 전국 초ㆍ중ㆍ고 스쿼시 선수권대회,202614990,2026-06-25,남자 18세이하부,개인전,토너먼트,준준결승경기２,김찬영,202203001906,,어준서,202411001569,,3,0,A
2026 제29회 금곡배 전국 초ㆍ중ㆍ고 스쿼시 선수권대회,202614990,2026-06-25,남자 18세이하부,개인전,토너먼트,준준결승경기３,윤태훈,202209003037,,전서율,201905001623,,2,3,B
2026 제29회 금곡배 전국 초ㆍ중ㆍ고 스쿼시 선수권대회,202614990,2026-06-25,남자 18세이하부,개인전,토너먼트,준준결승경기４,이동화,202007000243,,오지훈,202307006557,,1,3,B
2026 제29회 금곡배 전국 초ㆍ중ㆍ고 스쿼시 선수권대회,202614990,2026-06-25,남자 18세이하부,개인전,토너먼트,준결승경기１,김현,202303001958,,김찬영,202203001906,,2,3,B
2026 제29회 금곡배 전국 초ㆍ중ㆍ고 스쿼시 선수권대회,202614990,2026-06-25,남자 18세이하부,개인전,토너먼트,준결승경기２,전서율,201905001623,,오지훈,202307006557,,3,0,A
2026 제29회 금곡배 전국 초ㆍ중ㆍ고 스쿼시 선수권대회,202614990,2026-06-25,남자 18세이하부,개인전,토너먼트,결승,김찬영,202203001906,,전서율,201905001623,,3,0,A
2026 제29회 금곡배 전국 초ㆍ중ㆍ고 스쿼시 선수권대회,202614990,2026-06-25,남자 18세이하부,단체전,토너먼트,예선경기１,오남고등학교,,,경상남도스쿼시연맹,,,2,1,A
2026 제29회 금곡배 전국 초ㆍ중ㆍ고 스쿼시 선수권대회,202614990,2026-06-25,남자 18세이하부,단체전,토너먼트,예선경기２,천안월봉고등학교,,,언양고등학교,,,0,2,B
2026 제29회 금곡배 전국 초ㆍ중ㆍ고 스쿼시 선수권대회,202614990,2026-06-25,남자 18세이하부,단체전,토너먼트,결승,오남고등학교,,,언양고등학교,,,1,2,B
2026 제29회 금곡배 전국 초ㆍ중ㆍ고 스쿼시 선수권대회,202614990,2026-06-25,남자 18세이하부,복식,리그전,1R / A조,"김건우, 오지훈",,,"김민재, 전서율",,,0,2,B
2026 제29회 금곡배 전국 초ㆍ중ㆍ고 스쿼시 선수권대회,202614990,2026-06-25,남자 18세이하부,복식,리그전,1R / A조,"윤태훈, 김재영",,,"김민재, 전서율",,,2,1,A
2026 제29회 금곡배 전국 초ㆍ중ㆍ고 스쿼시 선수권대회,202614990,2026-06-25,남자 18세이하부,복식,리그전,1R / A조,"윤태훈, 김재영",,,"김건우, 오지훈",,,0,2,B
2026 제6회 태산배 전국 스쿼시 선수권대회,202615131,2026-07-11,여자 12세이하부,개인전,토너먼트,예선경기２,최다혜,202605008294,,이라엘,202510000870,,0,3,B
2026 제6회 태산배 전국 스쿼시 선수권대회,202615131,2026-07-11,여자 12세이하부,개인전,토너먼트,예선경기３,김다인,202402016722,,이채빈,202502016148,,0,3,B
2026 제6회 태산배 전국 스쿼시 선수권대회,202615131,2026-07-11,여자 12세이하부,개인전,토너먼트,예선경기４,이하임,202509004547,,김유진,202606012584,,0,3,B
2026 제6회 태산배 전국 스쿼시 선수권대회,202615131,2026-07-11,여자 12세이하부,개인전,토너먼트,예선경기６,전예은,202503003861,,박나래,202601012059,,1,3,B
2026 제6회 태산배 전국 스쿼시 선수권대회,202615131,2026-07-11,여자 12세이하부,개인전,토너먼트,예선경기７,백지원,202503047683,,나윤설,202601012061,,3,0,A
2026 제6회 태산배 전국 스쿼시 선수권대회,202615131,2026-07-11,여자 12세이하부,개인전,토너먼트,준준결승경기１,전수안,202503006523,,이라엘,202510000870,,0,3,B
2026 제6회 태산배 전국 스쿼시 선수권대회,202615131,2026-07-11,여자 12세이하부,개인전,토너먼트,준준결승경기２,이채빈,202502016148,,김유진,202606012584,,0,3,B
2026 제6회 태산배 전국 스쿼시 선수권대회,202615131,2026-07-11,여자 12세이하부,개인전,토너먼트,준준결승경기３,이유나,202507026685,,박나래,202601012059,,3,1,A
2026 제6회 태산배 전국 스쿼시 선수권대회,202615131,2026-07-11,여자 12세이하부,개인전,토너먼트,준준결승경기４,백지원,202503047683,,정서윤,202307004948,,1,3,B
2026 제6회 태산배 전국 스쿼시 선수권대회,202615131,2026-07-11,여자 12세이하부,개인전,토너먼트,준결승경기１,이라엘,202510000870,,김유진,202606012584,,1,3,B
2026 제6회 태산배 전국 스쿼시 선수권대회,202615131,2026-07-11,여자 12세이하부,개인전,토너먼트,준결승경기２,이유나,202507026685,,정서윤,202307004948,,0,3,B
2026 제6회 태산배 전국 스쿼시 선수권대회,202615131,2026-07-11,여자 12세이하부,개인전,토너먼트,결승,김유진,202606012584,,정서윤,202307004948,,3,0,A
2026 제6회 태산배 전국 스쿼시 선수권대회,202615131,2026-07-11,남자 12세이하부,개인전,토너먼트,예선경기２,이지혁,202503026348,,강그루,202411001084,,0,3,B
2026 제6회 태산배 전국 스쿼시 선수권대회,202615131,2026-07-11,남자 12세이하부,개인전,토너먼트,예선경기３,박슬찬,202605007966,,이준서,202305012079,,0,3,B
2026 제6회 태산배 전국 스쿼시 선수권대회,202615131,2026-07-11,남자 12세이하부,개인전,토너먼트,예선경기４,김동건,202411001568,,전수호,202511001686,,3,0,A
2026 제6회 태산배 전국 스쿼시 선수권대회,202615131,2026-07-11,남자 12세이하부,개인전,토너먼트,예선경기５,김시우,202307007967,,송예준,202501003369,,3,0,A
2026 제6회 태산배 전국 스쿼시 선수권대회,202615131,2026-07-11,남자 12세이하부,개인전,토너먼트,예선경기６,박천,202406007468,,강태유,202603003663,,3,0,A
2026 제6회 태산배 전국 스쿼시 선수권대회,202615131,2026-07-11,남자 12세이하부,개인전,토너먼트,예선경기７,최재원,202102002568,,유윤재,202601013283,,3,0,A
2026 제6회 태산배 전국 스쿼시 선수권대회,202615131,2026-07-11,남자 12세이하부,개인전,토너먼트,준준결승경기１,최현욱,202103005535,,강그루,202411001084,,3,0,A
2026 제6회 태산배 전국 스쿼시 선수권대회,202615131,2026-07-11,남자 12세이하부,개인전,토너먼트,준준결승경기２,이준서,202305012079,,김동건,202411001568,,3,0,A
2026 제6회 태산배 전국 스쿼시 선수권대회,202615131,2026-07-11,남자 12세이하부,개인전,토너먼트,준준결승경기３,김시우,202307007967,,박천,202406007468,,0,3,B
2026 제6회 태산배 전국 스쿼시 선수권대회,202615131,2026-07-11,남자 12세이하부,개인전,토너먼트,준준결승경기４,최재원,202102002568,,강예준,202304049424,,0,3,B
2026 제6회 태산배 전국 스쿼시 선수권대회,202615131,2026-07-11,남자 12세이하부,개인전,토너먼트,준결승경기１,최현욱,202103005535,,이준서,202305012079,,3,0,A
2026 제6회 태산배 전국 스쿼시 선수권대회,202615131,2026-07-11,남자 12세이하부,개인전,토너먼트,준결승경기２,박천,202406007468,,강예준,202304049424,,0,3,B
2026 제6회 태산배 전국 스쿼시 선수권대회,202615131,2026-07-11,남자 12세이하부,개인전,토너먼트,결승,최현욱,202103005535,,강예준,202304049424,,2,3,B
2026 제6회 태산배 전국 스쿼시 선수권대회,202615131,2026-07-11,여자 15세이하부,개인전,토너먼트,예선경기２,이하율,202404007406,,이서우,202311002595,,1,3,B
2026 제6회 태산배 전국 스쿼시 선수권대회,202615131,2026-07-11,여자 15세이하부,개인전,토너먼트,준준준결승경기１,구가민,202307000906,,이서우,202311002595,,0,3,B
2026 제6회 태산배 전국 스쿼시 선수권대회,202615131,2026-07-11,여자 15세이하부,개인전,토너먼트,준준준결승경기２,김지은,202008003330,,정지원,202501003289,,2,3,B
2026 제6회 태산배 전국 스쿼시 선수권대회,202615131,2026-07-11,여자 15세이하부,개인전,토너먼트,준준준결승경기３,원지원,202407004535,,홍지우,202307007070,,0,0,B
2026 제6회 태산배 전국 스쿼시 선수권대회,202615131,2026-07-11,여자 15세이하부,개인전,토너먼트,준준준결승경기４,김아린,202303035971,,김예빈,202311001849,,3,0,A
2026 제6회 태산배 전국 스쿼시 선수권대회,202615131,2026-07-11,여자 15세이하부,개인전,토너먼트,준준준결승경기５,구보민,202206006488,,최예영,202307007129,,3,0,A
2026 제6회 태산배 전국 스쿼시 선수권대회,202615131,2026-07-11,여자 15세이하부,개인전,토너먼트,준준준결승경기６,조예슬,202509006454,,서민아,202510009251,,2,3,B
2026 제6회 태산배 전국 스쿼시 선수권대회,202615131,2026-07-11,여자 15세이하부,개인전,토너먼트,준준준결승경기７,서희서,202403017297,,안서율,202403016789,,0,3,B
2026 제6회 태산배 전국 스쿼시 선수권대회,202615131,2026-07-11,여자 15세이하부,개인전,토너먼트,준준준결승경기８,김민주,202507027511,,김예지,202505004782,,3,0,A
2026 제6회 태산배 전국 스쿼시 선수권대회,202615131,2026-07-11,여자 15세이하부,개인전,토너먼트,준준결승경기１,이서우,202311002595,,정지원,202501003289,,3,0,A
2026 제6회 태산배 전국 스쿼시 선수권대회,202615131,2026-07-11,여자 15세이하부,개인전,토너먼트,준준결승경기２,홍지우,202307007070,,김아린,202303035971,,0,3,B
2026 제6회 태산배 전국 스쿼시 선수권대회,202615131,2026-07-11,여자 15세이하부,개인전,토너먼트,준준결승경기３,구보민,202206006488,,서민아,202510009251,,3,0,A
2026 제6회 태산배 전국 스쿼시 선수권대회,202615131,2026-07-11,여자 15세이하부,개인전,토너먼트,준준결승경기４,안서율,202403016789,,김민주,202507027511,,3,0,A
2026 제6회 태산배 전국 스쿼시 선수권대회,202615131,2026-07-11,여자 15세이하부,개인전,토너먼트,준결승경기１,이서우,202311002595,,김아린,202303035971,,3,0,A
2026 제6회 태산배 전국 스쿼시 선수권대회,202615131,2026-07-11,여자 15세이하부,개인전,토너먼트,준결승경기２,구보민,202206006488,,안서율,202403016789,,0,3,B
2026 제6회 태산배 전국 스쿼시 선수권대회,202615131,2026-07-11,여자 15세이하부,개인전,토너먼트,결승,이서우,202311002595,,안서율,202403016789,,3,0,A
2026 제6회 태산배 전국 스쿼시 선수권대회,202615131,2026-07-11,남자 15세이하부,개인전,토너먼트,예선경기２,이석현,202302017098,,조은호,202502000939,,3,0,A
2026 제6회 태산배 전국 스쿼시 선수권대회,202615131,2026-07-11,남자 15세이하부,개인전,토너먼트,예선경기１０,최원준,202309002019,,류지안,202202002116,,0,3,B
2026 제6회 태산배 전국 스쿼시 선수권대회,202615131,2026-07-11,남자 15세이하부,개인전,토너먼트,예선경기１５,김민기,202006003212,,남근후,202508001977,,3,0,A
2026 제6회 태산배 전국 스쿼시 선수권대회,202615131,2026-07-11,남자 15세이하부,개인전,토너먼트,준준준결승경기１,김재후,202601000275,,이석현,202302017098,,0,3,B
2026 제6회 태산배 전국 스쿼시 선수권대회,202615131,2026-07-11,남자 15세이하부,개인전,토너먼트,준준준결승경기２,나우영,201902002440,,하강성,202506002036,,3,0,A
2026 제6회 태산배 전국 스쿼시 선수권대회,202615131,2026-07-11,남자 15세이하부,개인전,토너먼트,준준준결승경기３,김동현,202606000920,,문시후,202603002103,,0,3,B
2026 제6회 태산배 전국 스쿼시 선수권대회,202615131,2026-07-11,남자 15세이하부,개인전,토너먼트,준준준결승경기４,김준수,202305008331,,강연우,202302018875,,0,0,B
2026 제6회 태산배 전국 스쿼시 선수권대회,202615131,2026-07-11,남자 15세이하부,개인전,토너먼트,준준준결승경기５,서예준,202403017121,,류지안,202202002116,,0,3,B
2026 제6회 태산배 전국 스쿼시 선수권대회,202615131,2026-07-11,남자 15세이하부,개인전,토너먼트,준준준결승경기６,김동건,202606000918,,나시빈,202602009330,,0,3,B
2026 제6회 태산배 전국 스쿼시 선수권대회,202615131,2026-07-11,남자 15세이하부,개인전,토너먼트,준준준결승경기７,최규현,202006002884,,송재후,202506002728,,3,0,A
2026 제6회 태산배 전국 스쿼시 선수권대회,202615131,2026-07-11,남자 15세이하부,개인전,토너먼트,준준준결승경기８,김민기,202006003212,,최윤호,202311001127,,3,0,A
2026 제6회 태산배 전국 스쿼시 선수권대회,202615131,2026-07-11,남자 15세이하부,개인전,토너먼트,준준결승경기１,이석현,202302017098,,나우영,201902002440,,3,2,A
2026 제6회 태산배 전국 스쿼시 선수권대회,202615131,2026-07-11,남자 15세이하부,개인전,토너먼트,준준결승경기２,문시후,202603002103,,강연우,202302018875,,0,3,B
2026 제6회 태산배 전국 스쿼시 선수권대회,202615131,2026-07-11,남자 15세이하부,개인전,토너먼트,준준결승경기３,류지안,202202002116,,나시빈,202602009330,,3,0,A
2026 제6회 태산배 전국 스쿼시 선수권대회,202615131,2026-07-11,남자 15세이하부,개인전,토너먼트,준준결승경기４,최규현,202006002884,,김민기,202006003212,,0,3,B
2026 제6회 태산배 전국 스쿼시 선수권대회,202615131,2026-07-11,남자 15세이하부,개인전,토너먼트,준결승경기１,이석현,202302017098,,강연우,202302018875,,1,3,B
2026 제6회 태산배 전국 스쿼시 선수권대회,202615131,2026-07-11,남자 15세이하부,개인전,토너먼트,준결승경기２,류지안,202202002116,,김민기,202006003212,,3,0,A
2026 제6회 태산배 전국 스쿼시 선수권대회,202615131,2026-07-11,남자 15세이하부,개인전,토너먼트,결승,강연우,202302018875,,류지안,202202002116,,1,3,B
2026 제6회 태산배 전국 스쿼시 선수권대회,202615131,2026-07-11,여자 18세이하부,개인전,토너먼트,예선경기２,이해인,202002004113,,안수빈,202507003569,,3,0,A
2026 제6회 태산배 전국 스쿼시 선수권대회,202615131,2026-07-11,여자 18세이하부,개인전,토너먼트,예선경기３,남유비,202202004112,,김태영,202406003305,,3,0,A
2026 제6회 태산배 전국 스쿼시 선수권대회,202615131,2026-07-11,여자 18세이하부,개인전,토너먼트,예선경기６,박소영,202503043401,,강연아,202302018871,,0,3,B
2026 제6회 태산배 전국 스쿼시 선수권대회,202615131,2026-07-11,여자 18세이하부,개인전,토너먼트,예선경기７,이수현,202302014612,,정현아,202207001169,,3,2,A
2026 제6회 태산배 전국 스쿼시 선수권대회,202615131,2026-07-11,여자 18세이하부,개인전,토너먼트,예선경기１０,라우림,202202004038,,이재인,202305008081,,0,3,B
2026 제6회 태산배 전국 스쿼시 선수권대회,202615131,2026-07-11,여자 18세이하부,개인전,토너먼트,예선경기１１,정유빈,202307008532,,김도은,202006003279,,0,3,B
2026 제6회 태산배 전국 스쿼시 선수권대회,202615131,2026-07-11,여자 18세이하부,개인전,토너먼트,예선경기１４,유하영,202507029420,,김희수,202604011310,,0,3,B
2026 제6회 태산배 전국 스쿼시 선수권대회,202615131,2026-07-11,여자 18세이하부,개인전,토너먼트,예선경기１５,나현아,202406007100,,김예은,202008003322,,3,0,A
2026 제6회 태산배 전국 스쿼시 선수권대회,202615131,2026-07-11,여자 18세이하부,개인전,토너먼트,준준준결승경기１,박솔민,202002002489,,이해인,202002004113,,3,0,A
2026 제6회 태산배 전국 스쿼시 선수권대회,202615131,2026-07-11,여자 18세이하부,개인전,토너먼트,준준준결승경기２,남유비,202202004112,,강현이,202507029514,,0,0,A
2026 제6회 태산배 전국 스쿼시 선수권대회,202615131,2026-07-11,여자 18세이하부,개인전,토너먼트,준준준결승경기３,김민주,202311002931,,강연아,202302018871,,0,3,B
2026 제6회 태산배 전국 스쿼시 선수권대회,202615131,2026-07-11,여자 18세이하부,개인전,토너먼트,준준준결승경기４,이수현,202302014612,,장성은,202507003105,,3,0,A
2026 제6회 태산배 전국 스쿼시 선수권대회,202615131,2026-07-11,여자 18세이하부,개인전,토너먼트,준준준결승경기５,김수연,202507003932,,이재인,202305008081,,0,3,B
2026 제6회 태산배 전국 스쿼시 선수권대회,202615131,2026-07-11,여자 18세이하부,개인전,토너먼트,준준준결승경기６,김도은,202006003279,,문하람,202002004153,,3,1,A
2026 제6회 태산배 전국 스쿼시 선수권대회,202615131,2026-07-11,여자 18세이하부,개인전,토너먼트,준준준결승경기７,신소연,202404001466,,김희수,202604011310,,0,0,B
2026 제6회 태산배 전국 스쿼시 선수권대회,202615131,2026-07-11,여자 18세이하부,개인전,토너먼트,준준준결승경기８,나현아,202406007100,,정단아,202207001150,,1,3,B
2026 제6회 태산배 전국 스쿼시 선수권대회,202615131,2026-07-11,여자 18세이하부,개인전,토너먼트,준준결승경기１,박솔민,202002002489,,남유비,202202004112,,3,0,A
2026 제6회 태산배 전국 스쿼시 선수권대회,202615131,2026-07-11,여자 18세이하부,개인전,토너먼트,준준결승경기２,강연아,202302018871,,이수현,202302014612,,1,3,B
2026 제6회 태산배 전국 스쿼시 선수권대회,202615131,2026-07-11,여자 18세이하부,개인전,토너먼트,준준결승경기３,이재인,202305008081,,김도은,202006003279,,3,1,A
2026 제6회 태산배 전국 스쿼시 선수권대회,202615131,2026-07-11,여자 18세이하부,개인전,토너먼트,준준결승경기４,김희수,202604011310,,정단아,202207001150,,0,3,B
2026 제6회 태산배 전국 스쿼시 선수권대회,202615131,2026-07-11,여자 18세이하부,개인전,토너먼트,준결승경기１,박솔민,202002002489,,이수현,202302014612,,3,0,A
2026 제6회 태산배 전국 스쿼시 선수권대회,202615131,2026-07-11,여자 18세이하부,개인전,토너먼트,준결승경기２,이재인,202305008081,,정단아,202207001150,,3,0,A
2026 제6회 태산배 전국 스쿼시 선수권대회,202615131,2026-07-11,여자 18세이하부,개인전,토너먼트,결승,박솔민,202002002489,,이재인,202305008081,,3,0,A
2026 제6회 태산배 전국 스쿼시 선수권대회,202615131,2026-07-11,여자 18세이하부,단체전,토너먼트,예선경기２,김천한일고등학교,,,천안월봉고등학교,,,2,1,A
2026 제6회 태산배 전국 스쿼시 선수권대회,202615131,2026-07-11,여자 18세이하부,단체전,토너먼트,준결승경기１,인천광역시스쿼시연맹,,,김천한일고등학교,,,1,2,B
2026 제6회 태산배 전국 스쿼시 선수권대회,202615131,2026-07-11,여자 18세이하부,단체전,토너먼트,준결승경기２,경상남도스쿼시연맹,,,서울특별시스쿼시연맹,,,0,0,A
2026 제6회 태산배 전국 스쿼시 선수권대회,202615131,2026-07-11,여자 18세이하부,단체전,토너먼트,결승,김천한일고등학교,,,경상남도스쿼시연맹,,,0,2,B
2026 제6회 태산배 전국 스쿼시 선수권대회,202615131,2026-07-11,여자 18세이하부,복식,토너먼트,예선경기２,"장성은, 남유비",,,"김수연, 문하람",,,2,0,A
2026 제6회 태산배 전국 스쿼시 선수권대회,202615131,2026-07-11,여자 18세이하부,복식,토너먼트,준결승경기１,"김하늘, 강현지",,,"장성은, 남유비",,,0,2,B
2026 제6회 태산배 전국 스쿼시 선수권대회,202615131,2026-07-11,여자 18세이하부,복식,토너먼트,준결승경기２,"나현아, 라우림",,,"박솔민, 김태영",,,0,2,B
2026 제6회 태산배 전국 스쿼시 선수권대회,202615131,2026-07-11,여자 18세이하부,복식,토너먼트,결승,"장성은, 남유비",,,"박솔민, 김태영",,,0,2,B
2026 제6회 태산배 전국 스쿼시 선수권대회,202615131,2026-07-11,남자 18세이하부,개인전,토너먼트,예선경기２,구건휘,202206008055,,김현,202303001958,,0,3,B
2026 제6회 태산배 전국 스쿼시 선수권대회,202615131,2026-07-11,남자 18세이하부,개인전,토너먼트,예선경기３,전제민,202507003086,,김재영,202006001038,,0,3,B
2026 제6회 태산배 전국 스쿼시 선수권대회,202615131,2026-07-11,남자 18세이하부,개인전,토너먼트,예선경기６,전서율,201905001623,,신승원,202402018673,,0,0,B
2026 제6회 태산배 전국 스쿼시 선수권대회,202615131,2026-07-11,남자 18세이하부,개인전,토너먼트,예선경기７,장승보,202303008035,,황지호,202306012178,,3,0,A
2026 제6회 태산배 전국 스쿼시 선수권대회,202615131,2026-07-11,남자 18세이하부,개인전,토너먼트,예선경기１０,김경민,202211001200,,노성현,202505005861,,3,0,A
2026 제6회 태산배 전국 스쿼시 선수권대회,202615131,2026-07-11,남자 18세이하부,개인전,토너먼트,예선경기１１,어준서,202411001569,,윤종현,202204001156,,0,0,A
2026 제6회 태산배 전국 스쿼시 선수권대회,202615131,2026-07-11,남자 18세이하부,개인전,토너먼트,예선경기１４,오지훈,202307006557,,김민준,201903012665,,3,0,A
2026 제6회 태산배 전국 스쿼시 선수권대회,202615131,2026-07-11,남자 18세이하부,개인전,토너먼트,예선경기１５,윤태훈,202209003037,,김민재,202303000324,,3,2,A
2026 제6회 태산배 전국 스쿼시 선수권대회,202615131,2026-07-11,남자 18세이하부,개인전,토너먼트,준준준결승경기１,김찬영,202203001906,,김현,202303001958,,1,3,B
2026 제6회 태산배 전국 스쿼시 선수권대회,202615131,2026-07-11,남자 18세이하부,개인전,토너먼트,준준준결승경기２,김재영,202006001038,,현종선,202302017920,,3,2,A
2026 제6회 태산배 전국 스쿼시 선수권대회,202615131,2026-07-11,남자 18세이하부,개인전,토너먼트,준준준결승경기３,이동화,202007000243,,신승원,202402018673,,3,0,A
2026 제6회 태산배 전국 스쿼시 선수권대회,202615131,2026-07-11,남자 18세이하부,개인전,토너먼트,준준준결승경기４,장승보,202303008035,,김건우,202409001518,,3,1,A
2026 제6회 태산배 전국 스쿼시 선수권대회,202615131,2026-07-11,남자 18세이하부,개인전,토너먼트,준준준결승경기５,김지완,202407009605,,김경민,202211001200,,3,0,A
2026 제6회 태산배 전국 스쿼시 선수권대회,202615131,2026-07-11,남자 18세이하부,개인전,토너먼트,준준준결승경기６,어준서,202411001569,,김성주,202203007369,,0,3,B
2026 제6회 태산배 전국 스쿼시 선수권대회,202615131,2026-07-11,남자 18세이하부,개인전,토너먼트,준준준결승경기７,황승조,202402001062,,오지훈,202307006557,,0,3,B
2026 제6회 태산배 전국 스쿼시 선수권대회,202615131,2026-07-11,남자 18세이하부,개인전,토너먼트,준준준결승경기８,윤태훈,202209003037,,윤하성,202502001198,,3,0,A
2026 제6회 태산배 전국 스쿼시 선수권대회,202615131,2026-07-11,남자 18세이하부,개인전,토너먼트,준준결승경기１,김현,202303001958,,김재영,202006001038,,3,0,A
2026 제6회 태산배 전국 스쿼시 선수권대회,202615131,2026-07-11,남자 18세이하부,개인전,토너먼트,준준결승경기２,이동화,202007000243,,장승보,202303008035,,2,3,B
2026 제6회 태산배 전국 스쿼시 선수권대회,202615131,2026-07-11,남자 18세이하부,개인전,토너먼트,준준결승경기３,김지완,202407009605,,김성주,202203007369,,3,1,A
2026 제6회 태산배 전국 스쿼시 선수권대회,202615131,2026-07-11,남자 18세이하부,개인전,토너먼트,준준결승경기４,오지훈,202307006557,,윤태훈,202209003037,,3,2,A
2026 제6회 태산배 전국 스쿼시 선수권대회,202615131,2026-07-11,남자 18세이하부,개인전,토너먼트,준결승경기１,김현,202303001958,,장승보,202303008035,,3,1,A
2026 제6회 태산배 전국 스쿼시 선수권대회,202615131,2026-07-11,남자 18세이하부,개인전,토너먼트,준결승경기２,김지완,202407009605,,오지훈,202307006557,,3,1,A
2026 제6회 태산배 전국 스쿼시 선수권대회,202615131,2026-07-11,남자 18세이하부,개인전,토너먼트,결승,김현,202303001958,,김지완,202407009605,,3,0,A
2026 제6회 태산배 전국 스쿼시 선수권대회,202615131,2026-07-11,남자 18세이하부,단체전,토너먼트,예선경기１,오남고등학교,,,언양고등학교,,,0,2,B
2026 제6회 태산배 전국 스쿼시 선수권대회,202615131,2026-07-11,남자 18세이하부,단체전,토너먼트,예선경기２,경상남도스쿼시연맹,,,서울특별시스쿼시연맹,,,1,2,B
2026 제6회 태산배 전국 스쿼시 선수권대회,202615131,2026-07-11,남자 18세이하부,단체전,토너먼트,예선경기３,천안월봉고등학교,,,인천 대건고등학교,,,1,2,B
2026 제6회 태산배 전국 스쿼시 선수권대회,202615131,2026-07-11,남자 18세이하부,단체전,토너먼트,예선경기４,군포시스쿼시연맹,,,와룡고등학교,,,0,0,B
2026 제6회 태산배 전국 스쿼시 선수권대회,202615131,2026-07-11,남자 18세이하부,단체전,토너먼트,준결승경기１,언양고등학교,,,서울특별시스쿼시연맹,,,2,0,A
2026 제6회 태산배 전국 스쿼시 선수권대회,202615131,2026-07-11,남자 18세이하부,단체전,토너먼트,준결승경기２,인천 대건고등학교,,,와룡고등학교,,,2,0,A
2026 제6회 태산배 전국 스쿼시 선수권대회,202615131,2026-07-11,남자 18세이하부,단체전,토너먼트,결승,언양고등학교,,,인천 대건고등학교,,,2,0,A
2026 제6회 태산배 전국 스쿼시 선수권대회,202615131,2026-07-11,여자 대학부,개인전,토너먼트,예선경기２,김유빈,202302015267,,김소윤,202307002569,,1,3,B
2026 제6회 태산배 전국 스쿼시 선수권대회,202615131,2026-07-11,여자 대학부,개인전,토너먼트,준준결승경기１,서예은,202206004756,,김소윤,202307002569,,3,0,A
2026 제6회 태산배 전국 스쿼시 선수권대회,202615131,2026-07-11,여자 대학부,개인전,토너먼트,준준결승경기２,김태연,201605003414,,남지윤,202203011255,,0,0,B
2026 제6회 태산배 전국 스쿼시 선수권대회,202615131,2026-07-11,여자 대학부,개인전,토너먼트,준준결승경기３,조예림,202006001243,,정수아,202307002127,,3,1,A
2026 제6회 태산배 전국 스쿼시 선수권대회,202615131,2026-07-11,여자 대학부,개인전,토너먼트,준준결승경기４,엄준,201804000231,,김하연,201503006905,,0,3,B
2026 제6회 태산배 전국 스쿼시 선수권대회,202615131,2026-07-11,여자 대학부,개인전,토너먼트,준결승경기１,서예은,202206004756,,남지윤,202203011255,,3,1,A
2026 제6회 태산배 전국 스쿼시 선수권대회,202615131,2026-07-11,여자 대학부,개인전,토너먼트,준결승경기２,조예림,202006001243,,김하연,201503006905,,3,0,A
2026 제6회 태산배 전국 스쿼시 선수권대회,202615131,2026-07-11,여자 대학부,개인전,토너먼트,결승,서예은,202206004756,,조예림,202006001243,,0,3,B
2026 제6회 태산배 전국 스쿼시 선수권대회,202615131,2026-07-11,여자 대학부,복식,리그전,1R / A조,"조예림, 남지윤",,,"김태연, 서예은",,,2,1,A
2026 제6회 태산배 전국 스쿼시 선수권대회,202615131,2026-07-11,여자 대학부,복식,리그전,1R / A조,"정수아, 김소윤",,,"김태연, 서예은",,,2,1,A
2026 제6회 태산배 전국 스쿼시 선수권대회,202615131,2026-07-11,여자 대학부,복식,리그전,1R / A조,"정수아, 김소윤",,,"조예림, 남지윤",,,0,2,B
2026 제6회 태산배 전국 스쿼시 선수권대회,202615131,2026-07-11,남자 대학부,개인전,토너먼트,예선경기２,정광민,202103008002,,이상엽,202304048505,,1,3,B
2026 제6회 태산배 전국 스쿼시 선수권대회,202615131,2026-07-11,남자 대학부,개인전,토너먼트,예선경기３,이성빈,202302013707,,안동현,202305015908,,3,0,A
2026 제6회 태산배 전국 스쿼시 선수권대회,202615131,2026-07-11,남자 대학부,개인전,토너먼트,예선경기６,곽서준,201903006257,,김동하,202207005619,,0,3,B
2026 제6회 태산배 전국 스쿼시 선수권대회,202615131,2026-07-11,남자 대학부,개인전,토너먼트,예선경기７,함동현,202307006269,,구동현,201402010302,,3,0,A
2026 제6회 태산배 전국 스쿼시 선수권대회,202615131,2026-07-11,남자 대학부,개인전,토너먼트,준준결승경기１,이라온,201602011151,,이상엽,202304048505,,3,0,A
2026 제6회 태산배 전국 스쿼시 선수권대회,202615131,2026-07-11,남자 대학부,개인전,토너먼트,준준결승경기２,이성빈,202302013707,,박민기,202006000140,,0,3,B
2026 제6회 태산배 전국 스쿼시 선수권대회,202615131,2026-07-11,남자 대학부,개인전,토너먼트,준준결승경기３,김준호,202004000367,,김동하,202207005619,,3,0,A
2026 제6회 태산배 전국 스쿼시 선수권대회,202615131,2026-07-11,남자 대학부,개인전,토너먼트,준준결승경기４,함동현,202307006269,,이용욱,201902003971,,0,3,B
2026 제6회 태산배 전국 스쿼시 선수권대회,202615131,2026-07-11,남자 대학부,개인전,토너먼트,준결승경기１,이라온,201602011151,,박민기,202006000140,,2,3,B
2026 제6회 태산배 전국 스쿼시 선수권대회,202615131,2026-07-11,남자 대학부,개인전,토너먼트,준결승경기２,김준호,202004000367,,이용욱,201902003971,,3,0,A
2026 제6회 태산배 전국 스쿼시 선수권대회,202615131,2026-07-11,남자 대학부,개인전,토너먼트,결승,박민기,202006000140,,김준호,202004000367,,3,2,A
2026 제6회 태산배 전국 스쿼시 선수권대회,202615131,2026-07-11,남자 대학부,복식,토너먼트,예선경기１,"김준호, 이용욱",,,"김동하, 안동현",,,1,2,B
2026 제6회 태산배 전국 스쿼시 선수권대회,202615131,2026-07-11,남자 대학부,복식,토너먼트,예선경기２,"구동현, 정광민",,,"이성빈, 곽서준",,,0,2,B
2026 제6회 태산배 전국 스쿼시 선수권대회,202615131,2026-07-11,남자 대학부,복식,토너먼트,결승,"김동하, 안동현",,,"이성빈, 곽서준",,,1,2,B
2026 제6회 태산배 전국 스쿼시 선수권대회,202615131,2026-07-11,여자 일반부,개인전,토너먼트,예선경기２,이경진,202203011267,,안은찬,200312014298,,0,3,B
2026 제6회 태산배 전국 스쿼시 선수권대회,202615131,2026-07-11,여자 일반부,개인전,토너먼트,예선경기６,권소원,202404019722,,류보람,201503023001,,0,3,B
2026 제6회 태산배 전국 스쿼시 선수권대회,202615131,2026-07-11,여자 일반부,개인전,토너먼트,예선경기７,조아연,201903004040,,박다송,202204086461,,3,0,A
2026 제6회 태산배 전국 스쿼시 선수권대회,202615131,2026-07-11,여자 일반부,개인전,토너먼트,예선경기１０,김민지,202205118922,,배찬미,200506004011,,0,3,B
2026 제6회 태산배 전국 스쿼시 선수권대회,202615131,2026-07-11,여자 일반부,개인전,토너먼트,예선경기１１,김가람,200505000922,,구보경,201902004370,,3,0,A
2026 제6회 태산배 전국 스쿼시 선수권대회,202615131,2026-07-11,여자 일반부,개인전,토너먼트,예선경기１５,서하민,201703008633,,이자연,202003003272,,3,1,A
2026 제6회 태산배 전국 스쿼시 선수권대회,202615131,2026-07-11,여자 일반부,개인전,토너먼트,준준준결승경기１,서효주,201402001683,,안은찬,200312014298,,1,3,B
2026 제6회 태산배 전국 스쿼시 선수권대회,202615131,2026-07-11,여자 일반부,개인전,토너먼트,준준준결승경기２,오승희,201209002253,,이소진,201503029527,,3,0,A
2026 제6회 태산배 전국 스쿼시 선수권대회,202615131,2026-07-11,여자 일반부,개인전,토너먼트,준준준결승경기３,장예원,201601000670,,류보람,201503023001,,3,2,A
2026 제6회 태산배 전국 스쿼시 선수권대회,202615131,2026-07-11,여자 일반부,개인전,토너먼트,준준준결승경기４,조아연,201903004040,,전아인,201203004577,,0,3,B
2026 제6회 태산배 전국 스쿼시 선수권대회,202615131,2026-07-11,여자 일반부,개인전,토너먼트,준준준결승경기５,양연수,200409006651,,배찬미,200506004011,,0,0,A
2026 제6회 태산배 전국 스쿼시 선수권대회,202615131,2026-07-11,여자 일반부,개인전,토너먼트,준준준결승경기６,김가람,200505000922,,김민희,201402004905,,3,0,A
2026 제6회 태산배 전국 스쿼시 선수권대회,202615131,2026-07-11,여자 일반부,개인전,토너먼트,준준준결승경기７,박상은,201404002146,,곽다연,201302006626,,1,3,B
2026 제6회 태산배 전국 스쿼시 선수권대회,202615131,2026-07-11,여자 일반부,개인전,토너먼트,준준준결승경기８,서하민,201703008633,,허민경,201103015212,,0,0,B
2026 제6회 태산배 전국 스쿼시 선수권대회,202615131,2026-07-11,여자 일반부,개인전,토너먼트,준준결승경기１,안은찬,200312014298,,오승희,201209002253,,2,3,B
2026 제6회 태산배 전국 스쿼시 선수권대회,202615131,2026-07-11,여자 일반부,개인전,토너먼트,준준결승경기２,장예원,201601000670,,전아인,201203004577,,0,3,B
2026 제6회 태산배 전국 스쿼시 선수권대회,202615131,2026-07-11,여자 일반부,개인전,토너먼트,준준결승경기３,양연수,200409006651,,김가람,200505000922,,3,0,A
2026 제6회 태산배 전국 스쿼시 선수권대회,202615131,2026-07-11,여자 일반부,개인전,토너먼트,준준결승경기４,곽다연,201302006626,,허민경,201103015212,,1,3,B
2026 제6회 태산배 전국 스쿼시 선수권대회,202615131,2026-07-11,여자 일반부,개인전,토너먼트,준결승경기１,오승희,201209002253,,전아인,201203004577,,0,3,B
2026 제6회 태산배 전국 스쿼시 선수권대회,202615131,2026-07-11,여자 일반부,개인전,토너먼트,준결승경기２,양연수,200409006651,,허민경,201103015212,,0,3,B
2026 제6회 태산배 전국 스쿼시 선수권대회,202615131,2026-07-11,여자 일반부,개인전,토너먼트,결승,전아인,201203004577,,허민경,201103015212,,3,1,A
2026 제6회 태산배 전국 스쿼시 선수권대회,202615131,2026-07-11,남자 일반부,개인전,토너먼트,예선경기２,이지석,201703004879,,김동우,201503028559,,0,3,B
2026 제6회 태산배 전국 스쿼시 선수권대회,202615131,2026-07-11,남자 일반부,개인전,토너먼트,예선경기３,김석진,201203009405,,한대희,200703025693,,3,0,A
2026 제6회 태산배 전국 스쿼시 선수권대회,202615131,2026-07-11,남자 일반부,개인전,토너먼트,예선경기４,지동현,201507002321,,최호진,201306001130,,3,1,A
2026 제6회 태산배 전국 스쿼시 선수권대회,202615131,2026-07-11,남자 일반부,개인전,토너먼트,예선경기５,강현범,201302006321,,박정식,201103008064,,3,0,A
2026 제6회 태산배 전국 스쿼시 선수권대회,202615131,2026-07-11,남자 일반부,개인전,토너먼트,예선경기６,심규영,201504001319,,김승현,201403012359,,0,3,B
2026 제6회 태산배 전국 스쿼시 선수권대회,202615131,2026-07-11,남자 일반부,개인전,토너먼트,예선경기７,김경훈,200312009405,,한승철,201501001406,,0,3,B
2026 제6회 태산배 전국 스쿼시 선수권대회,202615131,2026-07-11,남자 일반부,개인전,토너먼트,예선경기８,황중찬,200706002344,,강우석,201302005902,,1,3,B
2026 제6회 태산배 전국 스쿼시 선수권대회,202615131,2026-07-11,남자 일반부,개인전,토너먼트,예선경기１０,문석호,201402009240,,김태현,201302005947,,2,3,B
2026 제6회 태산배 전국 스쿼시 선수권대회,202615131,2026-07-11,남자 일반부,개인전,토너먼트,예선경기１１,유승용,200907002704,,진승우,200312004753,,1,3,B
2026 제6회 태산배 전국 스쿼시 선수권대회,202615131,2026-07-11,남자 일반부,개인전,토너먼트,예선경기１２,한승호,201402009248,,유덕재,201104000837,,0,3,B
2026 제6회 태산배 전국 스쿼시 선수권대회,202615131,2026-07-11,남자 일반부,개인전,토너먼트,예선경기１３,류정민,201505003438,,임재현,201402001427,,0,0,B
2026 제6회 태산배 전국 스쿼시 선수권대회,202615131,2026-07-11,남자 일반부,개인전,토너먼트,예선경기１４,오성학,201103013572,,최정운,202206009270,,3,0,A
2026 제6회 태산배 전국 스쿼시 선수권대회,202615131,2026-07-11,남자 일반부,개인전,토너먼트,예선경기１５,유재진,200504008874,,이동민,201302010757,,3,1,A
2026 제6회 태산배 전국 스쿼시 선수권대회,202615131,2026-07-11,남자 일반부,개인전,토너먼트,준준준결승경기１,이동준,201302010744,,김동우,201503028559,,0,0,A
2026 제6회 태산배 전국 스쿼시 선수권대회,202615131,2026-07-11,남자 일반부,개인전,토너먼트,준준준결승경기２,김석진,201203009405,,지동현,201507002321,,2,3,B
2026 제6회 태산배 전국 스쿼시 선수권대회,202615131,2026-07-11,남자 일반부,개인전,토너먼트,준준준결승경기３,강현범,201302006321,,김승현,201403012359,,3,0,A
2026 제6회 태산배 전국 스쿼시 선수권대회,202615131,2026-07-11,남자 일반부,개인전,토너먼트,준준준결승경기４,한승철,201501001406,,강우석,201302005902,,1,3,B
2026 제6회 태산배 전국 스쿼시 선수권대회,202615131,2026-07-11,남자 일반부,개인전,토너먼트,준준준결승경기５,박종명,200803023360,,김태현,201302005947,,3,0,A
2026 제6회 태산배 전국 스쿼시 선수권대회,202615131,2026-07-11,남자 일반부,개인전,토너먼트,준준준결승경기６,진승우,200312004753,,유덕재,201104000837,,0,3,B
2026 제6회 태산배 전국 스쿼시 선수권대회,202615131,2026-07-11,남자 일반부,개인전,토너먼트,준준준결승경기７,임재현,201402001427,,오성학,201103013572,,0,3,B
2026 제6회 태산배 전국 스쿼시 선수권대회,202615131,2026-07-11,남자 일반부,개인전,토너먼트,준준준결승경기８,유재진,200504008874,,고영조,200506001863,,0,0,A
2026 제6회 태산배 전국 스쿼시 선수권대회,202615131,2026-07-11,남자 일반부,개인전,토너먼트,준준결승경기１,이동준,201302010744,,지동현,201507002321,,3,0,A
2026 제6회 태산배 전국 스쿼시 선수권대회,202615131,2026-07-11,남자 일반부,개인전,토너먼트,준준결승경기２,강현범,201302006321,,강우석,201302005902,,2,3,B
2026 제6회 태산배 전국 스쿼시 선수권대회,202615131,2026-07-11,남자 일반부,개인전,토너먼트,준준결승경기３,박종명,200803023360,,유덕재,201104000837,,2,3,B
2026 제6회 태산배 전국 스쿼시 선수권대회,202615131,2026-07-11,남자 일반부,개인전,토너먼트,준준결승경기４,오성학,201103013572,,유재진,200504008874,,3,0,A
2026 제6회 태산배 전국 스쿼시 선수권대회,202615131,2026-07-11,남자 일반부,개인전,토너먼트,준결승경기１,이동준,201302010744,,강우석,201302005902,,0,3,B
2026 제6회 태산배 전국 스쿼시 선수권대회,202615131,2026-07-11,남자 일반부,개인전,토너먼트,준결승경기２,유덕재,201104000837,,오성학,201103013572,,3,2,A
2026 제6회 태산배 전국 스쿼시 선수권대회,202615131,2026-07-11,남자 일반부,개인전,토너먼트,결승,강우석,201302005902,,유덕재,201104000837,,3,0,A
